"title","Archive_Date","date_posted","position","location","url","District","Posting_Source","Posting_Identity_Method","Posting_ID"
"Community Education - Business Instructor (Part-Time)",2026-08-11,"2026-08-10","Part-Time Teacher","Adult Education","https://www.applitrack.com/billings/onlineapp/default.aspx","Billings Public Schools","Direct district board","Source fallback: title + location + posted date (no stable posting URL)","fallback:source-fallbackdirect district boardbillings public schoolscommunity education - business instructor (part-time)adult education2026-08-10#1"
"Speech and Debate Assistant Coach",2026-08-11,"2026-08-05","Athletics","Skyview High School","https://www.applitrack.com/billings/onlineapp/default.aspx","Billings Public Schools","Direct district board","Source fallback: title + location + posted date (no stable posting URL)","fallback:source-fallbackdirect district boardbillings public schoolsspeech and debate assistant coachskyview high school2026-08-05#1"
"Baseball Assistant Coach",2026-08-11,"2026-06-22","Athletics","Senior High School","https://www.applitrack.com/billings/onlineapp/default.aspx","Billings Public Schools","Direct district board","Source fallback: title + location + posted date (no stable posting URL)","fallback:source-fallbackdirect district boardbillings public schoolsbaseball assistant coachsenior high school2026-06-22#1"
"Assistant Boys Soccer Coach",2026-08-11,"2026-07-07","Athletics","Skyview High School","https://www.applitrack.com/billings/onlineapp/default.aspx","Billings Public Schools","Direct district board","Source fallback: title + location + posted date (no stable posting URL)","fallback:source-fallbackdirect district boardbillings public schoolsassistant boys soccer coachskyview high school2026-07-07#1"
"Football Assistant Coach",2026-08-11,"2026-07-15","Athletics","Riverside Middle School","https://www.applitrack.com/billings/onlineapp/default.aspx","Billings Public Schools","Direct district board","Source fallback: title + location + posted date (no stable posting URL)","fallback:source-fallbackdirect district boardbillings public schoolsfootball assistant coachriverside middle school2026-07-15#1"
"Assistant Boys Soccer Coach",2026-08-11,"2026-08-03","Athletics","Senior High School","https://www.applitrack.com/billings/onlineapp/default.aspx","Billings Public Schools","Direct district board","Source fallback: title + location + posted date (no stable posting URL)","fallback:source-fallbackdirect district boardbillings public schoolsassistant boys soccer coachsenior high school2026-08-03#1"
"Football Assistant Coach",2026-08-11,"2026-08-03","Athletics","Medicine Crow Middle School","https://www.applitrack.com/billings/onlineapp/default.aspx","Billings Public Schools","Direct district board","Source fallback: title + location + posted date (no stable posting URL)","fallback:source-fallbackdirect district boardbillings public schoolsfootball assistant coachmedicine crow middle school2026-08-03#1"
"Speech and Debate Assistant Coach",2026-08-11,"2026-04-24","Athletics","Senior High School","https://www.applitrack.com/billings/onlineapp/default.aspx","Billings Public Schools","Direct district board","Source fallback: title + location + posted date (no stable posting URL)","fallback:source-fallbackdirect district boardbillings public schoolsspeech and debate assistant coachsenior high school2026-04-24#1"
"Football Assistant Coach",2026-08-11,"2026-05-12","Athletics","Lewis & Clark Middle School","https://www.applitrack.com/billings/onlineapp/default.aspx","Billings Public Schools","Direct district board","Source fallback: title + location + posted date (no stable posting URL)","fallback:source-fallbackdirect district boardbillings public schoolsfootball assistant coachlewis & clark middle school2026-05-12#1"
"Wrestling Coach",2026-08-11,"2026-05-28","Athletics","Castle Rock Middle School","https://www.applitrack.com/billings/onlineapp/default.aspx","Billings Public Schools","Direct district board","Source fallback: title + location + posted date (no stable posting URL)","fallback:source-fallbackdirect district boardbillings public schoolswrestling coachcastle rock middle school2026-05-28#1"
"Football Assistant Coach",2026-08-11,"2026-08-10","Athletics","Ben Steele Middle School","https://www.applitrack.com/billings/onlineapp/default.aspx","Billings Public Schools","Direct district board","Source fallback: title + location + posted date (no stable posting URL)","fallback:source-fallbackdirect district boardbillings public schoolsfootball assistant coachben steele middle school2026-08-10#1"
"Adaptive Music Specialist (Elementary)",2026-08-11,NA,"Other","August 2026","https://www.applitrack.com/billings/onlineapp/default.aspx","Billings Public Schools","Direct district board","Source fallback: title + location + posted date (no stable posting URL)","fallback:source-fallbackdirect district boardbillings public schoolsadaptive music specialist (elementary)august 2026NA#1"
"Elementary Teachers and Long-Term Assignments (K-5) (2026-2027 School Year)",2026-08-11,NA,"Teacher","August 2026","https://www.applitrack.com/billings/onlineapp/default.aspx","Billings Public Schools","Direct district board","Source fallback: title + location + posted date (no stable posting URL)","fallback:source-fallbackdirect district boardbillings public schoolselementary teachers and long-term assignments (k-5) (2026-2027 school year)august 2026NA#1"
"JROTC Senior Aerospace Science Instructor",2026-08-11,NA,"Teacher","August 2026","https://www.applitrack.com/billings/onlineapp/default.aspx","Billings Public Schools","Direct district board","Source fallback: title + location + posted date (no stable posting URL)","fallback:source-fallbackdirect district boardbillings public schoolsjrotc senior aerospace science instructoraugust 2026NA#1"
"JROTC Aerospace Science Instructor",2026-08-11,NA,"Teacher","August 2026","https://www.applitrack.com/billings/onlineapp/default.aspx","Billings Public Schools","Direct district board","Source fallback: title + location + posted date (no stable posting URL)","fallback:source-fallbackdirect district boardbillings public schoolsjrotc aerospace science instructoraugust 2026NA#1"
"Math Teacher LTA",2026-08-11,"2026-07-28","Teacher","Senior High School","https://www.applitrack.com/billings/onlineapp/default.aspx","Billings Public Schools","Direct district board","Source fallback: title + location + posted date (no stable posting URL)","fallback:source-fallbackdirect district boardbillings public schoolsmath teacher ltasenior high school2026-07-28#1"
"Counselor LTA",2026-08-11,"2026-04-24","Support Services","Medicine Crow Middle School","https://www.applitrack.com/billings/onlineapp/default.aspx","Billings Public Schools","Direct district board","Source fallback: title + location + posted date (no stable posting URL)","fallback:source-fallbackdirect district boardbillings public schoolscounselor ltamedicine crow middle school2026-04-24#1"
"Social Worker (Special Education)",2026-08-11,"2026-06-10","Support Services","Various","https://www.applitrack.com/billings/onlineapp/default.aspx","Billings Public Schools","Direct district board","Source fallback: title + location + posted date (no stable posting URL)","fallback:source-fallbackdirect district boardbillings public schoolssocial worker (special education)various2026-06-10#1"
"Speech Language Pathologist",2026-08-11,"2025-11-24","Support Services","Various","https://www.applitrack.com/billings/onlineapp/default.aspx","Billings Public Schools","Direct district board","Source fallback: title + location + posted date (no stable posting URL)","fallback:source-fallbackdirect district boardbillings public schoolsspeech language pathologistvarious2025-11-24#1"
"Custodian I",2026-08-11,"2026-08-05","Custodial/Maintenance","Various","https://www.applitrack.com/billings/onlineapp/default.aspx","Billings Public Schools","Direct district board","Source fallback: title + location + posted date (no stable posting URL)","fallback:source-fallbackdirect district boardbillings public schoolscustodian ivarious2026-08-05#1"
"Custodian III",2026-08-11,"2026-08-04","Custodial/Maintenance","Various","https://www.applitrack.com/billings/onlineapp/default.aspx","Billings Public Schools","Direct district board","Source fallback: title + location + posted date (no stable posting URL)","fallback:source-fallbackdirect district boardbillings public schoolscustodian iiivarious2026-08-04#1"
"Custodian III",2026-08-11,"2026-07-29","Custodial/Maintenance","Various","https://www.applitrack.com/billings/onlineapp/default.aspx","Billings Public Schools","Direct district board","Source fallback: title + location + posted date (no stable posting URL)","fallback:source-fallbackdirect district boardbillings public schoolscustodian iiivarious2026-07-29#1"
"Painter",2026-08-11,"2026-04-15","Other","Various","https://www.applitrack.com/billings/onlineapp/default.aspx","Billings Public Schools","Direct district board","Source fallback: title + location + posted date (no stable posting URL)","fallback:source-fallbackdirect district boardbillings public schoolspaintervarious2026-04-15#1"
"Math Teacher",2026-08-11,"2026-08-04","Teacher","Riverside Middle School","https://www.applitrack.com/billings/onlineapp/default.aspx","Billings Public Schools","Direct district board","Source fallback: title + location + posted date (no stable posting URL)","fallback:source-fallbackdirect district boardbillings public schoolsmath teacherriverside middle school2026-08-04#1"
"Social Studies Teacher (LTA)",2026-08-11,"2026-07-27","Teacher","Riverside Middle School","https://www.applitrack.com/billings/onlineapp/default.aspx","Billings Public Schools","Direct district board","Source fallback: title + location + posted date (no stable posting URL)","fallback:source-fallbackdirect district boardbillings public schoolssocial studies teacher (lta)riverside middle school2026-07-27#1"
"Technical Education Teacher",2026-08-11,"2026-08-06","Teacher","Castle Rock Middle School","https://www.applitrack.com/billings/onlineapp/default.aspx","Billings Public Schools","Direct district board","Source fallback: title + location + posted date (no stable posting URL)","fallback:source-fallbackdirect district boardbillings public schoolstechnical education teachercastle rock middle school2026-08-06#1"
"Attendance Clerk",2026-08-11,"2026-08-04","Other","Will James Middle School","https://www.applitrack.com/billings/onlineapp/default.aspx","Billings Public Schools","Direct district board","Source fallback: title + location + posted date (no stable posting URL)","fallback:source-fallbackdirect district boardbillings public schoolsattendance clerkwill james middle school2026-08-04#1"
"Attendance Clerk",2026-08-11,"2026-08-05","Other","Riverside Middle School","https://www.applitrack.com/billings/onlineapp/default.aspx","Billings Public Schools","Direct district board","Source fallback: title + location + posted date (no stable posting URL)","fallback:source-fallbackdirect district boardbillings public schoolsattendance clerkriverside middle school2026-08-05#1"
"Human Resources Benefits Specialist",2026-08-11,"2026-08-03","Other","Lincoln Center","https://www.applitrack.com/billings/onlineapp/default.aspx","Billings Public Schools","Direct district board","Source fallback: title + location + posted date (no stable posting URL)","fallback:source-fallbackdirect district boardbillings public schoolshuman resources benefits specialistlincoln center2026-08-03#1"
"Administrative Assistant II (Special Education)",2026-08-11,"2026-08-05","Administration","West High School","https://www.applitrack.com/billings/onlineapp/default.aspx","Billings Public Schools","Direct district board","Source fallback: title + location + posted date (no stable posting URL)","fallback:source-fallbackdirect district boardbillings public schoolsadministrative assistant ii (special education)west high school2026-08-05#1"
"Administrative Assistant III",2026-08-11,"2026-07-22","Administration","Lincoln Center","https://www.applitrack.com/billings/onlineapp/default.aspx","Billings Public Schools","Direct district board","Source fallback: title + location + posted date (no stable posting URL)","fallback:source-fallbackdirect district boardbillings public schoolsadministrative assistant iiilincoln center2026-07-22#1"
"Special Education Teacher K-12 (26/27)",2026-08-11,"2026-08-05","Teacher","Various","https://www.applitrack.com/billings/onlineapp/default.aspx","Billings Public Schools","Direct district board","Source fallback: title + location + posted date (no stable posting URL)","fallback:source-fallbackdirect district boardbillings public schoolsspecial education teacher k-12 (26/27)various2026-08-05#1"
"Special Education Teacher LTA",2026-08-11,"2025-11-19","Teacher","Various","https://www.applitrack.com/billings/onlineapp/default.aspx","Billings Public Schools","Direct district board","Source fallback: title + location + posted date (no stable posting URL)","fallback:source-fallbackdirect district boardbillings public schoolsspecial education teacher ltavarious2025-11-19#1"
"SUBSTITUTE LUNCH DRIVERS and SUBSTITUTE LUNCH DRIVER HELPERS",2026-08-11,NA,"Substitute","Right away","https://www.applitrack.com/billings/onlineapp/default.aspx","Billings Public Schools","Direct district board","Source fallback: title + location + posted date (no stable posting URL)","fallback:source-fallbackdirect district boardbillings public schoolssubstitute lunch drivers and substitute lunch driver helpersright awayNA#1"
"SUBSTITUTE CROSSWALK GUARD",2026-08-11,"2023-02-03","Substitute","Various","https://www.applitrack.com/billings/onlineapp/default.aspx","Billings Public Schools","Direct district board","Source fallback: title + location + posted date (no stable posting URL)","fallback:source-fallbackdirect district boardbillings public schoolssubstitute crosswalk guardvarious2023-02-03#1"
"SUBSTITUTE CUSTODIAN",2026-08-11,"2024-08-15","Substitute","Various","https://www.applitrack.com/billings/onlineapp/default.aspx","Billings Public Schools","Direct district board","Source fallback: title + location + posted date (no stable posting URL)","fallback:source-fallbackdirect district boardbillings public schoolssubstitute custodianvarious2024-08-15#1"
"Substitute Instructional Paraprofessional (Classroom)",2026-08-11,"2023-04-21","Paraprofessional","Various","https://www.applitrack.com/billings/onlineapp/default.aspx","Billings Public Schools","Direct district board","Source fallback: title + location + posted date (no stable posting URL)","fallback:source-fallbackdirect district boardbillings public schoolssubstitute instructional paraprofessional (classroom)various2023-04-21#1"
"Substitute Secretary",2026-08-11,"2023-04-21","Substitute","Various","https://www.applitrack.com/billings/onlineapp/default.aspx","Billings Public Schools","Direct district board","Source fallback: title + location + posted date (no stable posting URL)","fallback:source-fallbackdirect district boardbillings public schoolssubstitute secretaryvarious2023-04-21#1"
"Substitute Special Needs Assistant",2026-08-11,"2023-04-21","Substitute","Various","https://www.applitrack.com/billings/onlineapp/default.aspx","Billings Public Schools","Direct district board","Source fallback: title + location + posted date (no stable posting URL)","fallback:source-fallbackdirect district boardbillings public schoolssubstitute special needs assistantvarious2023-04-21#1"
"SUBSTITUTE GENERAL DUTY ASSISTANT",2026-08-11,"2023-02-03","Substitute","Various","https://www.applitrack.com/billings/onlineapp/default.aspx","Billings Public Schools","Direct district board","Source fallback: title + location + posted date (no stable posting URL)","fallback:source-fallbackdirect district boardbillings public schoolssubstitute general duty assistantvarious2023-02-03#1"
"Substitute Special Education Bus Assistants",2026-08-11,"2023-04-21","Substitute","Various","https://www.applitrack.com/billings/onlineapp/default.aspx","Billings Public Schools","Direct district board","Source fallback: title + location + posted date (no stable posting URL)","fallback:source-fallbackdirect district boardbillings public schoolssubstitute special education bus assistantsvarious2023-04-21#1"
"SUBSTITUTE TEACHERS",2026-08-11,"2024-11-14","Substitute","Various","https://www.applitrack.com/billings/onlineapp/default.aspx","Billings Public Schools","Direct district board","Source fallback: title + location + posted date (no stable posting URL)","fallback:source-fallbackdirect district boardbillings public schoolssubstitute teachersvarious2024-11-14#1"
"Crosswalk Guard",2026-08-11,"2025-08-25","Other","Castle Rock Middle School","https://www.applitrack.com/billings/onlineapp/default.aspx","Billings Public Schools","Direct district board","Source fallback: title + location + posted date (no stable posting URL)","fallback:source-fallbackdirect district boardbillings public schoolscrosswalk guardcastle rock middle school2025-08-25#1"
"Crosswalk Guard",2026-08-11,"2026-03-27","Other","Bitterroot Elementary","https://www.applitrack.com/billings/onlineapp/default.aspx","Billings Public Schools","Direct district board","Source fallback: title + location + posted date (no stable posting URL)","fallback:source-fallbackdirect district boardbillings public schoolscrosswalk guardbitterroot elementary2026-03-27#1"
"Crosswalk Guard",2026-08-11,"2026-08-06","Other","Meadowlark Elementary","https://www.applitrack.com/billings/onlineapp/default.aspx","Billings Public Schools","Direct district board","Source fallback: title + location + posted date (no stable posting URL)","fallback:source-fallbackdirect district boardbillings public schoolscrosswalk guardmeadowlark elementary2026-08-06#1"
"Crosswalk Guard",2026-08-11,"2026-08-05","Other","Burlington Elementary","https://www.applitrack.com/billings/onlineapp/default.aspx","Billings Public Schools","Direct district board","Source fallback: title + location + posted date (no stable posting URL)","fallback:source-fallbackdirect district boardbillings public schoolscrosswalk guardburlington elementary2026-08-05#1"
"Crosswalk Guard",2026-08-11,"2026-08-05","Other","Miles Avenue Elementary","https://www.applitrack.com/billings/onlineapp/default.aspx","Billings Public Schools","Direct district board","Source fallback: title + location + posted date (no stable posting URL)","fallback:source-fallbackdirect district boardbillings public schoolscrosswalk guardmiles avenue elementary2026-08-05#1"
"Crosswalk Guard",2026-08-11,"2026-06-17","Other","Ponderosa Elementary","https://www.applitrack.com/billings/onlineapp/default.aspx","Billings Public Schools","Direct district board","Source fallback: title + location + posted date (no stable posting URL)","fallback:source-fallbackdirect district boardbillings public schoolscrosswalk guardponderosa elementary2026-06-17#1"
"Crosswalk Guard",2026-08-11,"2026-07-27","Other","McKinley Elementary","https://www.applitrack.com/billings/onlineapp/default.aspx","Billings Public Schools","Direct district board","Source fallback: title + location + posted date (no stable posting URL)","fallback:source-fallbackdirect district boardbillings public schoolscrosswalk guardmckinley elementary2026-07-27#1"
"General Duty Assistant (GDA)",2026-08-11,"2026-07-27","Other","McKinley Elementary","https://www.applitrack.com/billings/onlineapp/default.aspx","Billings Public Schools","Direct district board","Source fallback: title + location + posted date (no stable posting URL)","fallback:source-fallbackdirect district boardbillings public schoolsgeneral duty assistant (gda)mckinley elementary2026-07-27#1"
"General Duty Assistant (GDA)",2026-08-11,"2026-07-20","Other","Eagle Cliffs Elementary","https://www.applitrack.com/billings/onlineapp/default.aspx","Billings Public Schools","Direct district board","Source fallback: title + location + posted date (no stable posting URL)","fallback:source-fallbackdirect district boardbillings public schoolsgeneral duty assistant (gda)eagle cliffs elementary2026-07-20#1"
"General Duty Assistant (GDA)",2026-08-11,"2026-08-10","Other","Rose Park Elementary","https://www.applitrack.com/billings/onlineapp/default.aspx","Billings Public Schools","Direct district board","Source fallback: title + location + posted date (no stable posting URL)","fallback:source-fallbackdirect district boardbillings public schoolsgeneral duty assistant (gda)rose park elementary2026-08-10#1"
"General Duty Assistant (GDA)",2026-08-11,"2026-08-05","Other","Miles Avenue Elementary","https://www.applitrack.com/billings/onlineapp/default.aspx","Billings Public Schools","Direct district board","Source fallback: title + location + posted date (no stable posting URL)","fallback:source-fallbackdirect district boardbillings public schoolsgeneral duty assistant (gda)miles avenue elementary2026-08-05#1"
"General Duty Assistant (GDA)",2026-08-11,"2026-08-05","Other","Burlington Elementary","https://www.applitrack.com/billings/onlineapp/default.aspx","Billings Public Schools","Direct district board","Source fallback: title + location + posted date (no stable posting URL)","fallback:source-fallbackdirect district boardbillings public schoolsgeneral duty assistant (gda)burlington elementary2026-08-05#1"
"General Duty Assistant (GDA)",2026-08-11,"2026-02-20","Other","Rose Park Elementary","https://www.applitrack.com/billings/onlineapp/default.aspx","Billings Public Schools","Direct district board","Source fallback: title + location + posted date (no stable posting URL)","fallback:source-fallbackdirect district boardbillings public schoolsgeneral duty assistant (gda)rose park elementary2026-02-20#1"
"General Duty Assistant (GDA)",2026-08-11,"2026-02-25","Other","Beartooth Elementary","https://www.applitrack.com/billings/onlineapp/default.aspx","Billings Public Schools","Direct district board","Source fallback: title + location + posted date (no stable posting URL)","fallback:source-fallbackdirect district boardbillings public schoolsgeneral duty assistant (gda)beartooth elementary2026-02-25#1"
"General Duty Assistant (GDA)",2026-08-11,"2026-08-06","Other","Meadowlark Elementary","https://www.applitrack.com/billings/onlineapp/default.aspx","Billings Public Schools","Direct district board","Source fallback: title + location + posted date (no stable posting URL)","fallback:source-fallbackdirect district boardbillings public schoolsgeneral duty assistant (gda)meadowlark elementary2026-08-06#1"
"General Duty Assistant (GDA)",2026-08-11,"2026-03-09","Other","Big Sky Elementary","https://www.applitrack.com/billings/onlineapp/default.aspx","Billings Public Schools","Direct district board","Source fallback: title + location + posted date (no stable posting URL)","fallback:source-fallbackdirect district boardbillings public schoolsgeneral duty assistant (gda)big sky elementary2026-03-09#1"
"General Duty Assistant (GDA)",2026-08-11,"2026-08-10","Other","Orchard Elementary","https://www.applitrack.com/billings/onlineapp/default.aspx","Billings Public Schools","Direct district board","Source fallback: title + location + posted date (no stable posting URL)","fallback:source-fallbackdirect district boardbillings public schoolsgeneral duty assistant (gda)orchard elementary2026-08-10#1"
"General Duty Assistant (GDA)",2026-08-11,"2026-03-27","Other","Bitterroot Elementary","https://www.applitrack.com/billings/onlineapp/default.aspx","Billings Public Schools","Direct district board","Source fallback: title + location + posted date (no stable posting URL)","fallback:source-fallbackdirect district boardbillings public schoolsgeneral duty assistant (gda)bitterroot elementary2026-03-27#1"
"General Duty Assistant (GDA)",2026-08-11,"2026-01-16","Other","Central Heights Elementary","https://www.applitrack.com/billings/onlineapp/default.aspx","Billings Public Schools","Direct district board","Source fallback: title + location + posted date (no stable posting URL)","fallback:source-fallbackdirect district boardbillings public schoolsgeneral duty assistant (gda)central heights elementary2026-01-16#1"
"General Duty Assistant (GDA)",2026-08-11,"2026-01-22","Other","Broadwater Elementary","https://www.applitrack.com/billings/onlineapp/default.aspx","Billings Public Schools","Direct district board","Source fallback: title + location + posted date (no stable posting URL)","fallback:source-fallbackdirect district boardbillings public schoolsgeneral duty assistant (gda)broadwater elementary2026-01-22#1"
"General Duty Assistant (GDA)",2026-08-11,"2026-06-17","Other","Ponderosa Elementary","https://www.applitrack.com/billings/onlineapp/default.aspx","Billings Public Schools","Direct district board","Source fallback: title + location + posted date (no stable posting URL)","fallback:source-fallbackdirect district boardbillings public schoolsgeneral duty assistant (gda)ponderosa elementary2026-06-17#1"
"General Duty Assistant (GDA)",2026-08-11,"2026-05-05","Other","Alkali Creek Elementary","https://www.applitrack.com/billings/onlineapp/default.aspx","Billings Public Schools","Direct district board","Source fallback: title + location + posted date (no stable posting URL)","fallback:source-fallbackdirect district boardbillings public schoolsgeneral duty assistant (gda)alkali creek elementary2026-05-05#1"
"General Duty Assistant (GDA)",2026-08-11,"2026-06-16","Other","Arrowhead Elementary","https://www.applitrack.com/billings/onlineapp/default.aspx","Billings Public Schools","Direct district board","Source fallback: title + location + posted date (no stable posting URL)","fallback:source-fallbackdirect district boardbillings public schoolsgeneral duty assistant (gda)arrowhead elementary2026-06-16#1"
"General Duty Assistant (GDA)",2026-08-11,"2025-11-11","Other","Broadwater Elementary","https://www.applitrack.com/billings/onlineapp/default.aspx","Billings Public Schools","Direct district board","Source fallback: title + location + posted date (no stable posting URL)","fallback:source-fallbackdirect district boardbillings public schoolsgeneral duty assistant (gda)broadwater elementary2025-11-11#1"
"General Duty Assistant (GDA)",2026-08-11,"2025-08-25","Other","Castle Rock Middle School","https://www.applitrack.com/billings/onlineapp/default.aspx","Billings Public Schools","Direct district board","Source fallback: title + location + posted date (no stable posting URL)","fallback:source-fallbackdirect district boardbillings public schoolsgeneral duty assistant (gda)castle rock middle school2025-08-25#1"
"Instructional Paraprofessional (IPP) (Special Education)",2026-08-11,"2026-01-06","Paraprofessional","Various","https://www.applitrack.com/billings/onlineapp/default.aspx","Billings Public Schools","Direct district board","Source fallback: title + location + posted date (no stable posting URL)","fallback:source-fallbackdirect district boardbillings public schoolsinstructional paraprofessional (ipp) (special education)various2026-01-06#1"
"Interpreter for the Deaf I",2026-08-11,"2026-03-31","Support Services","Various","https://www.applitrack.com/billings/onlineapp/default.aspx","Billings Public Schools","Direct district board","Source fallback: title + location + posted date (no stable posting URL)","fallback:source-fallbackdirect district boardbillings public schoolsinterpreter for the deaf ivarious2026-03-31#1"
"Substitute LPN (Licensed Practical Nurse)",2026-08-11,"2025-05-30","Substitute","Various","https://www.applitrack.com/billings/onlineapp/default.aspx","Billings Public Schools","Direct district board","Source fallback: title + location + posted date (no stable posting URL)","fallback:source-fallbackdirect district boardbillings public schoolssubstitute lpn (licensed practical nurse)various2025-05-30#1"
"Sensory Communication Facilitator",2026-08-11,"2026-08-05","Other","Various","https://www.applitrack.com/billings/onlineapp/default.aspx","Billings Public Schools","Direct district board","Source fallback: title + location + posted date (no stable posting URL)","fallback:source-fallbackdirect district boardbillings public schoolssensory communication facilitatorvarious2026-08-05#1"
"Special Education Bus Assistant",2026-08-11,"2026-07-23","Transportation","Various","https://www.applitrack.com/billings/onlineapp/default.aspx","Billings Public Schools","Direct district board","Source fallback: title + location + posted date (no stable posting URL)","fallback:source-fallbackdirect district boardbillings public schoolsspecial education bus assistantvarious2026-07-23#1"
"Special Needs Assistants (SNA)",2026-08-11,"2026-08-03","Other","Various","https://www.applitrack.com/billings/onlineapp/default.aspx","Billings Public Schools","Direct district board","Source fallback: title + location + posted date (no stable posting URL)","fallback:source-fallbackdirect district boardbillings public schoolsspecial needs assistants (sna)various2026-08-03#1"
"Grant Writer/Audit Specialist",2026-08-11,"2026-08-10","Other","Admin Building","https://www.applitrack.com/mcpsmt/onlineapp/default.aspx","Missoula County Public Schools","Direct district board","Source fallback: title + location + posted date (no stable posting URL)","fallback:source-fallbackdirect district boardmissoula county public schoolsgrant writer/audit specialistadmin building2026-08-10#1"
"Early Literacy Teacher ~ Long-term Substitute",2026-08-11,"2026-08-06","Substitute","Jeannette Rankin Elementary School","https://www.applitrack.com/mcpsmt/onlineapp/default.aspx","Missoula County Public Schools","Direct district board","Source fallback: title + location + posted date (no stable posting URL)","fallback:source-fallbackdirect district boardmissoula county public schoolsearly literacy teacher ~ long-term substitutejeannette rankin elementary school2026-08-06#1"
"Industrial Arts ~ Automotive Teacher (reposted)",2026-08-11,"2026-05-01","Teacher","Sentinel High School","https://www.applitrack.com/mcpsmt/onlineapp/default.aspx","Missoula County Public Schools","Direct district board","Source fallback: title + location + posted date (no stable posting URL)","fallback:source-fallbackdirect district boardmissoula county public schoolsindustrial arts ~ automotive teacher (reposted)sentinel high school2026-05-01#1"
"Mathematics Teacher ~ Long-term Substitute (2 positions)",2026-08-11,"2026-06-11","Substitute","Sentinel High School","https://www.applitrack.com/mcpsmt/onlineapp/default.aspx","Missoula County Public Schools","Direct district board","Source fallback: title + location + posted date (no stable posting URL)","fallback:source-fallbackdirect district boardmissoula county public schoolsmathematics teacher ~ long-term substitute (2 positions)sentinel high school2026-06-11#1"
"Music - Choir Teacher ~ 1 year only (reposted)",2026-08-11,"2026-03-27","Teacher","CS Porter Middle School","https://www.applitrack.com/mcpsmt/onlineapp/default.aspx","Missoula County Public Schools","Direct district board","Source fallback: title + location + posted date (no stable posting URL)","fallback:source-fallbackdirect district boardmissoula county public schoolsmusic - choir teacher ~ 1 year only (reposted)cs porter middle school2026-03-27#1"
"Grade 7 Teacher (Job Share)",2026-08-11,"2026-08-10","Teacher","Meadow Hill Middle School","https://www.applitrack.com/mcpsmt/onlineapp/default.aspx","Missoula County Public Schools","Direct district board","Source fallback: title + location + posted date (no stable posting URL)","fallback:source-fallbackdirect district boardmissoula county public schoolsgrade 7 teacher (job share)meadow hill middle school2026-08-10#1"
"Sp Ed Resource Teacher (3-5)",2026-08-11,"2026-08-10","Teacher","Lowell Elementary School","https://www.applitrack.com/mcpsmt/onlineapp/default.aspx","Missoula County Public Schools","Direct district board","Source fallback: title + location + posted date (no stable posting URL)","fallback:source-fallbackdirect district boardmissoula county public schoolssp ed resource teacher (3-5)lowell elementary school2026-08-10#1"
"Sp Ed Teacher Horizons Ages 18-22 ~ 1 year only (reposted)",2026-08-11,"2026-07-06","Teacher","Various","https://www.applitrack.com/mcpsmt/onlineapp/default.aspx","Missoula County Public Schools","Direct district board","Source fallback: title + location + posted date (no stable posting URL)","fallback:source-fallbackdirect district boardmissoula county public schoolssp ed teacher horizons ages 18-22 ~ 1 year only (reposted)various2026-07-06#1"
"Sp Ed Extended Resource Teacher (K-2)",2026-08-11,"2026-07-29","Teacher","Lowell Elementary School","https://www.applitrack.com/mcpsmt/onlineapp/default.aspx","Missoula County Public Schools","Direct district board","Source fallback: title + location + posted date (no stable posting URL)","fallback:source-fallbackdirect district boardmissoula county public schoolssp ed extended resource teacher (k-2)lowell elementary school2026-07-29#1"
"Assistant Volleyball Coach - Expansion Team - Big Sky High School",2026-08-11,"2026-08-03","Athletics","Big Sky High School","https://www.applitrack.com/mcpsmt/onlineapp/default.aspx","Missoula County Public Schools","Direct district board","Source fallback: title + location + posted date (no stable posting URL)","fallback:source-fallbackdirect district boardmissoula county public schoolsassistant volleyball coach - expansion team - big sky high schoolbig sky high school2026-08-03#1"
"Assistant Boys Soccer Coach - Expansion - Big Sky High School (2 Positions)",2026-08-11,"2026-06-30","Athletics","Big Sky High School","https://www.applitrack.com/mcpsmt/onlineapp/default.aspx","Missoula County Public Schools","Direct district board","Source fallback: title + location + posted date (no stable posting URL)","fallback:source-fallbackdirect district boardmissoula county public schoolsassistant boys soccer coach - expansion - big sky high school (2 positions)big sky high school2026-06-30#1"
"Assistant Football Coach- Big Sky High School",2026-08-11,"2026-06-30","Athletics","Big Sky High School","https://www.applitrack.com/mcpsmt/onlineapp/default.aspx","Missoula County Public Schools","Direct district board","Source fallback: title + location + posted date (no stable posting URL)","fallback:source-fallbackdirect district boardmissoula county public schoolsassistant football coach- big sky high schoolbig sky high school2026-06-30#1"
"Soccer Coach - CS Porter Middle School",2026-08-11,"2026-06-09","Athletics","CS Porter Middle School","https://www.applitrack.com/mcpsmt/onlineapp/default.aspx","Missoula County Public Schools","Direct district board","Source fallback: title + location + posted date (no stable posting URL)","fallback:source-fallbackdirect district boardmissoula county public schoolssoccer coach - cs porter middle schoolcs porter middle school2026-06-09#1"
"Soccer Coach - Meadow Hill Middle School",2026-08-11,"2026-06-09","Athletics","Meadow Hill Middle School","https://www.applitrack.com/mcpsmt/onlineapp/default.aspx","Missoula County Public Schools","Direct district board","Source fallback: title + location + posted date (no stable posting URL)","fallback:source-fallbackdirect district boardmissoula county public schoolssoccer coach - meadow hill middle schoolmeadow hill middle school2026-06-09#1"
"Custodian + Activities Coordinator - Hellgate High School",2026-08-11,"2026-03-24","Custodial/Maintenance","Hellgate High School","https://www.applitrack.com/mcpsmt/onlineapp/default.aspx","Missoula County Public Schools","Direct district board","Source fallback: title + location + posted date (no stable posting URL)","fallback:source-fallbackdirect district boardmissoula county public schoolscustodian + activities coordinator - hellgate high schoolhellgate high school2026-03-24#1"
"Custodian - Washington Middle School",2026-08-11,"2026-08-05","Custodial/Maintenance","Washington Middle School","https://www.applitrack.com/mcpsmt/onlineapp/default.aspx","Missoula County Public Schools","Direct district board","Source fallback: title + location + posted date (no stable posting URL)","fallback:source-fallbackdirect district boardmissoula county public schoolscustodian - washington middle schoolwashington middle school2026-08-05#1"
"Part-Time Custodian - Washington Middle School",2026-08-11,"2026-08-05","Custodial/Maintenance","Washington Middle School","https://www.applitrack.com/mcpsmt/onlineapp/default.aspx","Missoula County Public Schools","Direct district board","Source fallback: title + location + posted date (no stable posting URL)","fallback:source-fallbackdirect district boardmissoula county public schoolspart-time custodian - washington middle schoolwashington middle school2026-08-05#1"
"Part-Time Custodian - Russell Elementary School",2026-08-11,"2026-08-05","Custodial/Maintenance","Russell Elementary School","https://www.applitrack.com/mcpsmt/onlineapp/default.aspx","Missoula County Public Schools","Direct district board","Source fallback: title + location + posted date (no stable posting URL)","fallback:source-fallbackdirect district boardmissoula county public schoolspart-time custodian - russell elementary schoolrussell elementary school2026-08-05#1"
"Custodian - District - Various Locations",2026-08-11,"2026-05-13","Custodial/Maintenance","Various","https://www.applitrack.com/mcpsmt/onlineapp/default.aspx","Missoula County Public Schools","Direct district board","Source fallback: title + location + posted date (no stable posting URL)","fallback:source-fallbackdirect district boardmissoula county public schoolscustodian - district - various locationsvarious2026-05-13#1"
"Assistant Head Cook - Sentinel High School",2026-08-11,"2026-01-05","Food Services","Sentinel High School","https://www.applitrack.com/mcpsmt/onlineapp/default.aspx","Missoula County Public Schools","Direct district board","Source fallback: title + location + posted date (no stable posting URL)","fallback:source-fallbackdirect district boardmissoula county public schoolsassistant head cook - sentinel high schoolsentinel high school2026-01-05#1"
"Cook/Cashier - Washington Middle School",2026-08-11,"2026-08-05","Food Services","Washington Middle School","https://www.applitrack.com/mcpsmt/onlineapp/default.aspx","Missoula County Public Schools","Direct district board","Source fallback: title + location + posted date (no stable posting URL)","fallback:source-fallbackdirect district boardmissoula county public schoolscook/cashier - washington middle schoolwashington middle school2026-08-05#1"
"Food Prep/Cashier - Sentinel High School",2026-08-11,"2026-05-05","Food Services","Sentinel High School","https://www.applitrack.com/mcpsmt/onlineapp/default.aspx","Missoula County Public Schools","Direct district board","Source fallback: title + location + posted date (no stable posting URL)","fallback:source-fallbackdirect district boardmissoula county public schoolsfood prep/cashier - sentinel high schoolsentinel high school2026-05-05#1"
"Noon Duty - Lewis and Clark Elementary - 2 Days/Week",2026-08-11,"2026-08-04","Other","Lewis & Clark Elementary School","https://www.applitrack.com/mcpsmt/onlineapp/default.aspx","Missoula County Public Schools","Direct district board","Source fallback: title + location + posted date (no stable posting URL)","fallback:source-fallbackdirect district boardmissoula county public schoolsnoon duty - lewis and clark elementary - 2 days/weeklewis & clark elementary school2026-08-04#1"
"Noon Duty - Washington Middle School - (4) Positions",2026-08-11,"2026-08-03","Other","Washington Middle School","https://www.applitrack.com/mcpsmt/onlineapp/default.aspx","Missoula County Public Schools","Direct district board","Source fallback: title + location + posted date (no stable posting URL)","fallback:source-fallbackdirect district boardmissoula county public schoolsnoon duty - washington middle school - (4) positionswashington middle school2026-08-03#1"
"Noon Duty - Jeannette Rankin Elementary School",2026-08-11,"2026-08-03","Other","Jeannette Rankin Elementary School","https://www.applitrack.com/mcpsmt/onlineapp/default.aspx","Missoula County Public Schools","Direct district board","Source fallback: title + location + posted date (no stable posting URL)","fallback:source-fallbackdirect district boardmissoula county public schoolsnoon duty - jeannette rankin elementary schooljeannette rankin elementary school2026-08-03#1"
"Noon Duty - Franklin Elementary School - (3) Positions",2026-08-11,"2026-07-27","Other","Franklin Elementary School","https://www.applitrack.com/mcpsmt/onlineapp/default.aspx","Missoula County Public Schools","Direct district board","Source fallback: title + location + posted date (no stable posting URL)","fallback:source-fallbackdirect district boardmissoula county public schoolsnoon duty - franklin elementary school - (3) positionsfranklin elementary school2026-07-27#1"
"Noon Duty - Meadow Hill Middle School - (2) Positions",2026-08-11,"2026-07-28","Other","Meadow Hill Middle School","https://www.applitrack.com/mcpsmt/onlineapp/default.aspx","Missoula County Public Schools","Direct district board","Source fallback: title + location + posted date (no stable posting URL)","fallback:source-fallbackdirect district boardmissoula county public schoolsnoon duty - meadow hill middle school - (2) positionsmeadow hill middle school2026-07-28#1"
"Noon Duty - Rattlesnake Elementary School - (2) Positions",2026-08-11,"2026-07-29","Other","Rattlesnake Elementary School","https://www.applitrack.com/mcpsmt/onlineapp/default.aspx","Missoula County Public Schools","Direct district board","Source fallback: title + location + posted date (no stable posting URL)","fallback:source-fallbackdirect district boardmissoula county public schoolsnoon duty - rattlesnake elementary school - (2) positionsrattlesnake elementary school2026-07-29#1"
"Noon Duty - Lewis and Clark Elementary School",2026-08-11,"2026-07-29","Other","Lewis & Clark Elementary School","https://www.applitrack.com/mcpsmt/onlineapp/default.aspx","Missoula County Public Schools","Direct district board","Source fallback: title + location + posted date (no stable posting URL)","fallback:source-fallbackdirect district boardmissoula county public schoolsnoon duty - lewis and clark elementary schoollewis & clark elementary school2026-07-29#1"
"Paraeducator 2 - Sentinel High School",2026-08-11,"2026-07-29","Paraprofessional","Sentinel High School","https://www.applitrack.com/mcpsmt/onlineapp/default.aspx","Missoula County Public Schools","Direct district board","Source fallback: title + location + posted date (no stable posting URL)","fallback:source-fallbackdirect district boardmissoula county public schoolsparaeducator 2 - sentinel high schoolsentinel high school2026-07-29#1"
"Paraeducator 2 - MCPS District",2026-08-11,"2026-08-05","Paraprofessional","Admin Building","https://www.applitrack.com/mcpsmt/onlineapp/default.aspx","Missoula County Public Schools","Direct district board","Source fallback: title + location + posted date (no stable posting URL)","fallback:source-fallbackdirect district boardmissoula county public schoolsparaeducator 2 - mcps districtadmin building2026-08-05#1"
"Paraeducator 2 - Hawthorne Elementary School",2026-08-11,"2026-08-10","Paraprofessional","Hawthorne Elementary School","https://www.applitrack.com/mcpsmt/onlineapp/default.aspx","Missoula County Public Schools","Direct district board","Source fallback: title + location + posted date (no stable posting URL)","fallback:source-fallbackdirect district boardmissoula county public schoolsparaeducator 2 - hawthorne elementary schoolhawthorne elementary school2026-08-10#1"
"Paraeducator 2 - Part-Time - Hellgate High School",2026-08-11,"2026-08-10","Paraprofessional","Hellgate High School","https://www.applitrack.com/mcpsmt/onlineapp/default.aspx","Missoula County Public Schools","Direct district board","Source fallback: title + location + posted date (no stable posting URL)","fallback:source-fallbackdirect district boardmissoula county public schoolsparaeducator 2 - part-time - hellgate high schoolhellgate high school2026-08-10#1"
"Sign Language Interpreter",2026-08-11,"2026-07-01","Support Services","Admin Building","https://www.applitrack.com/mcpsmt/onlineapp/default.aspx","Missoula County Public Schools","Direct district board","Source fallback: title + location + posted date (no stable posting URL)","fallback:source-fallbackdirect district boardmissoula county public schoolssign language interpreteradmin building2026-07-01#1"
"Permanent Building Substitute - Lewis and Clark Elementary 26/27",2026-08-11,"2026-07-27","Substitute","Lewis & Clark Elementary School","https://www.applitrack.com/mcpsmt/onlineapp/default.aspx","Missoula County Public Schools","Direct district board","Source fallback: title + location + posted date (no stable posting URL)","fallback:source-fallbackdirect district boardmissoula county public schoolspermanent building substitute - lewis and clark elementary 26/27lewis & clark elementary school2026-07-27#1"
"Temporary Building Substitute - Hawthorne Elementary School",2026-08-11,"2026-08-04","Substitute","Hawthorne Elementary School","https://www.applitrack.com/mcpsmt/onlineapp/default.aspx","Missoula County Public Schools","Direct district board","Source fallback: title + location + posted date (no stable posting URL)","fallback:source-fallbackdirect district boardmissoula county public schoolstemporary building substitute - hawthorne elementary schoolhawthorne elementary school2026-08-04#1"
"Substitute Nurse RN and LPN 2025-2026",2026-08-11,"2025-09-26","Substitute","Various","https://www.applitrack.com/mcpsmt/onlineapp/default.aspx","Missoula County Public Schools","Direct district board","Source fallback: title + location + posted date (no stable posting URL)","fallback:source-fallbackdirect district boardmissoula county public schoolssubstitute nurse rn and lpn 2025-2026various2025-09-26#1"
"Substitute Healthcare Assistant",2026-08-11,"2025-10-21","Substitute","Various","https://www.applitrack.com/mcpsmt/onlineapp/default.aspx","Missoula County Public Schools","Direct district board","Source fallback: title + location + posted date (no stable posting URL)","fallback:source-fallbackdirect district boardmissoula county public schoolssubstitute healthcare assistantvarious2025-10-21#1"
"Substitute Teacher / Para 2026-27",2026-08-11,"2026-08-04","Paraprofessional","Various","https://www.applitrack.com/mcpsmt/onlineapp/default.aspx","Missoula County Public Schools","Direct district board","Source fallback: title + location + posted date (no stable posting URL)","fallback:source-fallbackdirect district boardmissoula county public schoolssubstitute teacher / para 2026-27various2026-08-04#1"
"Native American Student Specialist",2026-08-11,"2026-08-03","Other","Admin Building","https://www.applitrack.com/mcpsmt/onlineapp/default.aspx","Missoula County Public Schools","Direct district board","Source fallback: title + location + posted date (no stable posting URL)","fallback:source-fallbackdirect district boardmissoula county public schoolsnative american student specialistadmin building2026-08-03#1"
"Security and Communications Foreman",2026-08-11,"2026-08-04","Other","Maintenance Shop","https://www.applitrack.com/mcpsmt/onlineapp/default.aspx","Missoula County Public Schools","Direct district board","Source fallback: title + location + posted date (no stable posting URL)","fallback:source-fallbackdirect district boardmissoula county public schoolssecurity and communications foremanmaintenance shop2026-08-04#1"
"Substitute School Bus Driver",2026-08-11,"2026-01-23","Substitute","Admin Building","https://www.applitrack.com/mcpsmt/onlineapp/default.aspx","Missoula County Public Schools","Direct district board","Source fallback: title + location + posted date (no stable posting URL)","fallback:source-fallbackdirect district boardmissoula county public schoolssubstitute school bus driveradmin building2026-01-23#1"
"CMR Fall Athletic Events Coordinator",2026-08-11,NA,"Athletics",NA,"https://www.applitrack.com/greatfalls/onlineapp/default.aspx","Great Falls Public Schools","Direct district board","Source fallback: title + location + posted date (no stable posting URL)","fallback:source-fallbackdirect district boardgreat falls public schoolscmr fall athletic events coordinatorNANA#1"
"Cheerleading Advisor - CMR",2026-08-11,"2026-08-05","Athletics","C M Russell High School","https://www.applitrack.com/greatfalls/onlineapp/default.aspx","Great Falls Public Schools","Direct district board","Source fallback: title + location + posted date (no stable posting URL)","fallback:source-fallbackdirect district boardgreat falls public schoolscheerleading advisor - cmrc m russell high school2026-08-05#1"
"Assistant Forensics/Debate Coach - GFHS",2026-08-11,"2025-09-03","Athletics","Great Falls High","https://www.applitrack.com/greatfalls/onlineapp/default.aspx","Great Falls Public Schools","Direct district board","Source fallback: title + location + posted date (no stable posting URL)","fallback:source-fallbackdirect district boardgreat falls public schoolsassistant forensics/debate coach - gfhsgreat falls high2025-09-03#1"
"Crossing Guards and Sub Crossing Guards",2026-08-11,"2026-08-06","Substitute","District-wide","https://www.applitrack.com/greatfalls/onlineapp/default.aspx","Great Falls Public Schools","Direct district board","Source fallback: title + location + posted date (no stable posting URL)","fallback:source-fallbackdirect district boardgreat falls public schoolscrossing guards and sub crossing guardsdistrict-wide2026-08-06#1"
"Elementary Teacher",2026-08-11,"2026-07-23","Teacher","District-wide","https://www.applitrack.com/greatfalls/onlineapp/default.aspx","Great Falls Public Schools","Direct district board","Source fallback: title + location + posted date (no stable posting URL)","fallback:source-fallbackdirect district boardgreat falls public schoolselementary teacherdistrict-wide2026-07-23#1"
"Elementary Instrumental Music Teacher - Strings",2026-08-11,"2026-04-09","Teacher","District-wide","https://www.applitrack.com/greatfalls/onlineapp/default.aspx","Great Falls Public Schools","Direct district board","Source fallback: title + location + posted date (no stable posting URL)","fallback:source-fallbackdirect district boardgreat falls public schoolselementary instrumental music teacher - stringsdistrict-wide2026-04-09#1"
"Elementary General Music Teacher oyo",2026-08-11,"2026-02-06","Teacher","Various","https://www.applitrack.com/greatfalls/onlineapp/default.aspx","Great Falls Public Schools","Direct district board","Source fallback: title + location + posted date (no stable posting URL)","fallback:source-fallbackdirect district boardgreat falls public schoolselementary general music teacher oyovarious2026-02-06#1"
"Health Enhancement Teacher Elementary MS/WH",2026-08-11,"2026-08-06","Teacher","Morningside/Whittier","https://www.applitrack.com/greatfalls/onlineapp/default.aspx","Great Falls Public Schools","Direct district board","Source fallback: title + location + posted date (no stable posting URL)","fallback:source-fallbackdirect district boardgreat falls public schoolshealth enhancement teacher elementary ms/whmorningside/whittier2026-08-06#1"
"Special Education Teacher on Special Assignment, PK-6",2026-08-11,"2026-02-18","Teacher","District-wide","https://www.applitrack.com/greatfalls/onlineapp/default.aspx","Great Falls Public Schools","Direct district board","Source fallback: title + location + posted date (no stable posting URL)","fallback:source-fallbackdirect district boardgreat falls public schoolsspecial education teacher on special assignment, pk-6district-wide2026-02-18#1"
"Special Education Teacher - Elementary",2026-08-11,"2025-10-01","Teacher","Various","https://www.applitrack.com/greatfalls/onlineapp/default.aspx","Great Falls Public Schools","Direct district board","Source fallback: title + location + posted date (no stable posting URL)","fallback:source-fallbackdirect district boardgreat falls public schoolsspecial education teacher - elementaryvarious2025-10-01#1"
"Food Service Employees-various",2026-08-11,"2026-08-05","Food Services","District-wide","https://www.applitrack.com/greatfalls/onlineapp/default.aspx","Great Falls Public Schools","Direct district board","Source fallback: title + location + posted date (no stable posting URL)","fallback:source-fallbackdirect district boardgreat falls public schoolsfood service employees-variousdistrict-wide2026-08-05#1"
"Secondary Teacher 9-12",2026-08-11,NA,"Teacher",NA,"https://www.applitrack.com/greatfalls/onlineapp/default.aspx","Great Falls Public Schools","Direct district board","Source fallback: title + location + posted date (no stable posting URL)","fallback:source-fallbackdirect district boardgreat falls public schoolssecondary teacher 9-12NANA#1"
"Math Teacher oyo CMR",2026-08-11,"2026-06-23","Teacher","C M Russell High School","https://www.applitrack.com/greatfalls/onlineapp/default.aspx","Great Falls Public Schools","Direct district board","Source fallback: title + location + posted date (no stable posting URL)","fallback:source-fallbackdirect district boardgreat falls public schoolsmath teacher oyo cmrc m russell high school2026-06-23#1"
"Broadfield Science Teacher This position is oyo",2026-08-11,"2026-03-13","Teacher","Great Falls High","https://www.applitrack.com/greatfalls/onlineapp/default.aspx","Great Falls Public Schools","Direct district board","Source fallback: title + location + posted date (no stable posting URL)","fallback:source-fallbackdirect district boardgreat falls public schoolsbroadfield science teacher this position is oyogreat falls high2026-03-13#1"
"Special Education Teacher on Special Assignment, 7-12",2026-08-11,"2026-02-18","Teacher","District-wide","https://www.applitrack.com/greatfalls/onlineapp/default.aspx","Great Falls Public Schools","Direct district board","Source fallback: title + location + posted date (no stable posting URL)","fallback:source-fallbackdirect district boardgreat falls public schoolsspecial education teacher on special assignment, 7-12district-wide2026-02-18#1"
"Special Education Teacher – High School",2026-08-11,"2025-10-01","Teacher","Various","https://www.applitrack.com/greatfalls/onlineapp/default.aspx","Great Falls Public Schools","Direct district board","Source fallback: title + location + posted date (no stable posting URL)","fallback:source-fallbackdirect district boardgreat falls public schoolsspecial education teacher – high schoolvarious2025-10-01#1"
"Youth Development Specialist, Indigenous Education",2026-08-11,"2025-07-18","Other","Paris Gibson Education Center","https://www.applitrack.com/greatfalls/onlineapp/default.aspx","Great Falls Public Schools","Direct district board","Source fallback: title + location + posted date (no stable posting URL)","fallback:source-fallbackdirect district boardgreat falls public schoolsyouth development specialist, indigenous educationparis gibson education center2025-07-18#1"
"Custodian - Swing Shift",2026-08-11,"2026-08-06","Custodial/Maintenance","District-wide","https://www.applitrack.com/greatfalls/onlineapp/default.aspx","Great Falls Public Schools","Direct district board","Source fallback: title + location + posted date (no stable posting URL)","fallback:source-fallbackdirect district boardgreat falls public schoolscustodian - swing shiftdistrict-wide2026-08-06#1"
"Board Certified Behavior Analyst (BCBA)",2026-08-11,NA,"Support Services",NA,"https://www.applitrack.com/greatfalls/onlineapp/default.aspx","Great Falls Public Schools","Direct district board","Source fallback: title + location + posted date (no stable posting URL)","fallback:source-fallbackdirect district boardgreat falls public schoolsboard certified behavior analyst (bcba)NANA#1"
"Occupational Therapist",2026-08-11,"2026-07-09","Support Services","District-wide","https://www.applitrack.com/greatfalls/onlineapp/default.aspx","Great Falls Public Schools","Direct district board","Source fallback: title + location + posted date (no stable posting URL)","fallback:source-fallbackdirect district boardgreat falls public schoolsoccupational therapistdistrict-wide2026-07-09#1"
"Physical Therapist",2026-08-11,"2026-02-26","Support Services","District-wide","https://www.applitrack.com/greatfalls/onlineapp/default.aspx","Great Falls Public Schools","Direct district board","Source fallback: title + location + posted date (no stable posting URL)","fallback:source-fallbackdirect district boardgreat falls public schoolsphysical therapistdistrict-wide2026-02-26#1"
"Speech and Language Pathologist",2026-08-11,"2026-07-15","Support Services","District-wide","https://www.applitrack.com/greatfalls/onlineapp/default.aspx","Great Falls Public Schools","Direct district board","Source fallback: title + location + posted date (no stable posting URL)","fallback:source-fallbackdirect district boardgreat falls public schoolsspeech and language pathologistdistrict-wide2026-07-15#1"
"Secondary Teacher 7-8",2026-08-11,NA,"Teacher",NA,"https://www.applitrack.com/greatfalls/onlineapp/default.aspx","Great Falls Public Schools","Direct district board","Source fallback: title + location + posted date (no stable posting URL)","fallback:source-fallbackdirect district boardgreat falls public schoolssecondary teacher 7-8NANA#1"
"Middle School Band Teacher",2026-08-11,"2026-04-17","Teacher","East Middle School","https://www.applitrack.com/greatfalls/onlineapp/default.aspx","Great Falls Public Schools","Direct district board","Source fallback: title + location + posted date (no stable posting URL)","fallback:source-fallbackdirect district boardgreat falls public schoolsmiddle school band teachereast middle school2026-04-17#1"
"Special Education Teacher – Middle School",2026-08-11,"2025-10-01","Teacher","East & North Middle Schools","https://www.applitrack.com/greatfalls/onlineapp/default.aspx","Great Falls Public Schools","Direct district board","Source fallback: title + location + posted date (no stable posting URL)","fallback:source-fallbackdirect district boardgreat falls public schoolsspecial education teacher – middle schooleast & north middle schools2025-10-01#1"
"Academic Achievement Center Para Educator",2026-08-11,NA,"Paraprofessional",NA,"https://www.applitrack.com/greatfalls/onlineapp/default.aspx","Great Falls Public Schools","Direct district board","Source fallback: title + location + posted date (no stable posting URL)","fallback:source-fallbackdirect district boardgreat falls public schoolsacademic achievement center para educatorNANA#1"
"Attendance Office Aide - CMR",2026-08-11,"2026-07-27","Support Services","C M Russell High School","https://www.applitrack.com/greatfalls/onlineapp/default.aspx","Great Falls Public Schools","Direct district board","Source fallback: title + location + posted date (no stable posting URL)","fallback:source-fallbackdirect district boardgreat falls public schoolsattendance office aide - cmrc m russell high school2026-07-27#1"
"Campus Supervisor",2026-08-11,"2024-03-21","Administration","North Middle School","https://www.applitrack.com/greatfalls/onlineapp/default.aspx","Great Falls Public Schools","Direct district board","Source fallback: title + location + posted date (no stable posting URL)","fallback:source-fallbackdirect district boardgreat falls public schoolscampus supervisornorth middle school2024-03-21#1"
"CORE School Teacher Assistant",2026-08-11,"2026-02-01","Teacher","Core School","https://www.applitrack.com/greatfalls/onlineapp/default.aspx","Great Falls Public Schools","Direct district board","Source fallback: title + location + posted date (no stable posting URL)","fallback:source-fallbackdirect district boardgreat falls public schoolscore school teacher assistantcore school2026-02-01#1"
"Lifeguards/Swim Instructor/ Supervisor/Cashier",2026-08-11,"2026-01-06","Support Services","Great Falls High","https://www.applitrack.com/greatfalls/onlineapp/default.aspx","Great Falls Public Schools","Direct district board","Source fallback: title + location + posted date (no stable posting URL)","fallback:source-fallbackdirect district boardgreat falls public schoolslifeguards/swim instructor/ supervisor/cashiergreat falls high2026-01-06#1"
"Special Education Para Educator/Substitutes",2026-08-11,"2026-08-06","Paraprofessional","District-wide","https://www.applitrack.com/greatfalls/onlineapp/default.aspx","Great Falls Public Schools","Direct district board","Source fallback: title + location + posted date (no stable posting URL)","fallback:source-fallbackdirect district boardgreat falls public schoolsspecial education para educator/substitutesdistrict-wide2026-08-06#1"
"Student Skills Assistant",2026-08-11,"2026-08-10","Other","East Middle School","https://www.applitrack.com/greatfalls/onlineapp/default.aspx","Great Falls Public Schools","Direct district board","Source fallback: title + location + posted date (no stable posting URL)","fallback:source-fallbackdirect district boardgreat falls public schoolsstudent skills assistanteast middle school2026-08-10#1"
"Teacher Aide / Overload Teacher Aide / Substitute Teacher Aides",2026-08-11,"2026-08-06","Substitute","District-wide","https://www.applitrack.com/greatfalls/onlineapp/default.aspx","Great Falls Public Schools","Direct district board","Source fallback: title + location + posted date (no stable posting URL)","fallback:source-fallbackdirect district boardgreat falls public schoolsteacher aide / overload teacher aide / substitute teacher aidesdistrict-wide2026-08-06#1"
"Teacher Aide assigned to the Curriculum Library",2026-08-11,"2026-01-13","Support Services","Various","https://www.applitrack.com/greatfalls/onlineapp/default.aspx","Great Falls Public Schools","Direct district board","Source fallback: title + location + posted date (no stable posting URL)","fallback:source-fallbackdirect district boardgreat falls public schoolsteacher aide assigned to the curriculum libraryvarious2026-01-13#1"
"Teacher Aide - NMS",2026-08-11,"2024-09-12","Support Services","North Middle School","https://www.applitrack.com/greatfalls/onlineapp/default.aspx","Great Falls Public Schools","Direct district board","Source fallback: title + location + posted date (no stable posting URL)","fallback:source-fallbackdirect district boardgreat falls public schoolsteacher aide - nmsnorth middle school2024-09-12#1"
"Teacher Aide - EMS",2026-08-11,"2024-10-18","Support Services","East Middle School","https://www.applitrack.com/greatfalls/onlineapp/default.aspx","Great Falls Public Schools","Direct district board","Source fallback: title + location + posted date (no stable posting URL)","fallback:source-fallbackdirect district boardgreat falls public schoolsteacher aide - emseast middle school2024-10-18#1"
"School Psychologist",2026-08-11,"2026-06-05","Support Services","District-wide","https://www.applitrack.com/greatfalls/onlineapp/default.aspx","Great Falls Public Schools","Direct district board","Source fallback: title + location + posted date (no stable posting URL)","fallback:source-fallbackdirect district boardgreat falls public schoolsschool psychologistdistrict-wide2026-06-05#1"
"Administrative Assistant - Food Service",2026-08-11,"2026-06-08","Administration","District Offices Building","https://www.applitrack.com/greatfalls/onlineapp/default.aspx","Great Falls Public Schools","Direct district board","Source fallback: title + location + posted date (no stable posting URL)","fallback:source-fallbackdirect district boardgreat falls public schoolsadministrative assistant - food servicedistrict offices building2026-06-08#1"
"Secretary II - High School Office",2026-08-11,"2026-07-27","Staff","C M Russell High School","https://www.applitrack.com/greatfalls/onlineapp/default.aspx","Great Falls Public Schools","Direct district board","Source fallback: title + location + posted date (no stable posting URL)","fallback:source-fallbackdirect district boardgreat falls public schoolssecretary ii - high school officec m russell high school2026-07-27#1"
"Secretary II - GFHS",2026-08-11,"2026-08-05","Staff","Great Falls High","https://www.applitrack.com/greatfalls/onlineapp/default.aspx","Great Falls Public Schools","Direct district board","Source fallback: title + location + posted date (no stable posting URL)","fallback:source-fallbackdirect district boardgreat falls public schoolssecretary ii - gfhsgreat falls high2026-08-05#1"
"Secretary II – Central Reception",2026-08-11,"2026-08-05","Staff","District Offices Building","https://www.applitrack.com/greatfalls/onlineapp/default.aspx","Great Falls Public Schools","Direct district board","Source fallback: title + location + posted date (no stable posting URL)","fallback:source-fallbackdirect district boardgreat falls public schoolssecretary ii – central receptiondistrict offices building2026-08-05#1"
"Secretary II; Indigenous Education Department",2026-08-11,"2026-06-05","Staff","Indian Education Center","https://www.applitrack.com/greatfalls/onlineapp/default.aspx","Great Falls Public Schools","Direct district board","Source fallback: title + location + posted date (no stable posting URL)","fallback:source-fallbackdirect district boardgreat falls public schoolssecretary ii; indigenous education departmentindian education center2026-06-05#1"
"Substitute Teachers",2026-08-11,"2026-08-06","Substitute","District-wide","https://www.applitrack.com/greatfalls/onlineapp/default.aspx","Great Falls Public Schools","Direct district board","Source fallback: title + location + posted date (no stable posting URL)","fallback:source-fallbackdirect district boardgreat falls public schoolssubstitute teachersdistrict-wide2026-08-06#1"
"Information Security Specialist",2026-08-11,"2026-04-14","Other","District Offices Building","https://www.applitrack.com/greatfalls/onlineapp/default.aspx","Great Falls Public Schools","Direct district board","Source fallback: title + location + posted date (no stable posting URL)","fallback:source-fallbackdirect district boardgreat falls public schoolsinformation security specialistdistrict offices building2026-04-14#1"
"Baseball Head Coach - JV",2026-08-11,"2026-06-15","Athletics","Capital High School","https://www.applitrack.com/helena/onlineapp/default.aspx","Helena Public Schools","Direct district board","Source fallback: title + location + posted date (no stable posting URL)","fallback:source-fallbackdirect district boardhelena public schoolsbaseball head coach - jvcapital high school2026-06-15#1"
"Baseball Head Coach - JV",2026-08-11,"2026-06-15","Athletics","Helena High School","https://www.applitrack.com/helena/onlineapp/default.aspx","Helena Public Schools","Direct district board","Source fallback: title + location + posted date (no stable posting URL)","fallback:source-fallbackdirect district boardhelena public schoolsbaseball head coach - jvhelena high school2026-06-15#1"
"Baseball Assistant Coach",2026-08-11,"2026-06-15","Athletics","Helena High School","https://www.applitrack.com/helena/onlineapp/default.aspx","Helena Public Schools","Direct district board","Source fallback: title + location + posted date (no stable posting URL)","fallback:source-fallbackdirect district boardhelena public schoolsbaseball assistant coachhelena high school2026-06-15#1"
"Baseball Assistant Coach",2026-08-11,"2026-06-15","Athletics","Capital High School","https://www.applitrack.com/helena/onlineapp/default.aspx","Helena Public Schools","Direct district board","Source fallback: title + location + posted date (no stable posting URL)","fallback:source-fallbackdirect district boardhelena public schoolsbaseball assistant coachcapital high school2026-06-15#1"
"Assistant Wrestling Coach",2026-08-11,"2026-06-15","Athletics","Capital High School","https://www.applitrack.com/helena/onlineapp/default.aspx","Helena Public Schools","Direct district board","Source fallback: title + location + posted date (no stable posting URL)","fallback:source-fallbackdirect district boardhelena public schoolsassistant wrestling coachcapital high school2026-06-15#1"
"Head Swim Coach",2026-08-11,"2026-05-04","Athletics","All High Schools","https://www.applitrack.com/helena/onlineapp/default.aspx","Helena Public Schools","Direct district board","Source fallback: title + location + posted date (no stable posting URL)","fallback:source-fallbackdirect district boardhelena public schoolshead swim coachall high schools2026-05-04#1"
"Assistant Speech and Debate Coach",2026-08-11,"2026-05-20","Athletics","Capital High School","https://www.applitrack.com/helena/onlineapp/default.aspx","Helena Public Schools","Direct district board","Source fallback: title + location + posted date (no stable posting URL)","fallback:source-fallbackdirect district boardhelena public schoolsassistant speech and debate coachcapital high school2026-05-20#1"
"Assistant Softball Coach",2026-08-11,"2026-08-03","Athletics","Helena High School","https://www.applitrack.com/helena/onlineapp/default.aspx","Helena Public Schools","Direct district board","Source fallback: title + location + posted date (no stable posting URL)","fallback:source-fallbackdirect district boardhelena public schoolsassistant softball coachhelena high school2026-08-03#1"
"Head Tennis Coach",2026-08-11,"2026-08-03","Athletics","Capital High School","https://www.applitrack.com/helena/onlineapp/default.aspx","Helena Public Schools","Direct district board","Source fallback: title + location + posted date (no stable posting URL)","fallback:source-fallbackdirect district boardhelena public schoolshead tennis coachcapital high school2026-08-03#1"
"Head Cheer Coach",2026-08-11,"2026-08-03","Athletics","Capital High School","https://www.applitrack.com/helena/onlineapp/default.aspx","Helena Public Schools","Direct district board","Source fallback: title + location + posted date (no stable posting URL)","fallback:source-fallbackdirect district boardhelena public schoolshead cheer coachcapital high school2026-08-03#1"
"Assistant Girls Soccer Coach",2026-08-11,"2026-08-05","Athletics","Capital High School","https://www.applitrack.com/helena/onlineapp/default.aspx","Helena Public Schools","Direct district board","Source fallback: title + location + posted date (no stable posting URL)","fallback:source-fallbackdirect district boardhelena public schoolsassistant girls soccer coachcapital high school2026-08-05#1"
"Long Term Substitute High School Counselor",2026-08-11,"2026-07-31","Substitute","Project for Alternative Learning (PAL)","https://www.applitrack.com/helena/onlineapp/default.aspx","Helena Public Schools","Direct district board","Source fallback: title + location + posted date (no stable posting URL)","fallback:source-fallbackdirect district boardhelena public schoolslong term substitute high school counselorproject for alternative learning (pal)2026-07-31#1"
"Payroll Systems Supervisor",2026-08-11,NA,"Administration",NA,"https://www.applitrack.com/helena/onlineapp/default.aspx","Helena Public Schools","Direct district board","Source fallback: title + location + posted date (no stable posting URL)","fallback:source-fallbackdirect district boardhelena public schoolspayroll systems supervisorNANA#1"
"Benefits Coordinator",2026-08-11,NA,"Administration",NA,"https://www.applitrack.com/helena/onlineapp/default.aspx","Helena Public Schools","Direct district board","Source fallback: title + location + posted date (no stable posting URL)","fallback:source-fallbackdirect district boardhelena public schoolsbenefits coordinatorNANA#1"
"Certified Occupational Therapist Assistant (COTA)",2026-08-11,"2026-07-17","Support Services","All Schools","https://www.applitrack.com/helena/onlineapp/default.aspx","Helena Public Schools","Direct district board","Source fallback: title + location + posted date (no stable posting URL)","fallback:source-fallbackdirect district boardhelena public schoolscertified occupational therapist assistant (cota)all schools2026-07-17#1"
"Safety and Security Infrastructure Technician",2026-08-11,NA,"Other",NA,"https://www.applitrack.com/helena/onlineapp/default.aspx","Helena Public Schools","Direct district board","Source fallback: title + location + posted date (no stable posting URL)","fallback:source-fallbackdirect district boardhelena public schoolssafety and security infrastructure technicianNANA#1"
"Substitute Custodians",2026-08-11,NA,"Substitute",NA,"https://www.applitrack.com/helena/onlineapp/default.aspx","Helena Public Schools","Direct district board","Source fallback: title + location + posted date (no stable posting URL)","fallback:source-fallbackdirect district boardhelena public schoolssubstitute custodiansNANA#1"
"Evening Float Custodian",2026-08-11,"2026-06-05","Custodial/Maintenance","Capital High School","https://www.applitrack.com/helena/onlineapp/default.aspx","Helena Public Schools","Direct district board","Source fallback: title + location + posted date (no stable posting URL)","fallback:source-fallbackdirect district boardhelena public schoolsevening float custodiancapital high school2026-06-05#1"
"Evening Custodians",2026-08-11,"2026-06-18","Custodial/Maintenance","Capital High School","https://www.applitrack.com/helena/onlineapp/default.aspx","Helena Public Schools","Direct district board","Source fallback: title + location + posted date (no stable posting URL)","fallback:source-fallbackdirect district boardhelena public schoolsevening custodianscapital high school2026-06-18#1"
"Evening Float Custodian",2026-08-11,"2026-07-16","Custodial/Maintenance","C.R. Anderson Middle School","https://www.applitrack.com/helena/onlineapp/default.aspx","Helena Public Schools","Direct district board","Source fallback: title + location + posted date (no stable posting URL)","fallback:source-fallbackdirect district boardhelena public schoolsevening float custodianc.r. anderson middle school2026-07-16#1"
"Evening Float Custodian",2026-08-11,"2026-07-16","Custodial/Maintenance","Helena High School","https://www.applitrack.com/helena/onlineapp/default.aspx","Helena Public Schools","Direct district board","Source fallback: title + location + posted date (no stable posting URL)","fallback:source-fallbackdirect district boardhelena public schoolsevening float custodianhelena high school2026-07-16#1"
"Administrative Secretary - Transportation",2026-08-11,"2026-07-31","Transportation","Transportation","https://www.applitrack.com/helena/onlineapp/default.aspx","Helena Public Schools","Direct district board","Source fallback: title + location + posted date (no stable posting URL)","fallback:source-fallbackdirect district boardhelena public schoolsadministrative secretary - transportationtransportation2026-07-31#1"
"Special Education Teacher",2026-08-11,NA,"Teacher",NA,"https://www.applitrack.com/helena/onlineapp/default.aspx","Helena Public Schools","Direct district board","Source fallback: title + location + posted date (no stable posting URL)","fallback:source-fallbackdirect district boardhelena public schoolsspecial education teacherNANA#1"
"Physical Therapist",2026-08-11,"2026-06-11","Support Services","District Wide","https://www.applitrack.com/helena/onlineapp/default.aspx","Helena Public Schools","Direct district board","Source fallback: title + location + posted date (no stable posting URL)","fallback:source-fallbackdirect district boardhelena public schoolsphysical therapistdistrict wide2026-06-11#1"
"Occupational Therapist",2026-08-11,"2026-07-17","Support Services","District Wide","https://www.applitrack.com/helena/onlineapp/default.aspx","Helena Public Schools","Direct district board","Source fallback: title + location + posted date (no stable posting URL)","fallback:source-fallbackdirect district boardhelena public schoolsoccupational therapistdistrict wide2026-07-17#1"
"Substitute Teachers (26-27 School Year)",2026-08-11,"2026-07-13","Substitute","District Wide","https://www.applitrack.com/helena/onlineapp/default.aspx","Helena Public Schools","Direct district board","Source fallback: title + location + posted date (no stable posting URL)","fallback:source-fallbackdirect district boardhelena public schoolssubstitute teachers (26-27 school year)district wide2026-07-13#1"
"Substitute Para Educators (Teacher Assistants)",2026-08-11,"2026-07-13","Paraprofessional","District Wide","https://www.applitrack.com/helena/onlineapp/default.aspx","Helena Public Schools","Direct district board","Source fallback: title + location + posted date (no stable posting URL)","fallback:source-fallbackdirect district boardhelena public schoolssubstitute para educators (teacher assistants)district wide2026-07-13#1"
"SACC Lead Teacher",2026-08-11,NA,"Teacher",NA,"https://www.applitrack.com/helena/onlineapp/default.aspx","Helena Public Schools","Direct district board","Source fallback: title + location + posted date (no stable posting URL)","fallback:source-fallbackdirect district boardhelena public schoolssacc lead teacherNANA#1"
"General Education Para Educator (Teacher Assistant)",2026-08-11,"2026-08-07","Paraprofessional","Capital High School","https://www.applitrack.com/helena/onlineapp/default.aspx","Helena Public Schools","Direct district board","Source fallback: title + location + posted date (no stable posting URL)","fallback:source-fallbackdirect district boardhelena public schoolsgeneral education para educator (teacher assistant)capital high school2026-08-07#1"
"KinderSprouts Para Educator (Teacher Assistant)",2026-08-11,"2026-08-11","Paraprofessional","All Elementary Schools","https://www.applitrack.com/helena/onlineapp/default.aspx","Helena Public Schools","Direct district board","Source fallback: title + location + posted date (no stable posting URL)","fallback:source-fallbackdirect district boardhelena public schoolskindersprouts para educator (teacher assistant)all elementary schools2026-08-11#1"
"School Aged Child Care (SACC) Para Educators (Assistant)",2026-08-11,"2026-08-07","Paraprofessional","District Wide","https://www.applitrack.com/helena/onlineapp/default.aspx","Helena Public Schools","Direct district board","Source fallback: title + location + posted date (no stable posting URL)","fallback:source-fallbackdirect district boardhelena public schoolsschool aged child care (sacc) para educators (assistant)district wide2026-08-07#1"
"Level I (Special Education) Para Educator (Teacher Assistant) 2026-2027",2026-08-11,"2026-08-07","Paraprofessional","District Wide","https://www.applitrack.com/helena/onlineapp/default.aspx","Helena Public Schools","Direct district board","Source fallback: title + location + posted date (no stable posting URL)","fallback:source-fallbackdirect district boardhelena public schoolslevel i (special education) para educator (teacher assistant) 2026-2027district wide2026-08-07#1"
"Middle School Level I (Special Education) Para Educator (Teacher Assistant) 2026-2027",2026-08-11,"2026-08-10","Paraprofessional","All Middle Schools","https://www.applitrack.com/helena/onlineapp/default.aspx","Helena Public Schools","Direct district board","Source fallback: title + location + posted date (no stable posting URL)","fallback:source-fallbackdirect district boardhelena public schoolsmiddle school level i (special education) para educator (teacher assistant) 2026-2027all middle schools2026-08-10#1"
"Assistant Wrestling Coaches",2026-08-11,"2026-06-08","Athletics","East Helena High School","https://www.applitrack.com/ehps/onlineapp/default.aspx","East Helena Public Schools","Direct district board","Source fallback: title + location + posted date (no stable posting URL)","fallback:source-fallbackdirect district boardeast helena public schoolsassistant wrestling coacheseast helena high school2026-06-08#1"
"Math Teacher",2026-08-11,"2026-05-29","Teacher","District Wide","https://www.applitrack.com/ehps/onlineapp/default.aspx","East Helena Public Schools","Direct district board","Source fallback: title + location + posted date (no stable posting URL)","fallback:source-fallbackdirect district boardeast helena public schoolsmath teacherdistrict wide2026-05-29#1"
"Paraprofessional",2026-08-11,"2026-08-06","Paraprofessional","District Wide","https://www.applitrack.com/ehps/onlineapp/default.aspx","East Helena Public Schools","Direct district board","Source fallback: title + location + posted date (no stable posting URL)","fallback:source-fallbackdirect district boardeast helena public schoolsparaprofessionaldistrict wide2026-08-06#1"
"Drivers Education Teacher",2026-08-11,"2025-01-02","Teacher","East Helena High School","https://www.applitrack.com/ehps/onlineapp/default.aspx","East Helena Public Schools","Direct district board","Source fallback: title + location + posted date (no stable posting URL)","fallback:source-fallbackdirect district boardeast helena public schoolsdrivers education teachereast helena high school2025-01-02#1"
"6-12 Math Teacher",2026-08-11,"2026-05-29","Teacher","East Helena High School","https://www.applitrack.com/ehps/onlineapp/default.aspx","East Helena Public Schools","Direct district board","Source fallback: title + location + posted date (no stable posting URL)","fallback:source-fallbackdirect district boardeast helena public schools6-12 math teachereast helena high school2026-05-29#1"
"Science Teacher",2026-08-11,"2026-06-15","Teacher","East Helena High School","https://www.applitrack.com/ehps/onlineapp/default.aspx","East Helena Public Schools","Direct district board","Source fallback: title + location + posted date (no stable posting URL)","fallback:source-fallbackdirect district boardeast helena public schoolsscience teachereast helena high school2026-06-15#1"
"Foreign Language Teacher",2026-08-11,"2026-06-01","Teacher","East Valley Middle School","https://www.applitrack.com/ehps/onlineapp/default.aspx","East Helena Public Schools","Direct district board","Source fallback: title + location + posted date (no stable posting URL)","fallback:source-fallbackdirect district boardeast helena public schoolsforeign language teachereast valley middle school2026-06-01#1"
"Kitchen Aid",2026-08-11,"2026-08-06","Support Services","District Wide","https://www.applitrack.com/ehps/onlineapp/default.aspx","East Helena Public Schools","Direct district board","Source fallback: title + location + posted date (no stable posting URL)","fallback:source-fallbackdirect district boardeast helena public schoolskitchen aiddistrict wide2026-08-06#1"
"Custodian",2026-08-11,"2026-06-15","Custodial/Maintenance","District Wide","https://www.applitrack.com/ehps/onlineapp/default.aspx","East Helena Public Schools","Direct district board","Source fallback: title + location + posted date (no stable posting URL)","fallback:source-fallbackdirect district boardeast helena public schoolscustodiandistrict wide2026-06-15#1"
"Substitutes",2026-08-11,"2026-06-15","Substitute","District Wide","https://www.applitrack.com/ehps/onlineapp/default.aspx","East Helena Public Schools","Direct district board","Source fallback: title + location + posted date (no stable posting URL)","fallback:source-fallbackdirect district boardeast helena public schoolssubstitutesdistrict wide2026-06-15#1"
"Instructional Tutor",2026-08-11,"2026-06-23","Support Services","Radley Elementary","https://www.applitrack.com/ehps/onlineapp/default.aspx","East Helena Public Schools","Direct district board","Source fallback: title + location + posted date (no stable posting URL)","fallback:source-fallbackdirect district boardeast helena public schoolsinstructional tutorradley elementary2026-06-23#1"
"Head Athletic Coach | Girls Soccer",2026-08-11,NA,"Athletics",NA,"https://www.applitrack.com/lockwoodschool/onlineapp/default.aspx","Lockwood Schools","Direct district board","Source fallback: title + location + posted date (no stable posting URL)","fallback:source-fallbackdirect district boardlockwood schoolshead athletic coach | girls soccerNANA#1"
"Head Athletic Coach | Boys Soccer",2026-08-11,NA,"Athletics",NA,"https://www.applitrack.com/lockwoodschool/onlineapp/default.aspx","Lockwood Schools","Direct district board","Source fallback: title + location + posted date (no stable posting URL)","fallback:source-fallbackdirect district boardlockwood schoolshead athletic coach | boys soccerNANA#1"
"Athletic Coach | Middle School Volleyball (Multiple Positions Available)",2026-08-11,NA,"Athletics",NA,"https://www.applitrack.com/lockwoodschool/onlineapp/default.aspx","Lockwood Schools","Direct district board","Source fallback: title + location + posted date (no stable posting URL)","fallback:source-fallbackdirect district boardlockwood schoolsathletic coach | middle school volleyball (multiple positions available)NANA#1"
"Athletic Coach | Middle School Cross Country",2026-08-11,NA,"Athletics",NA,"https://www.applitrack.com/lockwoodschool/onlineapp/default.aspx","Lockwood Schools","Direct district board","Source fallback: title + location + posted date (no stable posting URL)","fallback:source-fallbackdirect district boardlockwood schoolsathletic coach | middle school cross countryNANA#1"
"High School Art Teacher",2026-08-11,"2026-06-26","Teacher","Lockwood Schools K-12","https://www.applitrack.com/lockwoodschool/onlineapp/default.aspx","Lockwood Schools","Direct district board","Source fallback: title + location + posted date (no stable posting URL)","fallback:source-fallbackdirect district boardlockwood schoolshigh school art teacherlockwood schools k-122026-06-26#1"
"High School English Teacher",2026-08-11,"2026-07-21","Teacher","Lockwood Schools K-12","https://www.applitrack.com/lockwoodschool/onlineapp/default.aspx","Lockwood Schools","Direct district board","Source fallback: title + location + posted date (no stable posting URL)","fallback:source-fallbackdirect district boardlockwood schoolshigh school english teacherlockwood schools k-122026-07-21#1"
"Mathematics Teacher (Grades 9-12)",2026-08-11,"2026-07-09","Teacher","Lockwood Schools K-12","https://www.applitrack.com/lockwoodschool/onlineapp/default.aspx","Lockwood Schools","Direct district board","Source fallback: title + location + posted date (no stable posting URL)","fallback:source-fallbackdirect district boardlockwood schoolsmathematics teacher (grades 9-12)lockwood schools k-122026-07-09#1"
"Special Education Teacher (Grades K-12)",2026-08-11,"2026-02-23","Teacher","Lockwood Schools K-12","https://www.applitrack.com/lockwoodschool/onlineapp/default.aspx","Lockwood Schools","Direct district board","Source fallback: title + location + posted date (no stable posting URL)","fallback:source-fallbackdirect district boardlockwood schoolsspecial education teacher (grades k-12)lockwood schools k-122026-02-23#1"
"Custodian",2026-08-11,"2024-07-24","Custodial/Maintenance","Lockwood Schools K-12","https://www.applitrack.com/lockwoodschool/onlineapp/default.aspx","Lockwood Schools","Direct district board","Source fallback: title + location + posted date (no stable posting URL)","fallback:source-fallbackdirect district boardlockwood schoolscustodianlockwood schools k-122024-07-24#1"
"Part-Time Crosswalk Guard",2026-08-11,"2025-08-21","Other","Lockwood Schools K-12","https://www.applitrack.com/lockwoodschool/onlineapp/default.aspx","Lockwood Schools","Direct district board","Source fallback: title + location + posted date (no stable posting URL)","fallback:source-fallbackdirect district boardlockwood schoolspart-time crosswalk guardlockwood schools k-122025-08-21#1"
"High School Paraprofessional (Non-Instructional)",2026-08-11,NA,"Paraprofessional","08/2026","https://www.applitrack.com/lockwoodschool/onlineapp/default.aspx","Lockwood Schools","Direct district board","Source fallback: title + location + posted date (no stable posting URL)","fallback:source-fallbackdirect district boardlockwood schoolshigh school paraprofessional (non-instructional)08/2026NA#1"
"Paraprofessional (Non-Instructional)",2026-08-11,NA,"Paraprofessional",NA,"https://www.applitrack.com/lockwoodschool/onlineapp/default.aspx","Lockwood Schools","Direct district board","Source fallback: title + location + posted date (no stable posting URL)","fallback:source-fallbackdirect district boardlockwood schoolsparaprofessional (non-instructional)NANA#1"
"Speech-Language Pathologist (K12) | Part-Time",2026-08-11,"2026-08-05","Support Services","Lockwood Schools K-12","https://www.applitrack.com/lockwoodschool/onlineapp/default.aspx","Lockwood Schools","Direct district board","Source fallback: title + location + posted date (no stable posting URL)","fallback:source-fallbackdirect district boardlockwood schoolsspeech-language pathologist (k12) | part-timelockwood schools k-122026-08-05#1"
"Substitute Teachers, Paras, Secretary",2026-08-11,"2024-07-24","Paraprofessional","Lockwood Schools K-12","https://www.applitrack.com/lockwoodschool/onlineapp/default.aspx","Lockwood Schools","Direct district board","Source fallback: title + location + posted date (no stable posting URL)","fallback:source-fallbackdirect district boardlockwood schoolssubstitute teachers, paras, secretarylockwood schools k-122024-07-24#1"
"Bus Aide",2026-08-11,NA,"Support Services",NA,"https://www.applitrack.com/lockwoodschool/onlineapp/default.aspx","Lockwood Schools","Direct district board","Source fallback: title + location + posted date (no stable posting URL)","fallback:source-fallbackdirect district boardlockwood schoolsbus aideNANA#1"
"Daycare Aide | Part-Time",2026-08-11,NA,"Support Services",NA,"https://www.applitrack.com/lockwoodschool/onlineapp/default.aspx","Lockwood Schools","Direct district board","Source fallback: title + location + posted date (no stable posting URL)","fallback:source-fallbackdirect district boardlockwood schoolsdaycare aide | part-timeNANA#1"
"High School Assistant Football Coach",2026-08-11,NA,"Athletics","2026-27 School Year","https://www.applitrack.com/havre/onlineapp/default.aspx","Havre Public Schools","Direct district board","Source fallback: title + location + posted date (no stable posting URL)","fallback:source-fallbackdirect district boardhavre public schoolshigh school assistant football coach2026-27 school yearNA#1"
"High School Assistant Swim Coach",2026-08-11,NA,"Athletics","2026-27 School Year","https://www.applitrack.com/havre/onlineapp/default.aspx","Havre Public Schools","Direct district board","Source fallback: title + location + posted date (no stable posting URL)","fallback:source-fallbackdirect district boardhavre public schoolshigh school assistant swim coach2026-27 school yearNA#1"
"High School Assistant Band Director",2026-08-11,NA,"Administration","2026-27 School Year","https://www.applitrack.com/havre/onlineapp/default.aspx","Havre Public Schools","Direct district board","Source fallback: title + location + posted date (no stable posting URL)","fallback:source-fallbackdirect district boardhavre public schoolshigh school assistant band director2026-27 school yearNA#1"
"Elementary Special Education Teacher",2026-08-11,NA,"Teacher","2026-27 School Year","https://www.applitrack.com/havre/onlineapp/default.aspx","Havre Public Schools","Direct district board","Source fallback: title + location + posted date (no stable posting URL)","fallback:source-fallbackdirect district boardhavre public schoolselementary special education teacher2026-27 school yearNA#1"
"Helper - School Food Service",2026-08-11,NA,"Food Services","02/25/2026","https://www.applitrack.com/havre/onlineapp/default.aspx","Havre Public Schools","Direct district board","Source fallback: title + location + posted date (no stable posting URL)","fallback:source-fallbackdirect district boardhavre public schoolshelper - school food service02/25/2026NA#1"
"Substitute Food Service Helper",2026-08-11,NA,"Substitute",NA,"https://www.applitrack.com/havre/onlineapp/default.aspx","Havre Public Schools","Direct district board","Source fallback: title + location + posted date (no stable posting URL)","fallback:source-fallbackdirect district boardhavre public schoolssubstitute food service helperNANA#1"
"High School English Teacher",2026-08-11,"2026-04-29","Teacher","Havre High School","https://www.applitrack.com/havre/onlineapp/default.aspx","Havre Public Schools","Direct district board","Source fallback: title + location + posted date (no stable posting URL)","fallback:source-fallbackdirect district boardhavre public schoolshigh school english teacherhavre high school2026-04-29#1"
"High School Math Teacher",2026-08-11,"2026-01-16","Teacher","Havre High School","https://www.applitrack.com/havre/onlineapp/default.aspx","Havre Public Schools","Direct district board","Source fallback: title + location + posted date (no stable posting URL)","fallback:source-fallbackdirect district boardhavre public schoolshigh school math teacherhavre high school2026-01-16#1"
"Middle School Teacher",2026-08-11,NA,"Teacher","2026-27 School Year","https://www.applitrack.com/havre/onlineapp/default.aspx","Havre Public Schools","Direct district board","Source fallback: title + location + posted date (no stable posting URL)","fallback:source-fallbackdirect district boardhavre public schoolsmiddle school teacher2026-27 school yearNA#1"
"Middle School English Language Arts Teacher",2026-08-11,NA,"Teacher","2026-27 School Year","https://www.applitrack.com/havre/onlineapp/default.aspx","Havre Public Schools","Direct district board","Source fallback: title + location + posted date (no stable posting URL)","fallback:source-fallbackdirect district boardhavre public schoolsmiddle school english language arts teacher2026-27 school yearNA#1"
"Speech Language Pathologist",2026-08-11,"2025-03-18","Support Services","District Wide","https://www.applitrack.com/havre/onlineapp/default.aspx","Havre Public Schools","Direct district board","Source fallback: title + location + posted date (no stable posting URL)","fallback:source-fallbackdirect district boardhavre public schoolsspeech language pathologistdistrict wide2025-03-18#1"
"Substitute Teacher",2026-08-11,"2024-08-21","Substitute","District Wide","https://www.applitrack.com/havre/onlineapp/default.aspx","Havre Public Schools","Direct district board","Source fallback: title + location + posted date (no stable posting URL)","fallback:source-fallbackdirect district boardhavre public schoolssubstitute teacherdistrict wide2024-08-21#1"
"Relief Bus Driver",2026-08-11,NA,"Transportation",NA,"https://www.applitrack.com/havre/onlineapp/default.aspx","Havre Public Schools","Direct district board","Source fallback: title + location + posted date (no stable posting URL)","fallback:source-fallbackdirect district boardhavre public schoolsrelief bus driverNANA#1"
"Paraprofessional",2026-08-11,"2024-08-21","Paraprofessional","District Wide","https://www.applitrack.com/havre/onlineapp/default.aspx","Havre Public Schools","Direct district board","Source fallback: title + location + posted date (no stable posting URL)","fallback:source-fallbackdirect district boardhavre public schoolsparaprofessionaldistrict wide2024-08-21#1"
"Assistant Girls Basketball Coach (DCHS)",2026-08-11,"2026-07-09","Athletics","Dawson County High School","https://www.applitrack.com/glendiveschools/onlineapp/default.aspx","Glendive Public Schools","Direct district board","Source fallback: title + location + posted date (no stable posting URL)","fallback:source-fallbackdirect district boardglendive public schoolsassistant girls basketball coach (dchs)dawson county high school2026-07-09#1"
"Substitute Teacher / Paraprofessional",2026-08-11,"2026-07-09","Paraprofessional","Glendive Public Schools","https://www.applitrack.com/glendiveschools/onlineapp/default.aspx","Glendive Public Schools","Direct district board","Source fallback: title + location + posted date (no stable posting URL)","fallback:source-fallbackdirect district boardglendive public schoolssubstitute teacher / paraprofessionalglendive public schools2026-07-09#1"
"Substitute Cook",2026-08-11,"2026-07-09","Substitute","Glendive Public Schools","https://www.applitrack.com/glendiveschools/onlineapp/default.aspx","Glendive Public Schools","Direct district board","Source fallback: title + location + posted date (no stable posting URL)","fallback:source-fallbackdirect district boardglendive public schoolssubstitute cookglendive public schools2026-07-09#1"
"High School Drivers Education Teacher",2026-08-11,"2026-07-09","Teacher","Dawson County High School","https://www.applitrack.com/glendiveschools/onlineapp/default.aspx","Glendive Public Schools","Direct district board","Source fallback: title + location + posted date (no stable posting URL)","fallback:source-fallbackdirect district boardglendive public schoolshigh school drivers education teacherdawson county high school2026-07-09#1"
"High School Special Education Teacher",2026-08-11,"2026-07-27","Teacher","Glendive Public Schools","https://www.applitrack.com/glendiveschools/onlineapp/default.aspx","Glendive Public Schools","Direct district board","Source fallback: title + location + posted date (no stable posting URL)","fallback:source-fallbackdirect district boardglendive public schoolshigh school special education teacherglendive public schools2026-07-27#1"
"Middle School Special Education Teacher",2026-08-11,"2026-08-03","Teacher","Washington Middle School","https://www.applitrack.com/glendiveschools/onlineapp/default.aspx","Glendive Public Schools","Direct district board","Source fallback: title + location + posted date (no stable posting URL)","fallback:source-fallbackdirect district boardglendive public schoolsmiddle school special education teacherwashington middle school2026-08-03#1"
"School Psychologist",2026-08-11,"2026-07-09","Support Services","Glendive Public Schools","https://www.applitrack.com/glendiveschools/onlineapp/default.aspx","Glendive Public Schools","Direct district board","Source fallback: title + location + posted date (no stable posting URL)","fallback:source-fallbackdirect district boardglendive public schoolsschool psychologistglendive public schools2026-07-09#1"
"Head Track Coach (DCHS)",2026-08-11,"2026-07-09","Athletics","Dawson County High School","https://www.applitrack.com/glendiveschools/onlineapp/default.aspx","Glendive Public Schools","Direct district board","Source fallback: title + location + posted date (no stable posting URL)","fallback:source-fallbackdirect district boardglendive public schoolshead track coach (dchs)dawson county high school2026-07-09#1"
"Custodian - LES (Part Time - 7 hour)",2026-08-11,"2026-07-29","Custodial/Maintenance","Lincoln Elementary School","https://www.applitrack.com/glendiveschools/onlineapp/default.aspx","Glendive Public Schools","Direct district board","Source fallback: title + location + posted date (no stable posting URL)","fallback:source-fallbackdirect district boardglendive public schoolscustodian - les (part time - 7 hour)lincoln elementary school2026-07-29#1"
"Temporary Custodian (GPS)",2026-08-11,"2026-07-09","Custodial/Maintenance","Glendive Public Schools","https://www.applitrack.com/glendiveschools/onlineapp/default.aspx","Glendive Public Schools","Direct district board","Source fallback: title + location + posted date (no stable posting URL)","fallback:source-fallbackdirect district boardglendive public schoolstemporary custodian (gps)glendive public schools2026-07-09#1"
"Custodian - WMS (Part Time)",2026-08-11,"2026-07-09","Custodial/Maintenance","Washington Middle School","https://www.applitrack.com/glendiveschools/onlineapp/default.aspx","Glendive Public Schools","Direct district board","Source fallback: title + location + posted date (no stable posting URL)","fallback:source-fallbackdirect district boardglendive public schoolscustodian - wms (part time)washington middle school2026-07-09#1"
"Special Education Paraprofessional (District)",2026-08-11,"2026-07-09","Paraprofessional","Glendive Public Schools","https://www.applitrack.com/glendiveschools/onlineapp/default.aspx","Glendive Public Schools","Direct district board","Source fallback: title + location + posted date (no stable posting URL)","fallback:source-fallbackdirect district boardglendive public schoolsspecial education paraprofessional (district)glendive public schools2026-07-09#1"
"Substitute Custodian (GPS)",2026-08-11,"2026-07-09","Substitute","Glendive Public Schools","https://www.applitrack.com/glendiveschools/onlineapp/default.aspx","Glendive Public Schools","Direct district board","Source fallback: title + location + posted date (no stable posting URL)","fallback:source-fallbackdirect district boardglendive public schoolssubstitute custodian (gps)glendive public schools2026-07-09#1"
"Bus Driver",2026-08-11,NA,"Transportation","2026-2027 School Year","https://www.applitrack.com/glendiveschools/onlineapp/default.aspx","Glendive Public Schools","Direct district board","Source fallback: title + location + posted date (no stable posting URL)","fallback:source-fallbackdirect district boardglendive public schoolsbus driver2026-2027 school yearNA#1"
"Substitute Bus Driver",2026-08-11,NA,"Substitute","2026-2027 School Year","https://www.applitrack.com/glendiveschools/onlineapp/default.aspx","Glendive Public Schools","Direct district board","Source fallback: title + location + posted date (no stable posting URL)","fallback:source-fallbackdirect district boardglendive public schoolssubstitute bus driver2026-2027 school yearNA#1"
"Bus Aide",2026-08-11,NA,"Support Services","2026-2027 School Year","https://www.applitrack.com/glendiveschools/onlineapp/default.aspx","Glendive Public Schools","Direct district board","Source fallback: title + location + posted date (no stable posting URL)","fallback:source-fallbackdirect district boardglendive public schoolsbus aide2026-2027 school yearNA#1"
"Sustitute Bus Aide",2026-08-11,NA,"Support Services","2026-2027 School Year","https://www.applitrack.com/glendiveschools/onlineapp/default.aspx","Glendive Public Schools","Direct district board","Source fallback: title + location + posted date (no stable posting URL)","fallback:source-fallbackdirect district boardglendive public schoolssustitute bus aide2026-2027 school yearNA#1"
"Director of Technology",2026-08-11,"2026-06-18","Administration","District Position","https://www.applitrack.com/colstrip/onlineapp/default.aspx","Colstrip Public Schools","Direct district board","Source fallback: title + location + posted date (no stable posting URL)","fallback:source-fallbackdirect district boardcolstrip public schoolsdirector of technologydistrict position2026-06-18#1"
"Middle School Principal",2026-08-11,"2026-03-31","Administration","Frank Brattin Middle School (FBMS)","https://www.applitrack.com/colstrip/onlineapp/default.aspx","Colstrip Public Schools","Direct district board","Source fallback: title + location + posted date (no stable posting URL)","fallback:source-fallbackdirect district boardcolstrip public schoolsmiddle school principalfrank brattin middle school (fbms)2026-03-31#1"
"Elementary School Principal",2026-08-11,"2026-04-20","Administration","Pine Butte Elementary School (PBES)","https://www.applitrack.com/colstrip/onlineapp/default.aspx","Colstrip Public Schools","Direct district board","Source fallback: title + location + posted date (no stable posting URL)","fallback:source-fallbackdirect district boardcolstrip public schoolselementary school principalpine butte elementary school (pbes)2026-04-20#1"
"Extra Curricular Coach/ Activities Sponsor",2026-08-11,"2025-01-28","Athletics","District Position","https://www.applitrack.com/colstrip/onlineapp/default.aspx","Colstrip Public Schools","Direct district board","Source fallback: title + location + posted date (no stable posting URL)","fallback:source-fallbackdirect district boardcolstrip public schoolsextra curricular coach/ activities sponsordistrict position2025-01-28#1"
"Bus Driver - Route",2026-08-11,"2025-01-27","Transportation","District Position","https://www.applitrack.com/colstrip/onlineapp/default.aspx","Colstrip Public Schools","Direct district board","Source fallback: title + location + posted date (no stable posting URL)","fallback:source-fallbackdirect district boardcolstrip public schoolsbus driver - routedistrict position2025-01-27#1"
"Bus Monitor",2026-08-11,"2025-01-27","Support Services","Colstrip High School (CHS)","https://www.applitrack.com/colstrip/onlineapp/default.aspx","Colstrip Public Schools","Direct district board","Source fallback: title + location + posted date (no stable posting URL)","fallback:source-fallbackdirect district boardcolstrip public schoolsbus monitorcolstrip high school (chs)2025-01-27#1"
"Elementary Education Teacher K-8",2026-08-11,"2026-04-06","Teacher","Pine Butte Elementary School (PBES)","https://www.applitrack.com/colstrip/onlineapp/default.aspx","Colstrip Public Schools","Direct district board","Source fallback: title + location + posted date (no stable posting URL)","fallback:source-fallbackdirect district boardcolstrip public schoolselementary education teacher k-8pine butte elementary school (pbes)2026-04-06#1"
"Title I Reading / Math Teacher",2026-08-11,"2026-04-10","Teacher","Pine Butte Elementary School (PBES)","https://www.applitrack.com/colstrip/onlineapp/default.aspx","Colstrip Public Schools","Direct district board","Source fallback: title + location + posted date (no stable posting URL)","fallback:source-fallbackdirect district boardcolstrip public schoolstitle i reading / math teacherpine butte elementary school (pbes)2026-04-10#1"
"High School English Teacher",2026-08-11,"2026-05-29","Teacher","Colstrip High School (CHS)","https://www.applitrack.com/colstrip/onlineapp/default.aspx","Colstrip Public Schools","Direct district board","Source fallback: title + location + posted date (no stable posting URL)","fallback:source-fallbackdirect district boardcolstrip public schoolshigh school english teachercolstrip high school (chs)2026-05-29#1"
"Custodian",2026-08-11,"2025-08-01","Custodial/Maintenance","District Position","https://www.applitrack.com/colstrip/onlineapp/default.aspx","Colstrip Public Schools","Direct district board","Source fallback: title + location + posted date (no stable posting URL)","fallback:source-fallbackdirect district boardcolstrip public schoolscustodiandistrict position2025-08-01#1"
"Head Custodian",2026-08-11,"2025-10-29","Custodial/Maintenance","District Position","https://www.applitrack.com/colstrip/onlineapp/default.aspx","Colstrip Public Schools","Direct district board","Source fallback: title + location + posted date (no stable posting URL)","fallback:source-fallbackdirect district boardcolstrip public schoolshead custodiandistrict position2025-10-29#1"
"Spanish Education Teacher / Foreign Language Teacher Grades 6-12",2026-08-11,"2026-04-10","Teacher","Colstrip High School (CHS)","https://www.applitrack.com/colstrip/onlineapp/default.aspx","Colstrip Public Schools","Direct district board","Source fallback: title + location + posted date (no stable posting URL)","fallback:source-fallbackdirect district boardcolstrip public schoolsspanish education teacher / foreign language teacher grades 6-12colstrip high school (chs)2026-04-10#1"
"Special Education Teacher (Grades K-12)",2026-08-11,"2026-02-19","Teacher","Frank Brattin Middle School (FBMS)","https://www.applitrack.com/colstrip/onlineapp/default.aspx","Colstrip Public Schools","Direct district board","Source fallback: title + location + posted date (no stable posting URL)","fallback:source-fallbackdirect district boardcolstrip public schoolsspecial education teacher (grades k-12)frank brattin middle school (fbms)2026-02-19#1"
"Elementary Education Teacher K-8",2026-08-11,"2025-04-15","Teacher","Frank Brattin Middle School (FBMS)","https://www.applitrack.com/colstrip/onlineapp/default.aspx","Colstrip Public Schools","Direct district board","Source fallback: title + location + posted date (no stable posting URL)","fallback:source-fallbackdirect district boardcolstrip public schoolselementary education teacher k-8frank brattin middle school (fbms)2025-04-15#1"
"Elementary (6-8) Title 1 Teacher",2026-08-11,"2025-01-27","Teacher","Frank Brattin Middle School (FBMS)","https://www.applitrack.com/colstrip/onlineapp/default.aspx","Colstrip Public Schools","Direct district board","Source fallback: title + location + posted date (no stable posting URL)","fallback:source-fallbackdirect district boardcolstrip public schoolselementary (6-8) title 1 teacherfrank brattin middle school (fbms)2025-01-27#1"
"Counselor -High School",2026-08-11,"2026-03-31","Support Services","Colstrip High School (CHS)","https://www.applitrack.com/colstrip/onlineapp/default.aspx","Colstrip Public Schools","Direct district board","Source fallback: title + location + posted date (no stable posting URL)","fallback:source-fallbackdirect district boardcolstrip public schoolscounselor -high schoolcolstrip high school (chs)2026-03-31#1"
"District Substitute",2026-08-11,"2025-08-01","Substitute","District Position","https://www.applitrack.com/colstrip/onlineapp/default.aspx","Colstrip Public Schools","Direct district board","Source fallback: title + location + posted date (no stable posting URL)","fallback:source-fallbackdirect district boardcolstrip public schoolsdistrict substitutedistrict position2025-08-01#1"
"Central Warehouse",2026-08-11,"2025-11-03","Other","District Position","https://www.applitrack.com/colstrip/onlineapp/default.aspx","Colstrip Public Schools","Direct district board","Source fallback: title + location + posted date (no stable posting URL)","fallback:source-fallbackdirect district boardcolstrip public schoolscentral warehousedistrict position2025-11-03#1"
"Work Based Learning Student (Co-op)",2026-08-11,"2026-05-15","Other","District Position","https://www.applitrack.com/colstrip/onlineapp/default.aspx","Colstrip Public Schools","Direct district board","Source fallback: title + location + posted date (no stable posting URL)","fallback:source-fallbackdirect district boardcolstrip public schoolswork based learning student (co-op)district position2026-05-15#1"
"Library Media Specialist",2026-08-11,NA,"Teacher",NA,"https://www.applitrack.com/sidney/onlineapp/default.aspx","Sidney Public Schools","Direct district board","Source fallback: title + location + posted date (no stable posting URL)","fallback:source-fallbackdirect district boardsidney public schoolslibrary media specialistNANA#1"
"Art Teacher",2026-08-11,"2026-06-01","Teacher","Sidney Jr/Sr High School","https://www.applitrack.com/sidney/onlineapp/default.aspx","Sidney Public Schools","Direct district board","Source fallback: title + location + posted date (no stable posting URL)","fallback:source-fallbackdirect district boardsidney public schoolsart teachersidney jr/sr high school2026-06-01#1"
"Special Education Teacher Grades 7-12",2026-08-11,"2025-05-15","Teacher","Sidney Jr/Sr High School","https://www.applitrack.com/sidney/onlineapp/default.aspx","Sidney Public Schools","Direct district board","Source fallback: title + location + posted date (no stable posting URL)","fallback:source-fallbackdirect district boardsidney public schoolsspecial education teacher grades 7-12sidney jr/sr high school2025-05-15#1"
"Substitute School Nurse RN/LPN",2026-08-11,"2025-12-17","Substitute","Sidney Central District Office","https://www.applitrack.com/sidney/onlineapp/default.aspx","Sidney Public Schools","Direct district board","Source fallback: title + location + posted date (no stable posting URL)","fallback:source-fallbackdirect district boardsidney public schoolssubstitute school nurse rn/lpnsidney central district office2025-12-17#1"
"Substitute Bus Driver",2026-08-11,NA,"Substitute","09/01/2021","https://www.applitrack.com/sidney/onlineapp/default.aspx","Sidney Public Schools","Direct district board","Source fallback: title + location + posted date (no stable posting URL)","fallback:source-fallbackdirect district boardsidney public schoolssubstitute bus driver09/01/2021NA#1"
"Substitute Teacher /Substitute Aide/Substitute Nurse",2026-08-11,"2021-07-01","Substitute","Sidney Central District Office","https://www.applitrack.com/sidney/onlineapp/default.aspx","Sidney Public Schools","Direct district board","Source fallback: title + location + posted date (no stable posting URL)","fallback:source-fallbackdirect district boardsidney public schoolssubstitute teacher /substitute aide/substitute nursesidney central district office2021-07-01#1"
"Bus Driver",2026-08-11,"2025-01-29","Transportation","Sidney Maintenance/Transportation Facility","https://www.applitrack.com/sidney/onlineapp/default.aspx","Sidney Public Schools","Direct district board","Source fallback: title + location + posted date (no stable posting URL)","fallback:source-fallbackdirect district boardsidney public schoolsbus driversidney maintenance/transportation facility2025-01-29#1"
"Afterschool Bus Driver",2026-08-11,"2026-08-03","Transportation","Sidney Elementary School","https://www.applitrack.com/sidney/onlineapp/default.aspx","Sidney Public Schools","Direct district board","Source fallback: title + location + posted date (no stable posting URL)","fallback:source-fallbackdirect district boardsidney public schoolsafterschool bus driversidney elementary school2026-08-03#1"
"Teacher Aide",2026-08-11,"2026-07-30","Support Services","Sidney Central District Office","https://www.applitrack.com/sidney/onlineapp/default.aspx","Sidney Public Schools","Direct district board","Source fallback: title + location + posted date (no stable posting URL)","fallback:source-fallbackdirect district boardsidney public schoolsteacher aidesidney central district office2026-07-30#1"
"Athletic Coach - High School Assistant Basketball Coach",2026-08-11,NA,"Athletics","TBD","https://www.applitrack.com/stevensville/onlineapp/default.aspx","Stevensville Public Schools","Direct district board","Source fallback: title + location + posted date (no stable posting URL)","fallback:source-fallbackdirect district boardstevensville public schoolsathletic coach - high school assistant basketball coachtbdNA#1"
"Middle School Assistant Volleyball Coach",2026-08-11,"2026-04-27","Athletics","SMS Coaching","https://www.applitrack.com/stevensville/onlineapp/default.aspx","Stevensville Public Schools","Direct district board","Source fallback: title + location + posted date (no stable posting URL)","fallback:source-fallbackdirect district boardstevensville public schoolsmiddle school assistant volleyball coachsms coaching2026-04-27#1"
"High School Girls Basketball Assistant Coach",2026-08-11,"2026-06-09","Athletics","SHS Coaching","https://www.applitrack.com/stevensville/onlineapp/default.aspx","Stevensville Public Schools","Direct district board","Source fallback: title + location + posted date (no stable posting URL)","fallback:source-fallbackdirect district boardstevensville public schoolshigh school girls basketball assistant coachshs coaching2026-06-09#1"
"Speech and Debate Head Coach",2026-08-11,"2026-07-14","Athletics","Stevensville High School","https://www.applitrack.com/stevensville/onlineapp/default.aspx","Stevensville Public Schools","Direct district board","Source fallback: title + location + posted date (no stable posting URL)","fallback:source-fallbackdirect district boardstevensville public schoolsspeech and debate head coachstevensville high school2026-07-14#1"
"Volunteer High School Assistant Coach",2026-08-11,"2025-10-15","Athletics","SHS Coaching","https://www.applitrack.com/stevensville/onlineapp/default.aspx","Stevensville Public Schools","Direct district board","Source fallback: title + location + posted date (no stable posting URL)","fallback:source-fallbackdirect district boardstevensville public schoolsvolunteer high school assistant coachshs coaching2025-10-15#1"
"Volunteer Middle School Assistant Coach",2026-08-11,"2025-10-15","Athletics","SMS Coaching","https://www.applitrack.com/stevensville/onlineapp/default.aspx","Stevensville Public Schools","Direct district board","Source fallback: title + location + posted date (no stable posting URL)","fallback:source-fallbackdirect district boardstevensville public schoolsvolunteer middle school assistant coachsms coaching2025-10-15#1"
"Early Learning Program Teacher",2026-08-11,"2026-08-11","Teacher","Stevensville Elementary School","https://www.applitrack.com/stevensville/onlineapp/default.aspx","Stevensville Public Schools","Direct district board","Source fallback: title + location + posted date (no stable posting URL)","fallback:source-fallbackdirect district boardstevensville public schoolsearly learning program teacherstevensville elementary school2026-08-11#1"
"Foreign Language Teacher",2026-08-11,"2026-08-04","Teacher","Stevensville High School","https://www.applitrack.com/stevensville/onlineapp/default.aspx","Stevensville Public Schools","Direct district board","Source fallback: title + location + posted date (no stable posting URL)","fallback:source-fallbackdirect district boardstevensville public schoolsforeign language teacherstevensville high school2026-08-04#1"
"Spanish Teacher",2026-08-11,"2026-04-09","Teacher","Stevensville High School","https://www.applitrack.com/stevensville/onlineapp/default.aspx","Stevensville Public Schools","Direct district board","Source fallback: title + location + posted date (no stable posting URL)","fallback:source-fallbackdirect district boardstevensville public schoolsspanish teacherstevensville high school2026-04-09#1"
"Head Cook",2026-08-11,"2026-07-20","Food Services","SPS Food Services","https://www.applitrack.com/stevensville/onlineapp/default.aspx","Stevensville Public Schools","Direct district board","Source fallback: title + location + posted date (no stable posting URL)","fallback:source-fallbackdirect district boardstevensville public schoolshead cooksps food services2026-07-20#1"
"Long-term Custodian Substitute",2026-08-11,"2026-05-05","Substitute","SPS Custodial/Maintenance/Grounds","https://www.applitrack.com/stevensville/onlineapp/default.aspx","Stevensville Public Schools","Direct district board","Source fallback: title + location + posted date (no stable posting URL)","fallback:source-fallbackdirect district boardstevensville public schoolslong-term custodian substitutesps custodial/maintenance/grounds2026-05-05#1"
"Middle School PE/Health Teacher 2026-2027 School Year",2026-08-11,"2026-02-15","Teacher","Stevensville Middle School","https://www.applitrack.com/stevensville/onlineapp/default.aspx","Stevensville Public Schools","Direct district board","Source fallback: title + location + posted date (no stable posting URL)","fallback:source-fallbackdirect district boardstevensville public schoolsmiddle school pe/health teacher 2026-2027 school yearstevensville middle school2026-02-15#1"
"Certified EMT Trainer",2026-08-11,"2026-07-03","Other","Stevensville Health Sciences Academy","https://www.applitrack.com/stevensville/onlineapp/default.aspx","Stevensville Public Schools","Direct district board","Source fallback: title + location + posted date (no stable posting URL)","fallback:source-fallbackdirect district boardstevensville public schoolscertified emt trainerstevensville health sciences academy2026-07-03#1"
"Substitute: Custodian",2026-08-11,"2025-09-15","Substitute","Stevensville School District","https://www.applitrack.com/stevensville/onlineapp/default.aspx","Stevensville Public Schools","Direct district board","Source fallback: title + location + posted date (no stable posting URL)","fallback:source-fallbackdirect district boardstevensville public schoolssubstitute: custodianstevensville school district2025-09-15#1"
"Substitute: Kitchen Staff",2026-08-11,"2025-09-15","Substitute","SPS Food Services","https://www.applitrack.com/stevensville/onlineapp/default.aspx","Stevensville Public Schools","Direct district board","Source fallback: title + location + posted date (no stable posting URL)","fallback:source-fallbackdirect district boardstevensville public schoolssubstitute: kitchen staffsps food services2025-09-15#1"
"Substitute: Teacher/Paraprofessional",2026-08-11,"2025-09-15","Paraprofessional","Stevensville School District","https://www.applitrack.com/stevensville/onlineapp/default.aspx","Stevensville Public Schools","Direct district board","Source fallback: title + location + posted date (no stable posting URL)","fallback:source-fallbackdirect district boardstevensville public schoolssubstitute: teacher/paraprofessionalstevensville school district2025-09-15#1"
"Elementary Early Learning Program Paraprofessional",2026-08-11,"2026-07-16","Paraprofessional","Stevensville Elementary School","https://www.applitrack.com/stevensville/onlineapp/default.aspx","Stevensville Public Schools","Direct district board","Source fallback: title + location + posted date (no stable posting URL)","fallback:source-fallbackdirect district boardstevensville public schoolselementary early learning program paraprofessionalstevensville elementary school2026-07-16#1"
"Elementary Special Education Paraprofessional",2026-08-11,"2026-07-25","Paraprofessional","Stevensville Elementary School","https://www.applitrack.com/stevensville/onlineapp/default.aspx","Stevensville Public Schools","Direct district board","Source fallback: title + location + posted date (no stable posting URL)","fallback:source-fallbackdirect district boardstevensville public schoolselementary special education paraprofessionalstevensville elementary school2026-07-25#1"
"Elementary Title I Coordinator and Curriculum Director (TOSA)",2026-08-11,"2026-07-13","Administration","Stevensville School District","https://www.applitrack.com/stevensville/onlineapp/default.aspx","Stevensville Public Schools","Direct district board","Source fallback: title + location + posted date (no stable posting URL)","fallback:source-fallbackdirect district boardstevensville public schoolselementary title i coordinator and curriculum director (tosa)stevensville school district2026-07-13#1"
"Elementary Life Skills Teacher",2026-08-11,NA,"Teacher",NA,"https://www.applitrack.com/bigsandy/onlineapp/default.aspx","Big Sandy Public Schools","Direct district board","Source fallback: title + location + posted date (no stable posting URL)","fallback:source-fallbackdirect district boardbig sandy public schoolselementary life skills teacherNANA#1"
"Maintenance",2026-08-11,NA,"Custodial/Maintenance",NA,"https://www.applitrack.com/bigsandy/onlineapp/default.aspx","Big Sandy Public Schools","Direct district board","Source fallback: title + location + posted date (no stable posting URL)","fallback:source-fallbackdirect district boardbig sandy public schoolsmaintenanceNANA#1"
"Custodian",2026-08-11,"2025-04-25","Custodial/Maintenance","Big Sandy Maintenance","https://www.applitrack.com/bigsandy/onlineapp/default.aspx","Big Sandy Public Schools","Direct district board","Source fallback: title + location + posted date (no stable posting URL)","fallback:source-fallbackdirect district boardbig sandy public schoolscustodianbig sandy maintenance2025-04-25#1"
"Mathematics Teacher",2026-08-11,"2026-05-11","Teacher","Big Sandy Junior High","https://www.applitrack.com/bigsandy/onlineapp/default.aspx","Big Sandy Public Schools","Direct district board","Source fallback: title + location + posted date (no stable posting URL)","fallback:source-fallbackdirect district boardbig sandy public schoolsmathematics teacherbig sandy junior high2026-05-11#1"
"Paraprofessional - Content Mastery",2026-08-11,NA,"Paraprofessional",NA,"https://www.applitrack.com/bigsandy/onlineapp/default.aspx","Big Sandy Public Schools","Direct district board","Source fallback: title + location + posted date (no stable posting URL)","fallback:source-fallbackdirect district boardbig sandy public schoolsparaprofessional - content masteryNANA#1"
"Instructional Paraprofessional - Special Ed",2026-08-11,NA,"Paraprofessional","08/05/2026","https://www.applitrack.com/bigsandy/onlineapp/default.aspx","Big Sandy Public Schools","Direct district board","Source fallback: title + location + posted date (no stable posting URL)","fallback:source-fallbackdirect district boardbig sandy public schoolsinstructional paraprofessional - special ed08/05/2026NA#1"
"School Nurse",2026-08-11,"2026-07-17","Other","Big Sandy District","https://www.applitrack.com/bigsandy/onlineapp/default.aspx","Big Sandy Public Schools","Direct district board","Source fallback: title + location + posted date (no stable posting URL)","fallback:source-fallbackdirect district boardbig sandy public schoolsschool nursebig sandy district2026-07-17#1"
"Substitute",2026-08-11,"2026-07-20","Substitute","Big Sandy District","https://www.applitrack.com/bigsandy/onlineapp/default.aspx","Big Sandy Public Schools","Direct district board","Source fallback: title + location + posted date (no stable posting URL)","fallback:source-fallbackdirect district boardbig sandy public schoolssubstitutebig sandy district2026-07-20#1"
"Bus Driver",2026-08-11,NA,"Transportation",NA,"https://www.applitrack.com/bigsandy/onlineapp/default.aspx","Big Sandy Public Schools","Direct district board","Source fallback: title + location + posted date (no stable posting URL)","fallback:source-fallbackdirect district boardbig sandy public schoolsbus driverNANA#1"
"Assistant Principal",2026-08-11,"2022-07-26","Administration","Jr. High/High School","https://www.applitrack.com/lamedeer/onlineapp/default.aspx","Lame Deer Public Schools","Direct district board","Source fallback: title + location + posted date (no stable posting URL)","fallback:source-fallbackdirect district boardlame deer public schoolsassistant principaljr. high/high school2022-07-26#1"
"Assistant Principal",2026-08-11,"2024-05-27","Administration","Jr. High/High School","https://www.applitrack.com/lamedeer/onlineapp/default.aspx","Lame Deer Public Schools","Direct district board","Source fallback: title + location + posted date (no stable posting URL)","fallback:source-fallbackdirect district boardlame deer public schoolsassistant principaljr. high/high school2024-05-27#1"
"Copy Of Elementary Assistant Principal",2026-08-11,"2025-03-11","Administration","Elementary School","https://www.applitrack.com/lamedeer/onlineapp/default.aspx","Lame Deer Public Schools","Direct district board","Source fallback: title + location + posted date (no stable posting URL)","fallback:source-fallbackdirect district boardlame deer public schoolscopy of elementary assistant principalelementary school2025-03-11#1"
"Athletics and Activities Director",2026-08-11,"2024-04-30","Athletics","District-Wide","https://www.applitrack.com/lamedeer/onlineapp/default.aspx","Lame Deer Public Schools","Direct district board","Source fallback: title + location + posted date (no stable posting URL)","fallback:source-fallbackdirect district boardlame deer public schoolsathletics and activities directordistrict-wide2024-04-30#1"
"Athletics and Activities Director",2026-08-11,"2024-05-30","Athletics","Jr. High/High School","https://www.applitrack.com/lamedeer/onlineapp/default.aspx","Lame Deer Public Schools","Direct district board","Source fallback: title + location + posted date (no stable posting URL)","fallback:source-fallbackdirect district boardlame deer public schoolsathletics and activities directorjr. high/high school2024-05-30#1"
"Instructional Coach/Testing/Curriculum Coordinator",2026-08-11,"2024-05-21","Athletics","District-Wide","https://www.applitrack.com/lamedeer/onlineapp/default.aspx","Lame Deer Public Schools","Direct district board","Source fallback: title + location + posted date (no stable posting URL)","fallback:source-fallbackdirect district boardlame deer public schoolsinstructional coach/testing/curriculum coordinatordistrict-wide2024-05-21#1"
"High School Principal",2026-08-11,"2024-04-01","Administration","Jr. High/High School","https://www.applitrack.com/lamedeer/onlineapp/default.aspx","Lame Deer Public Schools","Direct district board","Source fallback: title + location + posted date (no stable posting URL)","fallback:source-fallbackdirect district boardlame deer public schoolshigh school principaljr. high/high school2024-04-01#1"
"Superintendent",2026-08-11,"2024-03-18","Other","District-Wide","https://www.applitrack.com/lamedeer/onlineapp/default.aspx","Lame Deer Public Schools","Direct district board","Source fallback: title + location + posted date (no stable posting URL)","fallback:source-fallbackdirect district boardlame deer public schoolssuperintendentdistrict-wide2024-03-18#1"
"Girls Head Basketball Coach (Jr. High)",2026-08-11,"2025-03-05","Athletics","Jr. High/High School","https://www.applitrack.com/lamedeer/onlineapp/default.aspx","Lame Deer Public Schools","Direct district board","Source fallback: title + location + posted date (no stable posting URL)","fallback:source-fallbackdirect district boardlame deer public schoolsgirls head basketball coach (jr. high)jr. high/high school2025-03-05#1"
"Bus Monitor",2026-08-11,"2024-06-03","Support Services","Transportation Bus Barn","https://www.applitrack.com/lamedeer/onlineapp/default.aspx","Lame Deer Public Schools","Direct district board","Source fallback: title + location + posted date (no stable posting URL)","fallback:source-fallbackdirect district boardlame deer public schoolsbus monitortransportation bus barn2024-06-03#1"
"Paraprofessional (7-12)",2026-08-11,"2023-06-07","Paraprofessional","Jr. High/High School","https://www.applitrack.com/lamedeer/onlineapp/default.aspx","Lame Deer Public Schools","Direct district board","Source fallback: title + location + posted date (no stable posting URL)","fallback:source-fallbackdirect district boardlame deer public schoolsparaprofessional (7-12)jr. high/high school2023-06-07#1"
"Paraprofessional (K-6)",2026-08-11,"2023-08-16","Paraprofessional","Elementary School","https://www.applitrack.com/lamedeer/onlineapp/default.aspx","Lame Deer Public Schools","Direct district board","Source fallback: title + location + posted date (no stable posting URL)","fallback:source-fallbackdirect district boardlame deer public schoolsparaprofessional (k-6)elementary school2023-08-16#1"
"Bus Driver",2026-08-11,"2024-06-03","Transportation","District-Wide","https://www.applitrack.com/lamedeer/onlineapp/default.aspx","Lame Deer Public Schools","Direct district board","Source fallback: title + location + posted date (no stable posting URL)","fallback:source-fallbackdirect district boardlame deer public schoolsbus driverdistrict-wide2024-06-03#1"
"Culture Teacher (K-6)",2026-08-11,"2024-03-12","Teacher","Elementary School","https://www.applitrack.com/lamedeer/onlineapp/default.aspx","Lame Deer Public Schools","Direct district board","Source fallback: title + location + posted date (no stable posting URL)","fallback:source-fallbackdirect district boardlame deer public schoolsculture teacher (k-6)elementary school2024-03-12#1"
"Elementary Curriculum Teacher",2026-08-11,"2023-10-23","Teacher","Elementary School","https://www.applitrack.com/lamedeer/onlineapp/default.aspx","Lame Deer Public Schools","Direct district board","Source fallback: title + location + posted date (no stable posting URL)","fallback:source-fallbackdirect district boardlame deer public schoolselementary curriculum teacherelementary school2023-10-23#1"
"Elementary Curriculum Teacher",2026-08-11,"2024-06-04","Teacher","Elementary School","https://www.applitrack.com/lamedeer/onlineapp/default.aspx","Lame Deer Public Schools","Direct district board","Source fallback: title + location + posted date (no stable posting URL)","fallback:source-fallbackdirect district boardlame deer public schoolselementary curriculum teacherelementary school2024-06-04#1"
"Elementary Librarian (Grades K-6)",2026-08-11,"2023-04-27","Other","Elementary School","https://www.applitrack.com/lamedeer/onlineapp/default.aspx","Lame Deer Public Schools","Direct district board","Source fallback: title + location + posted date (no stable posting URL)","fallback:source-fallbackdirect district boardlame deer public schoolselementary librarian (grades k-6)elementary school2023-04-27#1"
"English Teacher (7-12)",2026-08-11,"2022-07-26","Teacher","Jr. High/High School","https://www.applitrack.com/lamedeer/onlineapp/default.aspx","Lame Deer Public Schools","Direct district board","Source fallback: title + location + posted date (no stable posting URL)","fallback:source-fallbackdirect district boardlame deer public schoolsenglish teacher (7-12)jr. high/high school2022-07-26#1"
"Mathematics Teacher (Grades 7-12)",2026-08-11,"2023-03-08","Teacher","Jr. High/High School","https://www.applitrack.com/lamedeer/onlineapp/default.aspx","Lame Deer Public Schools","Direct district board","Source fallback: title + location + posted date (no stable posting URL)","fallback:source-fallbackdirect district boardlame deer public schoolsmathematics teacher (grades 7-12)jr. high/high school2023-03-08#1"
"JH/HS Music Teacher",2026-08-11,"2025-03-11","Teacher","Jr. High/High School","https://www.applitrack.com/lamedeer/onlineapp/default.aspx","Lame Deer Public Schools","Direct district board","Source fallback: title + location + posted date (no stable posting URL)","fallback:source-fallbackdirect district boardlame deer public schoolsjh/hs music teacherjr. high/high school2025-03-11#1"
"Physical Education Teacher",2026-08-11,"2022-07-26","Teacher","Jr. High/High School","https://www.applitrack.com/lamedeer/onlineapp/default.aspx","Lame Deer Public Schools","Direct district board","Source fallback: title + location + posted date (no stable posting URL)","fallback:source-fallbackdirect district boardlame deer public schoolsphysical education teacherjr. high/high school2022-07-26#1"
"HS Science Teacher (7-12)",2026-08-11,"2024-06-04","Teacher","Jr. High/High School","https://www.applitrack.com/lamedeer/onlineapp/default.aspx","Lame Deer Public Schools","Direct district board","Source fallback: title + location + posted date (no stable posting URL)","fallback:source-fallbackdirect district boardlame deer public schoolshs science teacher (7-12)jr. high/high school2024-06-04#1"
"Special Education Teacher (Grades K-12)",2026-08-11,"2025-03-05","Teacher","Jr. High/High School (High-Needs School)","https://www.applitrack.com/lamedeer/onlineapp/default.aspx","Lame Deer Public Schools","Direct district board","Source fallback: title + location + posted date (no stable posting URL)","fallback:source-fallbackdirect district boardlame deer public schoolsspecial education teacher (grades k-12)jr. high/high school (high-needs school)2025-03-05#1"
"Seasonal House Cleaning Laborer",2026-08-11,"2023-06-29","Other","District-Wide","https://www.applitrack.com/lamedeer/onlineapp/default.aspx","Lame Deer Public Schools","Direct district board","Source fallback: title + location + posted date (no stable posting URL)","fallback:source-fallbackdirect district boardlame deer public schoolsseasonal house cleaning laborerdistrict-wide2023-06-29#1"
"Maintenance Manager",2026-08-11,"2023-06-26","Custodial/Maintenance","District-Wide","https://www.applitrack.com/lamedeer/onlineapp/default.aspx","Lame Deer Public Schools","Direct district board","Source fallback: title + location + posted date (no stable posting URL)","fallback:source-fallbackdirect district boardlame deer public schoolsmaintenance managerdistrict-wide2023-06-26#1"
"Copy Of Middle School Classroom Teacher",2026-08-11,"2025-09-26","Teacher","Jr. High/High School","https://www.applitrack.com/lamedeer/onlineapp/default.aspx","Lame Deer Public Schools","Direct district board","Source fallback: title + location + posted date (no stable posting URL)","fallback:source-fallbackdirect district boardlame deer public schoolscopy of middle school classroom teacherjr. high/high school2025-09-26#1"
"Copy Of Copy Of Middle School Classroom Teacher",2026-08-11,"2025-09-26","Teacher","Jr. High/High School","https://www.applitrack.com/lamedeer/onlineapp/default.aspx","Lame Deer Public Schools","Direct district board","Source fallback: title + location + posted date (no stable posting URL)","fallback:source-fallbackdirect district boardlame deer public schoolscopy of copy of middle school classroom teacherjr. high/high school2025-09-26#1"
"Jr. High Social Studies Teacher",2026-08-11,"2022-07-26","Teacher","Jr. High/High School","https://www.applitrack.com/lamedeer/onlineapp/default.aspx","Lame Deer Public Schools","Direct district board","Source fallback: title + location + posted date (no stable posting URL)","fallback:source-fallbackdirect district boardlame deer public schoolsjr. high social studies teacherjr. high/high school2022-07-26#1"
"Librarian (Jr High/High School)",2026-08-11,"2024-06-04","Other","Jr. High/High School","https://www.applitrack.com/lamedeer/onlineapp/default.aspx","Lame Deer Public Schools","Direct district board","Source fallback: title + location + posted date (no stable posting URL)","fallback:source-fallbackdirect district boardlame deer public schoolslibrarian (jr high/high school)jr. high/high school2024-06-04#1"
"District-Wide Substitute",2026-08-11,"2023-08-08","Substitute","District-Wide","https://www.applitrack.com/lamedeer/onlineapp/default.aspx","Lame Deer Public Schools","Direct district board","Source fallback: title + location + posted date (no stable posting URL)","fallback:source-fallbackdirect district boardlame deer public schoolsdistrict-wide substitutedistrict-wide2023-08-08#1"
"Head Coach or Sponsor",2026-08-11,NA,"Athletics",NA,"https://www.applitrack.com/poplar/onlineapp/default.aspx","Poplar Public Schools","Direct district board","Source fallback: title + location + posted date (no stable posting URL)","fallback:source-fallbackdirect district boardpoplar public schoolshead coach or sponsorNANA#1"
"MS or Assistant Coach/Sponsor",2026-08-11,NA,"Athletics",NA,"https://www.applitrack.com/poplar/onlineapp/default.aspx","Poplar Public Schools","Direct district board","Source fallback: title + location + posted date (no stable posting URL)","fallback:source-fallbackdirect district boardpoplar public schoolsms or assistant coach/sponsorNANA#1"
"Activities Director",2026-08-11,NA,"Administration","8/1/2024","https://www.applitrack.com/poplar/onlineapp/default.aspx","Poplar Public Schools","Direct district board","Source fallback: title + location + posted date (no stable posting URL)","fallback:source-fallbackdirect district boardpoplar public schoolsactivities director8/1/2024NA#1"
"Elementary Classroom Teacher K-4",2026-08-11,NA,"Teacher","08/16/2024","https://www.applitrack.com/poplar/onlineapp/default.aspx","Poplar Public Schools","Direct district board","Source fallback: title + location + posted date (no stable posting URL)","fallback:source-fallbackdirect district boardpoplar public schoolselementary classroom teacher k-408/16/2024NA#1"
"Elementary Music Teacher",2026-08-11,"2024-01-25","Teacher","Poplar Elementary School","https://www.applitrack.com/poplar/onlineapp/default.aspx","Poplar Public Schools","Direct district board","Source fallback: title + location + posted date (no stable posting URL)","fallback:source-fallbackdirect district boardpoplar public schoolselementary music teacherpoplar elementary school2024-01-25#1"
"Technology Education Teacher",2026-08-11,"2022-07-14","Teacher","Poplar High School (High-Needs School)","https://www.applitrack.com/poplar/onlineapp/default.aspx","Poplar Public Schools","Direct district board","Source fallback: title + location + posted date (no stable posting URL)","fallback:source-fallbackdirect district boardpoplar public schoolstechnology education teacherpoplar high school (high-needs school)2022-07-14#1"
"Social Studies Teacher (Grades 9-12)",2026-08-11,"2023-10-30","Teacher","Poplar High School (High-Needs School)","https://www.applitrack.com/poplar/onlineapp/default.aspx","Poplar Public Schools","Direct district board","Source fallback: title + location + posted date (no stable posting URL)","fallback:source-fallbackdirect district boardpoplar public schoolssocial studies teacher (grades 9-12)poplar high school (high-needs school)2023-10-30#1"
"Guidance Counselor",2026-08-11,"2024-01-14","Support Services","Poplar Middle School (High-Needs School)","https://www.applitrack.com/poplar/onlineapp/default.aspx","Poplar Public Schools","Direct district board","Source fallback: title + location + posted date (no stable posting URL)","fallback:source-fallbackdirect district boardpoplar public schoolsguidance counselorpoplar middle school (high-needs school)2024-01-14#1"
"Special Education Teacher (Grades K-12)",2026-08-11,"2024-02-23","Teacher","Poplar Schools (High-Needs School)","https://www.applitrack.com/poplar/onlineapp/default.aspx","Poplar Public Schools","Direct district board","Source fallback: title + location + posted date (no stable posting URL)","fallback:source-fallbackdirect district boardpoplar public schoolsspecial education teacher (grades k-12)poplar schools (high-needs school)2024-02-23#1"
"Speech Pathologist",2026-08-11,"2024-01-13","Support Services","Poplar Schools (High-Needs School)","https://www.applitrack.com/poplar/onlineapp/default.aspx","Poplar Public Schools","Direct district board","Source fallback: title + location + posted date (no stable posting URL)","fallback:source-fallbackdirect district boardpoplar public schoolsspeech pathologistpoplar schools (high-needs school)2024-01-13#1"
"Paraprofessional",2026-08-11,"2022-07-14","Paraprofessional","Poplar Schools (High-Needs School)","https://www.applitrack.com/poplar/onlineapp/default.aspx","Poplar Public Schools","Direct district board","Source fallback: title + location + posted date (no stable posting URL)","fallback:source-fallbackdirect district boardpoplar public schoolsparaprofessionalpoplar schools (high-needs school)2022-07-14#1"
"Toddler Teacher",2026-08-11,"2026-05-13","Teacher","Early Education Center","https://www.applitrack.com/fairview/onlineapp/default.aspx","Fairview Public Schools","Direct district board","Source fallback: title + location + posted date (no stable posting URL)","fallback:source-fallbackdirect district boardfairview public schoolstoddler teacherearly education center2026-05-13#1"
"Preschool Teacher",2026-08-11,"2026-05-13","Teacher","Early Education Center","https://www.applitrack.com/fairview/onlineapp/default.aspx","Fairview Public Schools","Direct district board","Source fallback: title + location + posted date (no stable posting URL)","fallback:source-fallbackdirect district boardfairview public schoolspreschool teacherearly education center2026-05-13#1"
"Educational Aide (5 positions)",2026-08-11,"2026-07-20","Support Services","District Wide","https://www.applitrack.com/fairview/onlineapp/default.aspx","Fairview Public Schools","Direct district board","Source fallback: title + location + posted date (no stable posting URL)","fallback:source-fallbackdirect district boardfairview public schoolseducational aide (5 positions)district wide2026-07-20#1"
"Educational Aide (4 positions)",2026-08-11,"2026-08-11","Support Services","Gilles-Sweet Elementary School","https://www.applitrack.com/fairview/onlineapp/default.aspx","Fairview Public Schools","Direct district board","Source fallback: title + location + posted date (no stable posting URL)","fallback:source-fallbackdirect district boardfairview public schoolseducational aide (4 positions)gilles-sweet elementary school2026-08-11#1"
"English Language Learner (ELL) Tutor",2026-08-11,NA,"Support Services","Immediately","https://www.applitrack.com/fairview/onlineapp/default.aspx","Fairview Public Schools","Direct district board","Source fallback: title + location + posted date (no stable posting URL)","fallback:source-fallbackdirect district boardfairview public schoolsenglish language learner (ell) tutorimmediatelyNA#1"
"Payroll Coordinator",2026-08-11,"2026-08-11","Administration","Central Office","https://www.applitrack.com/fairview/onlineapp/default.aspx","Fairview Public Schools","Direct district board","Source fallback: title + location + posted date (no stable posting URL)","fallback:source-fallbackdirect district boardfairview public schoolspayroll coordinatorcentral office2026-08-11#1"
"Substitute Teacher",2026-08-11,"2026-08-11","Substitute","Gilles-Sweet Elementary School","https://www.applitrack.com/fairview/onlineapp/default.aspx","Fairview Public Schools","Direct district board","Source fallback: title + location + posted date (no stable posting URL)","fallback:source-fallbackdirect district boardfairview public schoolssubstitute teachergilles-sweet elementary school2026-08-11#1"
"Coaching Positions-Head Wrestling Coach",2026-08-11,"2026-04-24","Athletics","Rocky Boy Jr. & Sr. High School","https://www.applitrack.com/rockyboy/onlineapp/default.aspx","Rocky Boy Public Schools","Direct district board","Source fallback: title + location + posted date (no stable posting URL)","fallback:source-fallbackdirect district boardrocky boy public schoolscoaching positions-head wrestling coachrocky boy jr. & sr. high school2026-04-24#1"
"Assistant Jr. High School Football Coaches (2)",2026-08-11,"2026-06-01","Athletics","Rocky Boy Jr. & Sr. High School","https://www.applitrack.com/rockyboy/onlineapp/default.aspx","Rocky Boy Public Schools","Direct district board","Source fallback: title + location + posted date (no stable posting URL)","fallback:source-fallbackdirect district boardrocky boy public schoolsassistant jr. high school football coaches (2)rocky boy jr. & sr. high school2026-06-01#1"
"Head Jr. High Wrestling Coach",2026-08-11,"2026-06-01","Athletics","Rocky Boy Jr. & Sr. High School","https://www.applitrack.com/rockyboy/onlineapp/default.aspx","Rocky Boy Public Schools","Direct district board","Source fallback: title + location + posted date (no stable posting URL)","fallback:source-fallbackdirect district boardrocky boy public schoolshead jr. high wrestling coachrocky boy jr. & sr. high school2026-06-01#1"
"Assistant Jr. High Track Coach",2026-08-11,"2026-06-01","Athletics","Rocky Boy Jr. & Sr. High School","https://www.applitrack.com/rockyboy/onlineapp/default.aspx","Rocky Boy Public Schools","Direct district board","Source fallback: title + location + posted date (no stable posting URL)","fallback:source-fallbackdirect district boardrocky boy public schoolsassistant jr. high track coachrocky boy jr. & sr. high school2026-06-01#1"
"Assistant Jr. High Volleyball Coaches (2)",2026-08-11,"2026-06-01","Athletics","Rocky Boy Jr. & Sr. High School","https://www.applitrack.com/rockyboy/onlineapp/default.aspx","Rocky Boy Public Schools","Direct district board","Source fallback: title + location + posted date (no stable posting URL)","fallback:source-fallbackdirect district boardrocky boy public schoolsassistant jr. high volleyball coaches (2)rocky boy jr. & sr. high school2026-06-01#1"
"Elementary School Teacher - 5th Grade",2026-08-11,NA,"Teacher","07/28/2026","https://www.applitrack.com/rockyboy/onlineapp/default.aspx","Rocky Boy Public Schools","Direct district board","Source fallback: title + location + posted date (no stable posting URL)","fallback:source-fallbackdirect district boardrocky boy public schoolselementary school teacher - 5th grade07/28/2026NA#1"
"Elementary School Teacher -4th Grade",2026-08-11,NA,"Teacher",NA,"https://www.applitrack.com/rockyboy/onlineapp/default.aspx","Rocky Boy Public Schools","Direct district board","Source fallback: title + location + posted date (no stable posting URL)","fallback:source-fallbackdirect district boardrocky boy public schoolselementary school teacher -4th gradeNANA#1"
"Rocky Boy School Cree Enhancement Program- Pre-School Teacher",2026-08-11,NA,"Teacher",NA,"https://www.applitrack.com/rockyboy/onlineapp/default.aspx","Rocky Boy Public Schools","Direct district board","Source fallback: title + location + posted date (no stable posting URL)","fallback:source-fallbackdirect district boardrocky boy public schoolsrocky boy school cree enhancement program- pre-school teacherNANA#1"
"21st Century Grant Coordinator",2026-08-11,NA,"Administration",NA,"https://www.applitrack.com/rockyboy/onlineapp/default.aspx","Rocky Boy Public Schools","Direct district board","Source fallback: title + location + posted date (no stable posting URL)","fallback:source-fallbackdirect district boardrocky boy public schools21st century grant coordinatorNANA#1"
"K-12 Paraprofessional",2026-08-11,NA,"Paraprofessional",NA,"https://www.applitrack.com/rockyboy/onlineapp/default.aspx","Rocky Boy Public Schools","Direct district board","Source fallback: title + location + posted date (no stable posting URL)","fallback:source-fallbackdirect district boardrocky boy public schoolsk-12 paraprofessionalNANA#1"
"(1) K-8 1st Grade",2026-08-11,NA,"Other","07/21/2026","https://www.applitrack.com/rockyboy/onlineapp/default.aspx","Rocky Boy Public Schools","Direct district board","Source fallback: title + location + posted date (no stable posting URL)","fallback:source-fallbackdirect district boardrocky boy public schools(1) k-8 1st grade07/21/2026NA#1"
"Cree Enhancement Preschool Teacher",2026-08-11,NA,"Teacher",NA,"https://www.applitrack.com/rockyboy/onlineapp/default.aspx","Rocky Boy Public Schools","Direct district board","Source fallback: title + location + posted date (no stable posting URL)","fallback:source-fallbackdirect district boardrocky boy public schoolscree enhancement preschool teacherNANA#1"
"Rocky Boy School Cree Enhancement Program-Project Coordinator/Teacher",2026-08-11,NA,"Teacher",NA,"https://www.applitrack.com/rockyboy/onlineapp/default.aspx","Rocky Boy Public Schools","Direct district board","Source fallback: title + location + posted date (no stable posting URL)","fallback:source-fallbackdirect district boardrocky boy public schoolsrocky boy school cree enhancement program-project coordinator/teacherNANA#1"
"Copy Of Pre -K Teacher",2026-08-11,"2026-01-22","Teacher","Rocky Boy Elementary School","https://www.applitrack.com/rockyboy/onlineapp/default.aspx","Rocky Boy Public Schools","Direct district board","Source fallback: title + location + posted date (no stable posting URL)","fallback:source-fallbackdirect district boardrocky boy public schoolscopy of pre -k teacherrocky boy elementary school2026-01-22#1"
"(1) Food Service Aide",2026-08-11,NA,"Support Services",NA,"https://www.applitrack.com/rockyboy/onlineapp/default.aspx","Rocky Boy Public Schools","Direct district board","Source fallback: title + location + posted date (no stable posting URL)","fallback:source-fallbackdirect district boardrocky boy public schools(1) food service aideNANA#1"
"(2) Head Start Custodian",2026-08-11,NA,"Custodial/Maintenance",NA,"https://www.applitrack.com/rockyboy/onlineapp/default.aspx","Rocky Boy Public Schools","Direct district board","Source fallback: title + location + posted date (no stable posting URL)","fallback:source-fallbackdirect district boardrocky boy public schools(2) head start custodianNANA#1"
"Health Manager",2026-08-11,NA,"Other",NA,"https://www.applitrack.com/rockyboy/onlineapp/default.aspx","Rocky Boy Public Schools","Direct district board","Source fallback: title + location + posted date (no stable posting URL)","fallback:source-fallbackdirect district boardrocky boy public schoolshealth managerNANA#1"
"Head Start Family Service Advocate",2026-08-11,NA,"Child Care",NA,"https://www.applitrack.com/rockyboy/onlineapp/default.aspx","Rocky Boy Public Schools","Direct district board","Source fallback: title + location + posted date (no stable posting URL)","fallback:source-fallbackdirect district boardrocky boy public schoolshead start family service advocateNANA#1"
"Early Head Start Educators (2)",2026-08-11,"2026-07-22","Teacher","Rocky Boy Head Start","https://www.applitrack.com/rockyboy/onlineapp/default.aspx","Rocky Boy Public Schools","Direct district board","Source fallback: title + location + posted date (no stable posting URL)","fallback:source-fallbackdirect district boardrocky boy public schoolsearly head start educators (2)rocky boy head start2026-07-22#1"
"Early Head Start Educators",2026-08-11,"2025-12-16","Teacher","Rocky Boy Head Start","https://www.applitrack.com/rockyboy/onlineapp/default.aspx","Rocky Boy Public Schools","Direct district board","Source fallback: title + location + posted date (no stable posting URL)","fallback:source-fallbackdirect district boardrocky boy public schoolsearly head start educatorsrocky boy head start2025-12-16#1"
"Head Start Cook",2026-08-11,"2026-04-01","Food Services","Rocky Boy Head Start","https://www.applitrack.com/rockyboy/onlineapp/default.aspx","Rocky Boy Public Schools","Direct district board","Source fallback: title + location + posted date (no stable posting URL)","fallback:source-fallbackdirect district boardrocky boy public schoolshead start cookrocky boy head start2026-04-01#1"
"(2) Head Start Cooks",2026-08-11,"2026-07-22","Food Services","Rocky Boy Head Start","https://www.applitrack.com/rockyboy/onlineapp/default.aspx","Rocky Boy Public Schools","Direct district board","Source fallback: title + location + posted date (no stable posting URL)","fallback:source-fallbackdirect district boardrocky boy public schools(2) head start cooksrocky boy head start2026-07-22#1"
"Head Start Teacher",2026-08-11,"2026-04-01","Teacher","Rocky Boy Head Start","https://www.applitrack.com/rockyboy/onlineapp/default.aspx","Rocky Boy Public Schools","Direct district board","Source fallback: title + location + posted date (no stable posting URL)","fallback:source-fallbackdirect district boardrocky boy public schoolshead start teacherrocky boy head start2026-04-01#1"
"(3) Head Start PT Bus Drivers",2026-08-11,"2026-04-02","Transportation","Rocky Boy Head Start","https://www.applitrack.com/rockyboy/onlineapp/default.aspx","Rocky Boy Public Schools","Direct district board","Source fallback: title + location + posted date (no stable posting URL)","fallback:source-fallbackdirect district boardrocky boy public schools(3) head start pt bus driversrocky boy head start2026-04-02#1"
"Rocky Boy School 7-12 Family and Consumer Sciences",2026-08-11,"2026-04-01","Teacher","Rocky Boy Jr. & Sr. High School","https://www.applitrack.com/rockyboy/onlineapp/default.aspx","Rocky Boy Public Schools","Direct district board","Source fallback: title + location + posted date (no stable posting URL)","fallback:source-fallbackdirect district boardrocky boy public schoolsrocky boy school 7-12 family and consumer sciencesrocky boy jr. & sr. high school2026-04-01#1"
"K-12 Custodian (2)",2026-08-11,"2026-07-22","Custodial/Maintenance","Rocky Boy Jr. & Sr. High School","https://www.applitrack.com/rockyboy/onlineapp/default.aspx","Rocky Boy Public Schools","Direct district board","Source fallback: title + location + posted date (no stable posting URL)","fallback:source-fallbackdirect district boardrocky boy public schoolsk-12 custodian (2)rocky boy jr. & sr. high school2026-07-22#1"
"(2) K-12 Paraprofessional",2026-08-11,NA,"Paraprofessional",NA,"https://www.applitrack.com/rockyboy/onlineapp/default.aspx","Rocky Boy Public Schools","Direct district board","Source fallback: title + location + posted date (no stable posting URL)","fallback:source-fallbackdirect district boardrocky boy public schools(2) k-12 paraprofessionalNANA#1"
"(2) Part-Time Bus Drivers/Custodians",2026-08-11,"2026-07-22","Custodial/Maintenance","Rocky Boy School Transportation","https://www.applitrack.com/rockyboy/onlineapp/default.aspx","Rocky Boy Public Schools","Direct district board","Source fallback: title + location + posted date (no stable posting URL)","fallback:source-fallbackdirect district boardrocky boy public schools(2) part-time bus drivers/custodiansrocky boy school transportation2026-07-22#1"
"Substitute School Secretary",2026-08-11,"2026-08-06","Substitute","Whitefish, Montana","https://whitefishschools.schoolspring.com/jobs/5874822","Whitefish School District","Direct district board","Stable per-posting URL","url:https://whitefishschools.schoolspring.com/jobs/5874822"
"Lunch Supervisor/District Support Personnel (Part-time)",2026-08-11,"2026-07-28","Support Services","Whitefish, Montana","https://whitefishschools.schoolspring.com/jobs/5857971","Whitefish School District","Direct district board","Stable per-posting URL","url:https://whitefishschools.schoolspring.com/jobs/5857971"
"Custodian-Performing Arts Center (Part-Time)",2026-08-11,"2026-07-15","Custodial/Maintenance","Whitefish, Montana","https://whitefishschools.schoolspring.com/jobs/5834379","Whitefish School District","Direct district board","Stable per-posting URL","url:https://whitefishschools.schoolspring.com/jobs/5834379"
"WMS Special Education Paraeducator (multiple positions)",2026-08-11,"2026-07-14","Paraprofessional","Whitefish, Montana","https://whitefishschools.schoolspring.com/jobs/5832175","Whitefish School District","Direct district board","Stable per-posting URL","url:https://whitefishschools.schoolspring.com/jobs/5832175"
"WMS Special Education Teacher (Structured Learning)",2026-08-11,"2026-07-09","Teacher","Whitefish, Montana","https://whitefishschools.schoolspring.com/jobs/5825711","Whitefish School District","Direct district board","Stable per-posting URL","url:https://whitefishschools.schoolspring.com/jobs/5825711"
"Food Service",2026-08-11,"2026-06-17","Food Services","Whitefish, Montana","https://whitefishschools.schoolspring.com/jobs/5788196","Whitefish School District","Direct district board","Stable per-posting URL","url:https://whitefishschools.schoolspring.com/jobs/5788196"
"School Psychologist .5 FTE (beginning 26/27)",2026-08-11,"2026-06-10","Support Services","Whitefish, Montana","https://whitefishschools.schoolspring.com/jobs/5773491","Whitefish School District","Direct district board","Stable per-posting URL","url:https://whitefishschools.schoolspring.com/jobs/5773491"
"WHS Assistant Wrestling Coach",2026-08-11,"2026-05-08","Athletics","Whitefish, Montana","https://whitefishschools.schoolspring.com/jobs/5702620","Whitefish School District","Direct district board","Stable per-posting URL","url:https://whitefishschools.schoolspring.com/jobs/5702620"
"WHS Special Education Teacher-Extended Resource (beginning 26/27) Multiple Positions",2026-08-11,"2026-03-04","Teacher","Whitefish, Montana","https://whitefishschools.schoolspring.com/jobs/5568958","Whitefish School District","Direct district board","Stable per-posting URL","url:https://whitefishschools.schoolspring.com/jobs/5568958"
"Special Education Paraeducator (beginning 26/27) - multiple positions",2026-08-11,"2026-03-03","Paraprofessional","Whitefish, Montana","https://whitefishschools.schoolspring.com/jobs/5566328","Whitefish School District","Direct district board","Stable per-posting URL","url:https://whitefishschools.schoolspring.com/jobs/5566328"
"Crossing Guards (1 WMS, 1 Muldown)",2026-08-11,"2026-01-21","Other","Whitefish, Montana","https://whitefishschools.schoolspring.com/jobs/5506878","Whitefish School District","Direct district board","Stable per-posting URL","url:https://whitefishschools.schoolspring.com/jobs/5506878"
"Substitute Custodian",2026-08-11,"2025-02-26","Substitute","Whitefish, Montana","https://whitefishschools.schoolspring.com/jobs/5005408","Whitefish School District","Direct district board","Stable per-posting URL","url:https://whitefishschools.schoolspring.com/jobs/5005408"
"Guest Teacher",2026-08-11,"2021-09-21","Teacher","Whitefish, Montana","https://whitefishschools.schoolspring.com/jobs/4863703","Whitefish School District","Direct district board","Stable per-posting URL","url:https://whitefishschools.schoolspring.com/jobs/4863703"
"District Nurse",2026-08-11,"2026-06-25","Other","Lewistown, Montana","https://lewistown.schoolspring.com/jobs/5803798","Lewistown Public Schools","Direct district board","Stable per-posting URL","url:https://lewistown.schoolspring.com/jobs/5803798"
"Fergus High School Head Cheer Coach",2026-08-11,"2026-06-10","Athletics","Lewistown, Montana","https://lewistown.schoolspring.com/jobs/5775816","Lewistown Public Schools","Direct district board","Stable per-posting URL","url:https://lewistown.schoolspring.com/jobs/5775816"
"Lewistown Junior High School Head and Assistant Volleyball Coaches",2026-08-11,"2026-06-10","Athletics","Lewistown, Montana","https://lewistown.schoolspring.com/jobs/5775803","Lewistown Public Schools","Direct district board","Stable per-posting URL","url:https://lewistown.schoolspring.com/jobs/5775803"
"Food Service",2026-08-11,"2026-05-15","Food Services","Lewistown, Montana","https://lewistown.schoolspring.com/jobs/5718971","Lewistown Public Schools","Direct district board","Stable per-posting URL","url:https://lewistown.schoolspring.com/jobs/5718971"
"Coaches",2026-08-11,"2026-04-22","Athletics","Lewistown, Montana","https://lewistown.schoolspring.com/jobs/5873503","Lewistown Public Schools","Direct district board","Stable per-posting URL","url:https://lewistown.schoolspring.com/jobs/5873503"
"Custodian - Lewis &amp; Clark Elementary",2026-08-11,"2026-02-13","Custodial/Maintenance","Lewistown, Montana","https://lewistown.schoolspring.com/jobs/5547070","Lewistown Public Schools","Direct district board","Stable per-posting URL","url:https://lewistown.schoolspring.com/jobs/5547070"
"Custodian - FHS",2026-08-11,"2025-03-31","Custodial/Maintenance","Lewistown, Montana","https://lewistown.schoolspring.com/jobs/5070784","Lewistown Public Schools","Direct district board","Stable per-posting URL","url:https://lewistown.schoolspring.com/jobs/5070784"
"Bus Driver - Route 4 - 4hrs/day",2026-08-11,"2024-08-07","Transportation","Lewistown, Montana","https://lewistown.schoolspring.com/jobs/4745811","Lewistown Public Schools","Direct district board","Stable per-posting URL","url:https://lewistown.schoolspring.com/jobs/4745811"
"Substitute Bus Driver",2026-08-11,"2023-09-27","Substitute","Lewistown, Montana","https://lewistown.schoolspring.com/jobs/4409755","Lewistown Public Schools","Direct district board","Stable per-posting URL","url:https://lewistown.schoolspring.com/jobs/4409755"
"Guest or Substitute Teacher",2026-08-11,"2021-09-16","Substitute","Lewistown, Montana","https://lewistown.schoolspring.com/jobs/4831393","Lewistown Public Schools","Direct district board","Stable per-posting URL","url:https://lewistown.schoolspring.com/jobs/4831393"
"Middle School Girls Basketball Coach",2026-08-11,"2026-08-10","Athletics","Laurel, Montana","https://laurel.schoolspring.com/jobs/5874737","Laurel Public Schools","Direct district board","Stable per-posting URL","url:https://laurel.schoolspring.com/jobs/5874737"
"General Education Aide",2026-08-11,"2026-08-07","Support Services","Laurel, Montana","https://laurel.schoolspring.com/jobs/5869899","Laurel Public Schools","Direct district board","Stable per-posting URL","url:https://laurel.schoolspring.com/jobs/5869899"
"Bus Driver",2026-08-11,"2026-07-20","Transportation","Laurel, Montana","https://laurel.schoolspring.com/jobs/5838370","Laurel Public Schools","Direct district board","Stable per-posting URL","url:https://laurel.schoolspring.com/jobs/5838370"
"Middle School Boys Basketball Coach",2026-08-11,"2026-07-14","Athletics","Laurel, Montana","https://laurel.schoolspring.com/jobs/5825438","Laurel Public Schools","Direct district board","Stable per-posting URL","url:https://laurel.schoolspring.com/jobs/5825438"
"Middle School Track Coach",2026-08-11,"2026-07-14","Athletics","Laurel, Montana","https://laurel.schoolspring.com/jobs/5825431","Laurel Public Schools","Direct district board","Stable per-posting URL","url:https://laurel.schoolspring.com/jobs/5825431"
"Teacher for the Visually Impaired",2026-08-11,"2026-07-13","Teacher","Laurel, Montana","https://laurel.schoolspring.com/jobs/5823118","Laurel Public Schools","Direct district board","Stable per-posting URL","url:https://laurel.schoolspring.com/jobs/5823118"
"High School Assistant Wrestling Coach",2026-08-11,"2026-06-29","Athletics","Laurel, Montana","https://laurel.schoolspring.com/jobs/5801094","Laurel Public Schools","Direct district board","Stable per-posting URL","url:https://laurel.schoolspring.com/jobs/5801094"
"26-27 Special Education Teacher - ECS/Adult Transition/Homebound",2026-08-11,"2026-06-11","Teacher","Laurel, Montana","https://laurel.schoolspring.com/jobs/5767804","Laurel Public Schools","Direct district board","Stable per-posting URL","url:https://laurel.schoolspring.com/jobs/5767804"
"Security",2026-08-11,"2026-05-29","Other","Laurel, Montana","https://laurel.schoolspring.com/jobs/5737326","Laurel Public Schools","Direct district board","Stable per-posting URL","url:https://laurel.schoolspring.com/jobs/5737326"
"Specialized Needs Aide",2026-08-11,"2026-05-04","Support Services","Laurel, Montana","https://laurel.schoolspring.com/jobs/5682188","Laurel Public Schools","Direct district board","Stable per-posting URL","url:https://laurel.schoolspring.com/jobs/5682188"
"26-27 Substitute",2026-08-11,"2026-04-24","Substitute","Laurel, Montana","https://laurel.schoolspring.com/jobs/5660181","Laurel Public Schools","Direct district board","Stable per-posting URL","url:https://laurel.schoolspring.com/jobs/5660181"
"Seasonal Groundskeeper",2026-08-11,"2026-03-19","Other","Laurel, Montana","https://laurel.schoolspring.com/jobs/5589475","Laurel Public Schools","Direct district board","Stable per-posting URL","url:https://laurel.schoolspring.com/jobs/5589475"
"Bus Aide",2026-08-11,"2026-03-12","Support Services","Laurel, Montana","https://laurel.schoolspring.com/jobs/5576634","Laurel Public Schools","Direct district board","Stable per-posting URL","url:https://laurel.schoolspring.com/jobs/5576634"
"26-27 Speech Language Pathologist",2026-08-11,"2026-02-13","Support Services","Laurel, Montana","https://laurel.schoolspring.com/jobs/5532286","Laurel Public Schools","Direct district board","Stable per-posting URL","url:https://laurel.schoolspring.com/jobs/5532286"
"Physical Therapist",2026-08-11,"2026-01-15","Support Services","Laurel, Montana","https://laurel.schoolspring.com/jobs/5134174","Laurel Public Schools","Direct district board","Stable per-posting URL","url:https://laurel.schoolspring.com/jobs/5134174"
"Speech Language Pathologist",2026-08-11,"2025-06-21","Support Services","Laurel, Montana","https://laurel.schoolspring.com/jobs/5246053","Laurel Public Schools","Direct district board","Stable per-posting URL","url:https://laurel.schoolspring.com/jobs/5246053"
"Middle School Football Coach",2026-08-11,"2025-05-22","Athletics","Laurel, Montana","https://laurel.schoolspring.com/jobs/5176765","Laurel Public Schools","Direct district board","Stable per-posting URL","url:https://laurel.schoolspring.com/jobs/5176765"
"Foreign Language Interpreter",2026-08-11,"2024-11-24","Support Services","Laurel, Montana","https://laurel.schoolspring.com/jobs/4880860","Laurel Public Schools","Direct district board","Stable per-posting URL","url:https://laurel.schoolspring.com/jobs/4880860"
"School Psychologist",2026-08-11,"2024-06-16","Support Services","Laurel, Montana","https://laurel.schoolspring.com/jobs/5007605","Laurel Public Schools","Direct district board","Stable per-posting URL","url:https://laurel.schoolspring.com/jobs/5007605"
"Community Education",2026-08-11,"2022-09-12","Other","Laurel, Montana","https://laurel.schoolspring.com/jobs/5007604","Laurel Public Schools","Direct district board","Stable per-posting URL","url:https://laurel.schoolspring.com/jobs/5007604"
"Substitute Bus Driver",2026-08-11,"2019-02-13","Substitute","Laurel, Montana","https://laurel.schoolspring.com/jobs/5007601","Laurel Public Schools","Direct district board","Stable per-posting URL","url:https://laurel.schoolspring.com/jobs/5007601"
"Head Track Coach",2026-08-11,"2026-08-11","Athletics","Ronan, Montana","https://ronan.schoolspring.com/jobs/5880774","Ronan Public Schools","Direct district board","Stable per-posting URL","url:https://ronan.schoolspring.com/jobs/5880774"
"Full Time Substitute - District Wide",2026-08-11,"2026-07-01","Substitute","Ronan, Montana","https://ronan.schoolspring.com/jobs/5855159","Ronan Public Schools","Direct district board","Stable per-posting URL","url:https://ronan.schoolspring.com/jobs/5855159"
"RMS Teacher ~ Salish and/or Kootenai Language ~ 2026-27",2026-08-11,"2026-06-23","Teacher","Ronan, Montana","https://ronan.schoolspring.com/jobs/5797647","Ronan Public Schools","Direct district board","Stable per-posting URL","url:https://ronan.schoolspring.com/jobs/5797647"
"Coach ~ Assistant Baseball ~ RHS",2026-08-11,"2026-06-23","Athletics","Ronan, Montana","https://ronan.schoolspring.com/jobs/5796614","Ronan Public Schools","Direct district board","Stable per-posting URL","url:https://ronan.schoolspring.com/jobs/5796614"
"Coach ~ Assistant Football ~ RMS",2026-08-11,"2026-06-02","Athletics","Ronan, Montana","https://ronan.schoolspring.com/jobs/5755518","Ronan Public Schools","Direct district board","Stable per-posting URL","url:https://ronan.schoolspring.com/jobs/5755518"
"Coach ~ Assistant Girls Basketball ~ RMS",2026-08-11,"2026-05-21","Athletics","Ronan, Montana","https://ronan.schoolspring.com/jobs/5732320","Ronan Public Schools","Direct district board","Stable per-posting URL","url:https://ronan.schoolspring.com/jobs/5732320"
"RMS Paraprofessional ~ 2026-2027",2026-08-11,"2026-05-18","Paraprofessional","Ronan, Montana","https://ronan.schoolspring.com/jobs/5721295","Ronan Public Schools","Direct district board","Stable per-posting URL","url:https://ronan.schoolspring.com/jobs/5721295"
"Speech Pathologist",2026-08-11,"2026-05-18","Support Services","Ronan, Montana","https://ronan.schoolspring.com/jobs/5720823","Ronan Public Schools","Direct district board","Stable per-posting URL","url:https://ronan.schoolspring.com/jobs/5720823"
"RHS Teacher ~ Vo/Ag 2026-2027",2026-08-11,"2026-05-04","Teacher","Ronan, Montana","https://ronan.schoolspring.com/jobs/5689053","Ronan Public Schools","Direct district board","Stable per-posting URL","url:https://ronan.schoolspring.com/jobs/5689053"
"Substitute Custodian",2026-08-11,"2026-04-02","Substitute","Ronan, Montana","https://ronan.schoolspring.com/jobs/5624549","Ronan Public Schools","Direct district board","Stable per-posting URL","url:https://ronan.schoolspring.com/jobs/5624549"
"KWH Paraprofessional",2026-08-11,"2026-04-02","Paraprofessional","Ronan, Montana","https://ronan.schoolspring.com/jobs/5624542","Ronan Public Schools","Direct district board","Stable per-posting URL","url:https://ronan.schoolspring.com/jobs/5624542"
"RMS Teacher ~ Special Education ~ 2026-2027",2026-08-11,"2026-04-01","Teacher","Ronan, Montana","https://ronan.schoolspring.com/jobs/5624560","Ronan Public Schools","Direct district board","Stable per-posting URL","url:https://ronan.schoolspring.com/jobs/5624560"
"Food Service Assistant Cook",2026-08-11,"2026-03-30","Food Services","Ronan, Montana","https://ronan.schoolspring.com/jobs/5616945","Ronan Public Schools","Direct district board","Stable per-posting URL","url:https://ronan.schoolspring.com/jobs/5616945"
"Coach ~ Assistant Football ~ RHS",2026-08-11,"2026-01-28","Athletics","Ronan, Montana","https://ronan.schoolspring.com/jobs/5516680","Ronan Public Schools","Direct district board","Stable per-posting URL","url:https://ronan.schoolspring.com/jobs/5516680"
"Food Service Substitute",2026-08-11,"2025-12-16","Substitute","Ronan, Montana","https://ronan.schoolspring.com/jobs/5473468","Ronan Public Schools","Direct district board","Stable per-posting URL","url:https://ronan.schoolspring.com/jobs/5473468"
"Substitute Teacher",2026-08-11,"2024-05-31","Substitute","Ronan, Montana","https://ronan.schoolspring.com/jobs/4975392","Ronan Public Schools","Direct district board","Stable per-posting URL","url:https://ronan.schoolspring.com/jobs/4975392"
"Substitute School Bus Driver",2026-08-11,"2024-05-31","Substitute","Ronan, Montana","https://ronan.schoolspring.com/jobs/4955037","Ronan Public Schools","Direct district board","Stable per-posting URL","url:https://ronan.schoolspring.com/jobs/4955037"
"BUS - DRIVER",2026-08-11,"2026-06-29","Transportation","Kalispell Public Schools","https://kalispellpublicschoolsmt.tylerportico.com/tess/citizen/jobs/job-list/a76ba87a-ff37-4194-9f9d-b47800b87221","Kalispell Public Schools","Direct district board","Stable per-posting URL","url:https://kalispellpublicschoolsmt.tylerportico.com/tess/citizen/jobs/job-list/a76ba87a-ff37-4194-9f9d-b47800b87221"
"BUS MONITOR",2026-08-11,"2025-07-30","Support Services","Kalispell Public Schools","https://kalispellpublicschoolsmt.tylerportico.com/tess/citizen/jobs/job-list/fb8d984e-510d-4fb8-baa4-b32a00a7554a","Kalispell Public Schools","Direct district board","Stable per-posting URL","url:https://kalispellpublicschoolsmt.tylerportico.com/tess/citizen/jobs/job-list/fb8d984e-510d-4fb8-baa4-b32a00a7554a"
"CENTRAL OFFICE STUDENT INTERN",2026-08-11,"2026-08-06","Other","Kalispell Public Schools","https://kalispellpublicschoolsmt.tylerportico.com/tess/citizen/jobs/job-list/e43f8efe-7385-458d-a8a3-b49e0100988c","Kalispell Public Schools","Direct district board","Stable per-posting URL","url:https://kalispellpublicschoolsmt.tylerportico.com/tess/citizen/jobs/job-list/e43f8efe-7385-458d-a8a3-b49e0100988c"
"CHARTER SCHOOL STUDENT SERVICES COORD",2026-08-11,"2026-03-18","Other","Kalispell Public Schools","https://kalispellpublicschoolsmt.tylerportico.com/tess/citizen/jobs/job-list/febce873-cfcc-42ec-9af1-b41100b822fc","Kalispell Public Schools","Direct district board","Stable per-posting URL","url:https://kalispellpublicschoolsmt.tylerportico.com/tess/citizen/jobs/job-list/febce873-cfcc-42ec-9af1-b41100b822fc"
"COMMUNICATIONS COORD.",2026-08-11,"2026-06-26","Other","Kalispell Public Schools","https://kalispellpublicschoolsmt.tylerportico.com/tess/citizen/jobs/job-list/e05cc591-d5a4-450f-aa05-b475010b5d4d","Kalispell Public Schools","Direct district board","Stable per-posting URL","url:https://kalispellpublicschoolsmt.tylerportico.com/tess/citizen/jobs/job-list/e05cc591-d5a4-450f-aa05-b475010b5d4d"
"ES - TECH",2026-08-11,"2025-09-11","Other","Kalispell Public Schools","https://kalispellpublicschoolsmt.tylerportico.com/tess/citizen/jobs/job-list/df36c559-2abc-431a-9e96-b35500a86f52","Kalispell Public Schools","Direct district board","Stable per-posting URL","url:https://kalispellpublicschoolsmt.tylerportico.com/tess/citizen/jobs/job-list/df36c559-2abc-431a-9e96-b35500a86f52"
"FOOD SERVICE II",2026-08-11,"2025-11-04","Food Services","Kalispell Public Schools","https://kalispellpublicschoolsmt.tylerportico.com/tess/citizen/jobs/job-list/f676d581-5aac-48df-b4b7-b38b00e61e14","Kalispell Public Schools","Direct district board","Stable per-posting URL","url:https://kalispellpublicschoolsmt.tylerportico.com/tess/citizen/jobs/job-list/f676d581-5aac-48df-b4b7-b38b00e61e14"
"FOOD SERVICE LEAD",2026-08-11,"2025-09-03","Food Services","Kalispell Public Schools","https://kalispellpublicschoolsmt.tylerportico.com/tess/citizen/jobs/job-list/67cc761b-c461-4932-a830-b34d00f47abe","Kalispell Public Schools","Direct district board","Stable per-posting URL","url:https://kalispellpublicschoolsmt.tylerportico.com/tess/citizen/jobs/job-list/67cc761b-c461-4932-a830-b34d00f47abe"
"LIBRARY MEDIA SPECIALIST",2026-08-11,"2026-06-03","Teacher","Kalispell Public Schools","https://kalispellpublicschoolsmt.tylerportico.com/tess/citizen/jobs/job-list/7d0512cb-53c1-4e04-93a0-b45e010b9212","Kalispell Public Schools","Direct district board","Stable per-posting URL","url:https://kalispellpublicschoolsmt.tylerportico.com/tess/citizen/jobs/job-list/7d0512cb-53c1-4e04-93a0-b45e010b9212"
"MAINTENANCE I - GROUNDS",2026-08-11,"2026-07-02","Custodial/Maintenance","Kalispell Public Schools","https://kalispellpublicschoolsmt.tylerportico.com/tess/citizen/jobs/job-list/2c5fb5ac-b826-40be-a33b-b47b00fb3562","Kalispell Public Schools","Direct district board","Stable per-posting URL","url:https://kalispellpublicschoolsmt.tylerportico.com/tess/citizen/jobs/job-list/2c5fb5ac-b826-40be-a33b-b47b00fb3562"
"Misc - GIFTED & TALENTED COORDINATOR",2026-08-11,"2026-03-30","Administration","Kalispell Public Schools","https://kalispellpublicschoolsmt.tylerportico.com/tess/citizen/jobs/job-list/7a2844c9-b774-40b0-aa21-b41d0104ac39","Kalispell Public Schools","Direct district board","Stable per-posting URL","url:https://kalispellpublicschoolsmt.tylerportico.com/tess/citizen/jobs/job-list/7a2844c9-b774-40b0-aa21-b41d0104ac39"
"PARAPROFESSIONAL",2026-08-11,"2026-05-01","Paraprofessional","Kalispell Public Schools","https://kalispellpublicschoolsmt.tylerportico.com/tess/citizen/jobs/job-list/e080663a-53d2-434a-b5f1-b43d0112f117","Kalispell Public Schools","Direct district board","Stable per-posting URL","url:https://kalispellpublicschoolsmt.tylerportico.com/tess/citizen/jobs/job-list/e080663a-53d2-434a-b5f1-b43d0112f117"
"PARAPROFESSIONAL",2026-08-11,"2026-06-15","Paraprofessional","Kalispell Public Schools","https://kalispellpublicschoolsmt.tylerportico.com/tess/citizen/jobs/job-list/b32f0a15-4632-463e-9988-b46a011e2e77","Kalispell Public Schools","Direct district board","Stable per-posting URL","url:https://kalispellpublicschoolsmt.tylerportico.com/tess/citizen/jobs/job-list/b32f0a15-4632-463e-9988-b46a011e2e77"
"PARAPROFESSIONAL",2026-08-11,"2026-07-02","Paraprofessional","Kalispell Public Schools","https://kalispellpublicschoolsmt.tylerportico.com/tess/citizen/jobs/job-list/1df63116-05df-4dd8-bbb6-b47b00fa8b56","Kalispell Public Schools","Direct district board","Stable per-posting URL","url:https://kalispellpublicschoolsmt.tylerportico.com/tess/citizen/jobs/job-list/1df63116-05df-4dd8-bbb6-b47b00fa8b56"
"PARAPROFESSIONAL",2026-08-11,"2026-08-06","Paraprofessional","Kalispell Public Schools","https://kalispellpublicschoolsmt.tylerportico.com/tess/citizen/jobs/job-list/69407ac7-da5b-42b3-ba9f-b49e00ffc4fb","Kalispell Public Schools","Direct district board","Stable per-posting URL","url:https://kalispellpublicschoolsmt.tylerportico.com/tess/citizen/jobs/job-list/69407ac7-da5b-42b3-ba9f-b49e00ffc4fb"
"PARAPROFESSIONAL",2026-08-11,"2026-08-11","Paraprofessional","Kalispell Public Schools","https://kalispellpublicschoolsmt.tylerportico.com/tess/citizen/jobs/job-list/e5501ef0-1c8c-4f7f-aadb-b4a300a7f973","Kalispell Public Schools","Direct district board","Stable per-posting URL","url:https://kalispellpublicschoolsmt.tylerportico.com/tess/citizen/jobs/job-list/e5501ef0-1c8c-4f7f-aadb-b4a300a7f973"
"SE - PARAPROFESSIONAL",2026-08-11,"2026-03-19","Paraprofessional","Kalispell Public Schools","https://kalispellpublicschoolsmt.tylerportico.com/tess/citizen/jobs/job-list/ccd4a06d-dfa1-4b68-a701-b412010fc4ba","Kalispell Public Schools","Direct district board","Stable per-posting URL","url:https://kalispellpublicschoolsmt.tylerportico.com/tess/citizen/jobs/job-list/ccd4a06d-dfa1-4b68-a701-b412010fc4ba"
"SE - PARAPROFESSIONAL",2026-08-11,"2026-08-06","Paraprofessional","Kalispell Public Schools","https://kalispellpublicschoolsmt.tylerportico.com/tess/citizen/jobs/job-list/5f173653-6428-409c-922f-b49e00fd622a","Kalispell Public Schools","Direct district board","Stable per-posting URL","url:https://kalispellpublicschoolsmt.tylerportico.com/tess/citizen/jobs/job-list/5f173653-6428-409c-922f-b49e00fd622a"
"SE - PARAPROFESSIONAL - LS",2026-08-11,"2026-08-06","Paraprofessional","Kalispell Public Schools","https://kalispellpublicschoolsmt.tylerportico.com/tess/citizen/jobs/job-list/6b174af5-39fb-4df1-9ea7-b49e01025ea9","Kalispell Public Schools","Direct district board","Stable per-posting URL","url:https://kalispellpublicschoolsmt.tylerportico.com/tess/citizen/jobs/job-list/6b174af5-39fb-4df1-9ea7-b49e01025ea9"
"SE - PARAPROFESSIONAL - LS",2026-08-11,"2026-08-11","Paraprofessional","Kalispell Public Schools","https://kalispellpublicschoolsmt.tylerportico.com/tess/citizen/jobs/job-list/213cf3f6-f2c9-40b6-8377-b4a300a76606","Kalispell Public Schools","Direct district board","Stable per-posting URL","url:https://kalispellpublicschoolsmt.tylerportico.com/tess/citizen/jobs/job-list/213cf3f6-f2c9-40b6-8377-b4a300a76606"
"SE - PARAPROFESSIONAL - LS 19-21",2026-08-11,"2026-08-06","Paraprofessional","Kalispell Public Schools","https://kalispellpublicschoolsmt.tylerportico.com/tess/citizen/jobs/job-list/c84e3a0f-e141-4455-aa97-b49e00fe8900","Kalispell Public Schools","Direct district board","Stable per-posting URL","url:https://kalispellpublicschoolsmt.tylerportico.com/tess/citizen/jobs/job-list/c84e3a0f-e141-4455-aa97-b49e00fe8900"
"SE - PHYSICAL THERAPIST",2026-08-11,"2026-06-12","Support Services","Kalispell Public Schools","https://kalispellpublicschoolsmt.tylerportico.com/tess/citizen/jobs/job-list/a08b16ae-5150-431f-bd38-b46700af890a","Kalispell Public Schools","Direct district board","Stable per-posting URL","url:https://kalispellpublicschoolsmt.tylerportico.com/tess/citizen/jobs/job-list/a08b16ae-5150-431f-bd38-b46700af890a"
"SE - PSYCH",2026-08-11,"2026-06-30","Other","Kalispell Public Schools","https://kalispellpublicschoolsmt.tylerportico.com/tess/citizen/jobs/job-list/70d848f3-eb6e-4f9b-a362-b31501109279","Kalispell Public Schools","Direct district board","Stable per-posting URL","url:https://kalispellpublicschoolsmt.tylerportico.com/tess/citizen/jobs/job-list/70d848f3-eb6e-4f9b-a362-b31501109279"
"SE - SLP TEMP",2026-08-11,"2026-07-02","Other","Kalispell Public Schools","https://kalispellpublicschoolsmt.tylerportico.com/tess/citizen/jobs/job-list/4f94a6ff-abcc-4241-8f98-b47b00f4b4a4","Kalispell Public Schools","Direct district board","Stable per-posting URL","url:https://kalispellpublicschoolsmt.tylerportico.com/tess/citizen/jobs/job-list/4f94a6ff-abcc-4241-8f98-b47b00f4b4a4"
"SE - TEACHER",2026-08-11,"2026-06-12","Teacher","Kalispell Public Schools","https://kalispellpublicschoolsmt.tylerportico.com/tess/citizen/jobs/job-list/e2035868-5fb1-4a82-b743-b46700ad6b43","Kalispell Public Schools","Direct district board","Stable per-posting URL","url:https://kalispellpublicschoolsmt.tylerportico.com/tess/citizen/jobs/job-list/e2035868-5fb1-4a82-b743-b46700ad6b43"
"SE - TEACHER",2026-08-11,"2026-06-24","Teacher","Kalispell Public Schools","https://kalispellpublicschoolsmt.tylerportico.com/tess/citizen/jobs/job-list/7002b309-06b0-4a4d-b763-b4730122750b","Kalispell Public Schools","Direct district board","Stable per-posting URL","url:https://kalispellpublicschoolsmt.tylerportico.com/tess/citizen/jobs/job-list/7002b309-06b0-4a4d-b763-b4730122750b"
"SE - TEACHER LS",2026-08-11,"2026-05-29","Teacher","Kalispell Public Schools","https://kalispellpublicschoolsmt.tylerportico.com/tess/citizen/jobs/job-list/2299389d-20ca-49e5-9e4b-b459016795f1","Kalispell Public Schools","Direct district board","Stable per-posting URL","url:https://kalispellpublicschoolsmt.tylerportico.com/tess/citizen/jobs/job-list/2299389d-20ca-49e5-9e4b-b459016795f1"
"SPECIAL PROJECTS - ACTIVITIES SUPERVISION",2026-08-11,"2026-02-27","Other","Kalispell Public Schools","https://kalispellpublicschoolsmt.tylerportico.com/tess/citizen/jobs/job-list/0024190c-99b2-45e6-8d7f-b3fe00f5a8ea","Kalispell Public Schools","Direct district board","Stable per-posting URL","url:https://kalispellpublicschoolsmt.tylerportico.com/tess/citizen/jobs/job-list/0024190c-99b2-45e6-8d7f-b3fe00f5a8ea"
"STIPEND - BASEBALL HS ASSISTANT",2026-08-11,"2025-11-05","Other","Kalispell Public Schools","https://kalispellpublicschoolsmt.tylerportico.com/tess/citizen/jobs/job-list/d24b31c6-5c8d-4a88-a7a6-b38c00bf7e9b","Kalispell Public Schools","Direct district board","Stable per-posting URL","url:https://kalispellpublicschoolsmt.tylerportico.com/tess/citizen/jobs/job-list/d24b31c6-5c8d-4a88-a7a6-b38c00bf7e9b"
"STIPEND - BPA ADVISOR",2026-08-11,"2026-05-27","Other","Kalispell Public Schools","https://kalispellpublicschoolsmt.tylerportico.com/tess/citizen/jobs/job-list/75f781e1-e8e4-4d0f-9501-b457012c18ef","Kalispell Public Schools","Direct district board","Stable per-posting URL","url:https://kalispellpublicschoolsmt.tylerportico.com/tess/citizen/jobs/job-list/75f781e1-e8e4-4d0f-9501-b457012c18ef"
"STIPEND - CROSS COUNTRY ASSISTAN",2026-08-11,"2026-07-02","Other","Kalispell Public Schools","https://kalispellpublicschoolsmt.tylerportico.com/tess/citizen/jobs/job-list/2aa462c4-7346-44e5-9b3f-b47b00f9f6d1","Kalispell Public Schools","Direct district board","Stable per-posting URL","url:https://kalispellpublicschoolsmt.tylerportico.com/tess/citizen/jobs/job-list/2aa462c4-7346-44e5-9b3f-b47b00f9f6d1"
"STIPEND - FOOTBALL ASSISTANT JV",2026-08-11,"2026-02-27","Athletics","Kalispell Public Schools","https://kalispellpublicschoolsmt.tylerportico.com/tess/citizen/jobs/job-list/1ab14277-9081-48d6-a7b0-b3fe00f45932","Kalispell Public Schools","Direct district board","Stable per-posting URL","url:https://kalispellpublicschoolsmt.tylerportico.com/tess/citizen/jobs/job-list/1ab14277-9081-48d6-a7b0-b3fe00f45932"
"STIPEND - FOOTBALL FROSH",2026-08-11,"2026-05-27","Athletics","Kalispell Public Schools","https://kalispellpublicschoolsmt.tylerportico.com/tess/citizen/jobs/job-list/c89921fa-6755-40c5-8023-b457012d13d8","Kalispell Public Schools","Direct district board","Stable per-posting URL","url:https://kalispellpublicschoolsmt.tylerportico.com/tess/citizen/jobs/job-list/c89921fa-6755-40c5-8023-b457012d13d8"
"STIPEND - FOOTBALL MS",2026-08-11,"2026-04-29","Athletics","Kalispell Public Schools","https://kalispellpublicschoolsmt.tylerportico.com/tess/citizen/jobs/job-list/7e6823ff-e435-4e15-9204-b43b00b3d8ac","Kalispell Public Schools","Direct district board","Stable per-posting URL","url:https://kalispellpublicschoolsmt.tylerportico.com/tess/citizen/jobs/job-list/7e6823ff-e435-4e15-9204-b43b00b3d8ac"
"STIPEND - HOSA ADVISOR",2026-08-11,"2026-06-12","Other","Kalispell Public Schools","https://kalispellpublicschoolsmt.tylerportico.com/tess/citizen/jobs/job-list/c0e027c6-4321-4839-8377-b46700af0874","Kalispell Public Schools","Direct district board","Stable per-posting URL","url:https://kalispellpublicschoolsmt.tylerportico.com/tess/citizen/jobs/job-list/c0e027c6-4321-4839-8377-b46700af0874"
"STIPEND - INST. LEADER (DEPT. HEAD) HS SPED",2026-08-11,"2026-05-29","Other","Kalispell Public Schools","https://kalispellpublicschoolsmt.tylerportico.com/tess/citizen/jobs/job-list/153de02d-48da-44ed-bd07-b4590168891f","Kalispell Public Schools","Direct district board","Stable per-posting URL","url:https://kalispellpublicschoolsmt.tylerportico.com/tess/citizen/jobs/job-list/153de02d-48da-44ed-bd07-b4590168891f"
"STIPEND - SOCCER ASSISTANT JV",2026-08-11,"2026-04-22","Athletics","Kalispell Public Schools","https://kalispellpublicschoolsmt.tylerportico.com/tess/citizen/jobs/job-list/818923c8-ab34-4034-9ae9-b43401142a90","Kalispell Public Schools","Direct district board","Stable per-posting URL","url:https://kalispellpublicschoolsmt.tylerportico.com/tess/citizen/jobs/job-list/818923c8-ab34-4034-9ae9-b43401142a90"
"STIPEND - SOFTBALL HS HEAD",2026-08-11,"2026-06-12","Other","Kalispell Public Schools","https://kalispellpublicschoolsmt.tylerportico.com/tess/citizen/jobs/job-list/7421447d-4c72-4520-b8c7-b46700b11aac","Kalispell Public Schools","Direct district board","Stable per-posting URL","url:https://kalispellpublicschoolsmt.tylerportico.com/tess/citizen/jobs/job-list/7421447d-4c72-4520-b8c7-b46700b11aac"
"STIPEND - SPEECH ASSISTANT",2026-08-11,"2026-06-12","Other","Kalispell Public Schools","https://kalispellpublicschoolsmt.tylerportico.com/tess/citizen/jobs/job-list/ff4cea6c-86ff-46f9-8483-b46700adf462","Kalispell Public Schools","Direct district board","Stable per-posting URL","url:https://kalispellpublicschoolsmt.tylerportico.com/tess/citizen/jobs/job-list/ff4cea6c-86ff-46f9-8483-b46700adf462"
"STIPEND - SWIMMING ASSISTANT JV",2026-08-11,"2025-07-15","Other","Kalispell Public Schools","https://kalispellpublicschoolsmt.tylerportico.com/tess/citizen/jobs/job-list/9e39b507-ef71-4110-9f92-b31b00a5b86d","Kalispell Public Schools","Direct district board","Stable per-posting URL","url:https://kalispellpublicschoolsmt.tylerportico.com/tess/citizen/jobs/job-list/9e39b507-ef71-4110-9f92-b31b00a5b86d"
"STIPEND - SWIMMING ASSISTANT JV",2026-08-11,"2026-05-26","Other","Kalispell Public Schools","https://kalispellpublicschoolsmt.tylerportico.com/tess/citizen/jobs/job-list/267a1dfe-b31b-49f5-ac82-b36900be1226","Kalispell Public Schools","Direct district board","Stable per-posting URL","url:https://kalispellpublicschoolsmt.tylerportico.com/tess/citizen/jobs/job-list/267a1dfe-b31b-49f5-ac82-b36900be1226"
"STIPEND - VOLLEYBALL ASSISTANT COACH(ES)",2026-08-11,"2026-05-05","Athletics","Kalispell Public Schools","https://kalispellpublicschoolsmt.tylerportico.com/tess/citizen/jobs/job-list/edb7fde0-39c8-4dda-8eb2-b44101089b7f","Kalispell Public Schools","Direct district board","Stable per-posting URL","url:https://kalispellpublicschoolsmt.tylerportico.com/tess/citizen/jobs/job-list/edb7fde0-39c8-4dda-8eb2-b44101089b7f"
"STUDENT INTERN SCHOOL COORDINATOR",2026-08-11,"2026-08-06","Administration","Kalispell Public Schools","https://kalispellpublicschoolsmt.tylerportico.com/tess/citizen/jobs/job-list/2c6cf071-f0ab-458b-a9bf-b49e0101c781","Kalispell Public Schools","Direct district board","Stable per-posting URL","url:https://kalispellpublicschoolsmt.tylerportico.com/tess/citizen/jobs/job-list/2c6cf071-f0ab-458b-a9bf-b49e0101c781"
"STUDENT STORE",2026-08-11,"2026-06-26","Other","Kalispell Public Schools","https://kalispellpublicschoolsmt.tylerportico.com/tess/citizen/jobs/job-list/473d68c7-216f-43f5-8c89-b475010d3b72","Kalispell Public Schools","Direct district board","Stable per-posting URL","url:https://kalispellpublicschoolsmt.tylerportico.com/tess/citizen/jobs/job-list/473d68c7-216f-43f5-8c89-b475010d3b72"
"STUDENT WORKER",2026-08-11,"2025-10-07","Other","Kalispell Public Schools","https://kalispellpublicschoolsmt.tylerportico.com/tess/citizen/jobs/job-list/50c9fd96-aa6c-40a6-918b-b36f00b5bc64","Kalispell Public Schools","Direct district board","Stable per-posting URL","url:https://kalispellpublicschoolsmt.tylerportico.com/tess/citizen/jobs/job-list/50c9fd96-aa6c-40a6-918b-b36f00b5bc64"
"SUBSTITUTE - CERTIFIED",2026-08-11,"2025-08-05","Substitute","Kalispell Public Schools","https://kalispellpublicschoolsmt.tylerportico.com/tess/citizen/jobs/job-list/3851f257-0b84-477a-99b6-b33000ba38c5","Kalispell Public Schools","Direct district board","Stable per-posting URL","url:https://kalispellpublicschoolsmt.tylerportico.com/tess/citizen/jobs/job-list/3851f257-0b84-477a-99b6-b33000ba38c5"
"Summer Grounds",2026-08-11,"2026-04-09","Other","Kalispell Public Schools","https://kalispellpublicschoolsmt.tylerportico.com/tess/citizen/jobs/job-list/bb41e31a-a06b-45a7-bfdf-b42700c8082c","Kalispell Public Schools","Direct district board","Stable per-posting URL","url:https://kalispellpublicschoolsmt.tylerportico.com/tess/citizen/jobs/job-list/bb41e31a-a06b-45a7-bfdf-b42700c8082c"
"SUMMER TECH CREW",2026-08-11,"2026-04-09","Other","Kalispell Public Schools","https://kalispellpublicschoolsmt.tylerportico.com/tess/citizen/jobs/job-list/b9d9068a-a7ba-4577-ac36-b42700c52483","Kalispell Public Schools","Direct district board","Stable per-posting URL","url:https://kalispellpublicschoolsmt.tylerportico.com/tess/citizen/jobs/job-list/b9d9068a-a7ba-4577-ac36-b42700c52483"
"TEACHER - PHYSICAL EDUCATION",2026-08-11,"2026-06-15","Teacher","Kalispell Public Schools","https://kalispellpublicschoolsmt.tylerportico.com/tess/citizen/jobs/job-list/42ac7efc-5c9d-4a68-b057-b46a011e896a","Kalispell Public Schools","Direct district board","Stable per-posting URL","url:https://kalispellpublicschoolsmt.tylerportico.com/tess/citizen/jobs/job-list/42ac7efc-5c9d-4a68-b057-b46a011e896a"
"TEACHER - SOCIAL STUDIES",2026-08-11,"2026-06-15","Teacher","Kalispell Public Schools","https://kalispellpublicschoolsmt.tylerportico.com/tess/citizen/jobs/job-list/1e4827d9-b728-46ca-b1e8-b46a011ee70b","Kalispell Public Schools","Direct district board","Stable per-posting URL","url:https://kalispellpublicschoolsmt.tylerportico.com/tess/citizen/jobs/job-list/1e4827d9-b728-46ca-b1e8-b46a011ee70b"
"Substitute",2026-08-11,"2026-08-03","Substitute","District Wide","https://hardinpublic.tedk12.com/hire/index.aspx","Hardin Public Schools","Direct district board","Source fallback: title + location + posted date (no stable posting URL)","fallback:source-fallbackdirect district boardhardin public schoolssubstitutedistrict wide2026-08-03#1"
"Maintenance Technician IV - District Wide",2026-08-11,"2026-07-31","Custodial/Maintenance","District Wide","https://hardinpublic.tedk12.com/hire/index.aspx","Hardin Public Schools","Direct district board","Source fallback: title + location + posted date (no stable posting URL)","fallback:source-fallbackdirect district boardhardin public schoolsmaintenance technician iv - district widedistrict wide2026-07-31#1"
"Paraprofessional, Special Education -Crow Agency, Hardin Primary, Kindergarten Readiness Center- SY26-27",2026-08-11,"2026-06-23","Paraprofessional","District Wide","https://hardinpublic.tedk12.com/hire/index.aspx","Hardin Public Schools","Direct district board","Source fallback: title + location + posted date (no stable posting URL)","fallback:source-fallbackdirect district boardhardin public schoolsparaprofessional, special education -crow agency, hardin primary, kindergarten readiness center- sy26-27district wide2026-06-23#1"
"Paraprofessional - District Wide - SY26-27",2026-08-11,"2026-05-08","Paraprofessional","District Wide","https://hardinpublic.tedk12.com/hire/index.aspx","Hardin Public Schools","Direct district board","Source fallback: title + location + posted date (no stable posting URL)","fallback:source-fallbackdirect district boardhardin public schoolsparaprofessional - district wide - sy26-27district wide2026-05-08#1"
"Special Education Teacher-District Wide SY26-27",2026-08-11,"2026-01-09","Teacher","District Wide","https://hardinpublic.tedk12.com/hire/index.aspx","Hardin Public Schools","Direct district board","Source fallback: title + location + posted date (no stable posting URL)","fallback:source-fallbackdirect district boardhardin public schoolsspecial education teacher-district wide sy26-27district wide2026-01-09#1"
"Elementary Teacher - District Wide  SY26-27",2026-08-11,"2026-01-09","Teacher","District Wide","https://hardinpublic.tedk12.com/hire/index.aspx","Hardin Public Schools","Direct district board","Source fallback: title + location + posted date (no stable posting URL)","fallback:source-fallbackdirect district boardhardin public schoolselementary teacher - district wide sy26-27district wide2026-01-09#1"
"Speech Language Pathologist - District Wide SY26-27",2026-08-11,"2026-01-01","Support Services","District Wide","https://hardinpublic.tedk12.com/hire/index.aspx","Hardin Public Schools","Direct district board","Source fallback: title + location + posted date (no stable posting URL)","fallback:source-fallbackdirect district boardhardin public schoolsspeech language pathologist - district wide sy26-27district wide2026-01-01#1"
"PHS Custodian 2026 (2)",2026-08-11,NA,"Custodial/Maintenance","PARK HIGH SCHOOL","https://4.files.edl.io/b775/03/10/26/215302-1685b9e7-a967-4963-9362-0203af0d2673.pdf","Livingston Public Schools","Direct district board","Stable per-posting URL","url:https://4.files.edl.io/b775/03/10/26/215302-1685b9e7-a967-4963-9362-0203af0d2673.pdf"
"Head Boys Basketball Coach 26 27",2026-08-11,NA,"Athletics","PARK HIGH SCHOOL","https://4.files.edl.io/d5c0/04/13/26/170331-97ad72aa-f29a-4085-a238-3353e7ac66c3.pdf","Livingston Public Schools","Direct district board","Stable per-posting URL","url:https://4.files.edl.io/d5c0/04/13/26/170331-97ad72aa-f29a-4085-a238-3353e7ac66c3.pdf"
"PHS Assistant Volleyball Coaches 2026",2026-08-11,NA,"Athletics","PARK HIGH SCHOOL","https://4.files.edl.io/fac3/05/01/26/181620-30e42cd4-3d89-4a9c-afd4-154f29453bed.pdf","Livingston Public Schools","Direct district board","Stable per-posting URL","url:https://4.files.edl.io/fac3/05/01/26/181620-30e42cd4-3d89-4a9c-afd4-154f29453bed.pdf"
"PHS Assistant Boys Basketball Coach 26 27",2026-08-11,NA,"Athletics","PARK HIGH SCHOOL","https://4.files.edl.io/ae3e/06/08/26/162049-af162282-e52d-4eb6-bb56-a67a7be1900d.pdf","Livingston Public Schools","Direct district board","Stable per-posting URL","url:https://4.files.edl.io/ae3e/06/08/26/162049-af162282-e52d-4eb6-bb56-a67a7be1900d.pdf"
"PHS Assistant Football Coach 2026 27",2026-08-11,NA,"Athletics","PARK HIGH SCHOOL","https://4.files.edl.io/7826/06/08/26/162050-ad36184e-aeb9-49a4-b000-08783a49daad.pdf","Livingston Public Schools","Direct district board","Stable per-posting URL","url:https://4.files.edl.io/7826/06/08/26/162050-ad36184e-aeb9-49a4-b000-08783a49daad.pdf"
"PHS Assistant Boys Soccer Coach 26 27 - Copy",2026-08-11,NA,"Athletics","PARK HIGH SCHOOL","https://4.files.edl.io/d1c5/06/11/26/182852-01914443-44fa-4fb0-8837-6d6cf83f0a57.pdf","Livingston Public Schools","Direct district board","Stable per-posting URL","url:https://4.files.edl.io/d1c5/06/11/26/182852-01914443-44fa-4fb0-8837-6d6cf83f0a57.pdf"
"PHS Math Teacher",2026-08-11,NA,"Teacher","PARK HIGH SCHOOL","https://4.files.edl.io/515e/06/15/26/191235-2720133e-1a3d-4d91-9d0c-700116ebc33b.pdf","Livingston Public Schools","Direct district board","Stable per-posting URL","url:https://4.files.edl.io/515e/06/15/26/191235-2720133e-1a3d-4d91-9d0c-700116ebc33b.pdf"
"PHS BPA Advisor 2026 27",2026-08-11,NA,"Other","PARK HIGH SCHOOL","https://4.files.edl.io/106f/07/31/26/155215-bdba64a1-bce1-43a7-95fc-0713a22e63ef.pdf","Livingston Public Schools","Direct district board","Stable per-posting URL","url:https://4.files.edl.io/106f/07/31/26/155215-bdba64a1-bce1-43a7-95fc-0713a22e63ef.pdf"
"PHS HOSA Advisor 2026 27",2026-08-11,NA,"Other","PARK HIGH SCHOOL","https://4.files.edl.io/9514/07/31/26/155215-2f0276e0-3460-494c-9a55-b0bee4fbc0ff.pdf","Livingston Public Schools","Direct district board","Stable per-posting URL","url:https://4.files.edl.io/9514/07/31/26/155215-2f0276e0-3460-494c-9a55-b0bee4fbc0ff.pdf"
"SGMS Paraeducators 2026 27",2026-08-11,NA,"Paraprofessional","SLEEPING GIANT MIDDLE SCHOOL","https://4.files.edl.io/8726/05/27/26/173138-420840a5-09d1-4089-b634-0a8addbc087b.pdf","Livingston Public Schools","Direct district board","Stable per-posting URL","url:https://4.files.edl.io/8726/05/27/26/173138-420840a5-09d1-4089-b634-0a8addbc087b.pdf"
"SGMS Volleyball Coach 26 27",2026-08-11,NA,"Athletics","SLEEPING GIANT MIDDLE SCHOOL","https://4.files.edl.io/a4df/06/03/26/185322-0d6b375b-cca0-41bc-ae97-c9875455ac87.pdf","Livingston Public Schools","Direct district board","Stable per-posting URL","url:https://4.files.edl.io/a4df/06/03/26/185322-0d6b375b-cca0-41bc-ae97-c9875455ac87.pdf"
"SGMS MTSS WBL Coordinator 26 27",2026-08-11,NA,"Administration","SLEEPING GIANT MIDDLE SCHOOL","https://4.files.edl.io/542e/08/10/26/160847-a118d673-37d3-422a-aee6-b8871632a10e.pdf","Livingston Public Schools","Direct district board","Stable per-posting URL","url:https://4.files.edl.io/542e/08/10/26/160847-a118d673-37d3-422a-aee6-b8871632a10e.pdf"
"LEAP Program High Needs Paraeducator",2026-08-11,NA,"Paraprofessional","STUDENT SUPPORT SERVICES","https://4.files.edl.io/9d3e/05/15/26/170931-2c09c51f-b76b-4a48-accb-83180c0b3a00.pdf","Livingston Public Schools","Direct district board","Stable per-posting URL","url:https://4.files.edl.io/9d3e/05/15/26/170931-2c09c51f-b76b-4a48-accb-83180c0b3a00.pdf"
"New Chapter High Needs Paraeducator 26 27",2026-08-11,NA,"Paraprofessional","STUDENT SUPPORT SERVICES","https://4.files.edl.io/2286/07/07/26/175522-be7bf5c0-d504-4c34-b30f-10a2a3cae11a.pdf","Livingston Public Schools","Direct district board","Stable per-posting URL","url:https://4.files.edl.io/2286/07/07/26/175522-be7bf5c0-d504-4c34-b30f-10a2a3cae11a.pdf"
"After School Activity Coordinator",2026-08-11,NA,"Administration","LINKS FOR LEARNING","https://4.files.edl.io/b470/07/31/26/152622-e9c26d56-8fb4-4849-919f-57d2bcd32628.pdf","Livingston Public Schools","Direct district board","Stable per-posting URL","url:https://4.files.edl.io/b470/07/31/26/152622-e9c26d56-8fb4-4849-919f-57d2bcd32628.pdf"
"After School Program Aide",2026-08-11,NA,"Support Services","LINKS FOR LEARNING","https://4.files.edl.io/3616/07/31/26/152622-4f115f16-7fb3-4d3d-b7d2-a018d1eb1b49.pdf","Livingston Public Schools","Direct district board","Stable per-posting URL","url:https://4.files.edl.io/3616/07/31/26/152622-4f115f16-7fb3-4d3d-b7d2-a018d1eb1b49.pdf"
"Relief Bus Driver 2025",2026-08-11,NA,"Transportation","OTHER DISTRICT POSTINGS","https://4.files.edl.io/a2f2/04/08/25/140200-2a035424-aa22-4b77-a124-537ffb27bdfb.pdf","Livingston Public Schools","Direct district board","Stable per-posting URL","url:https://4.files.edl.io/a2f2/04/08/25/140200-2a035424-aa22-4b77-a124-537ffb27bdfb.pdf"
"Dish_Server_Cashiers 26",2026-08-11,NA,"Other","OTHER DISTRICT POSTINGS","https://4.files.edl.io/c5cb/04/15/26/170421-29e36aab-ed52-409e-a22c-8bbf545863ac.pdf","Livingston Public Schools","Direct district board","Stable per-posting URL","url:https://4.files.edl.io/c5cb/04/15/26/170421-29e36aab-ed52-409e-a22c-8bbf545863ac.pdf"
"Food Service Cook",2026-08-11,NA,"Food Services","OTHER DISTRICT POSTINGS","https://4.files.edl.io/251d/04/15/26/172102-8d960eeb-c8ce-455f-953b-f6922167d962.pdf","Livingston Public Schools","Direct district board","Stable per-posting URL","url:https://4.files.edl.io/251d/04/15/26/172102-8d960eeb-c8ce-455f-953b-f6922167d962.pdf"
"Agriculture Education HS 7-12",2026-08-11,NA,"Other","Certified","https://www.lgschools.org/apps/pages/index.jsp?uREC_ID=373420&type=d","Lodge Grass Public Schools","Direct district board","Source fallback: title + location + posted date (no stable posting URL)","fallback:source-fallbackdirect district boardlodge grass public schoolsagriculture education hs 7-12certifiedNA#1"
"Mathematics HS 7-12",2026-08-11,NA,"Teacher","Certified","https://www.lgschools.org/apps/pages/index.jsp?uREC_ID=373420&type=d","Lodge Grass Public Schools","Direct district board","Source fallback: title + location + posted date (no stable posting URL)","fallback:source-fallbackdirect district boardlodge grass public schoolsmathematics hs 7-12certifiedNA#1"
"Social Studies HS 7-12",2026-08-11,NA,"Other","Certified","https://www.lgschools.org/apps/pages/index.jsp?uREC_ID=373420&type=d","Lodge Grass Public Schools","Direct district board","Source fallback: title + location + posted date (no stable posting URL)","fallback:source-fallbackdirect district boardlodge grass public schoolssocial studies hs 7-12certifiedNA#1"
"Business Education HS 7-12",2026-08-11,NA,"Other","Certified","https://www.lgschools.org/apps/pages/index.jsp?uREC_ID=373420&type=d","Lodge Grass Public Schools","Direct district board","Source fallback: title + location + posted date (no stable posting URL)","fallback:source-fallbackdirect district boardlodge grass public schoolsbusiness education hs 7-12certifiedNA#1"
"Junior High 7-8",2026-08-11,NA,"Other","Certified","https://www.lgschools.org/apps/pages/index.jsp?uREC_ID=373420&type=d","Lodge Grass Public Schools","Direct district board","Source fallback: title + location + posted date (no stable posting URL)","fallback:source-fallbackdirect district boardlodge grass public schoolsjunior high 7-8certifiedNA#1"
"Art HS 7-12",2026-08-11,NA,"Other","Certified","https://www.lgschools.org/apps/pages/index.jsp?uREC_ID=373420&type=d","Lodge Grass Public Schools","Direct district board","Source fallback: title + location + posted date (no stable posting URL)","fallback:source-fallbackdirect district boardlodge grass public schoolsart hs 7-12certifiedNA#1"
"P.E. / HEALTH HS 7-12",2026-08-11,NA,"Other","Certified","https://www.lgschools.org/apps/pages/index.jsp?uREC_ID=373420&type=d","Lodge Grass Public Schools","Direct district board","Source fallback: title + location + posted date (no stable posting URL)","fallback:source-fallbackdirect district boardlodge grass public schoolsp.e. / health hs 7-12certifiedNA#1"
"Elementary Teacher k-6",2026-08-11,NA,"Teacher","Certified","https://www.lgschools.org/apps/pages/index.jsp?uREC_ID=373420&type=d","Lodge Grass Public Schools","Direct district board","Source fallback: title + location + posted date (no stable posting URL)","fallback:source-fallbackdirect district boardlodge grass public schoolselementary teacher k-6certifiedNA#1"
"Elementary Principal k-6",2026-08-11,NA,"Administration","Certified","https://www.lgschools.org/apps/pages/index.jsp?uREC_ID=373420&type=d","Lodge Grass Public Schools","Direct district board","Source fallback: title + location + posted date (no stable posting URL)","fallback:source-fallbackdirect district boardlodge grass public schoolselementary principal k-6certifiedNA#1"
"Certified Reading Specialist",2026-08-11,NA,"Other","Certified","https://www.lgschools.org/apps/pages/index.jsp?uREC_ID=373420&type=d","Lodge Grass Public Schools","Direct district board","Source fallback: title + location + posted date (no stable posting URL)","fallback:source-fallbackdirect district boardlodge grass public schoolscertified reading specialistcertifiedNA#1"
"Certified Special Ed. Teacher (Elementary)",2026-08-11,NA,"Teacher","Certified","https://www.lgschools.org/apps/pages/index.jsp?uREC_ID=373420&type=d","Lodge Grass Public Schools","Direct district board","Source fallback: title + location + posted date (no stable posting URL)","fallback:source-fallbackdirect district boardlodge grass public schoolscertified special ed. teacher (elementary)certifiedNA#1"
"Special Education Paraprofessional",2026-08-11,NA,"Paraprofessional","Classified","https://www.lgschools.org/apps/pages/index.jsp?uREC_ID=373420&type=d&termREC_ID=&pREC_ID=1206958","Lodge Grass Public Schools","Direct district board","Source fallback: title + location + posted date (no stable posting URL)","fallback:source-fallbackdirect district boardlodge grass public schoolsspecial education paraprofessionalclassifiedNA#1"
"Regular Ed Paraprofessional",2026-08-11,NA,"Paraprofessional","Classified","https://www.lgschools.org/apps/pages/index.jsp?uREC_ID=373420&type=d&termREC_ID=&pREC_ID=1206958","Lodge Grass Public Schools","Direct district board","Source fallback: title + location + posted date (no stable posting URL)","fallback:source-fallbackdirect district boardlodge grass public schoolsregular ed paraprofessionalclassifiedNA#1"
"Security Guard",2026-08-11,NA,"Other","Classified","https://www.lgschools.org/apps/pages/index.jsp?uREC_ID=373420&type=d&termREC_ID=&pREC_ID=1206958","Lodge Grass Public Schools","Direct district board","Source fallback: title + location + posted date (no stable posting URL)","fallback:source-fallbackdirect district boardlodge grass public schoolssecurity guardclassifiedNA#1"
"Athletic Director",2026-08-11,NA,"Athletics","Classified","https://www.lgschools.org/apps/pages/index.jsp?uREC_ID=373420&type=d&termREC_ID=&pREC_ID=1206958","Lodge Grass Public Schools","Direct district board","Source fallback: title + location + posted date (no stable posting URL)","fallback:source-fallbackdirect district boardlodge grass public schoolsathletic directorclassifiedNA#1"
"JH/HS Assistant Principal",2026-08-11,NA,"Administration","Wolf Point","https://www.wolfpointschools.org/page/job-opportunities-1","Wolf Point Public Schools","Direct district board","Source fallback: title + location + posted date (no stable posting URL)","fallback:source-fallbackdirect district boardwolf point public schoolsjh/hs assistant principalwolf pointNA#1"
"Athletic/Activity Director",2026-08-11,NA,"Athletics","Wolf Point","https://www.wolfpointschools.org/page/job-opportunities-1","Wolf Point Public Schools","Direct district board","Source fallback: title + location + posted date (no stable posting URL)","fallback:source-fallbackdirect district boardwolf point public schoolsathletic/activity directorwolf pointNA#1"
"HS Vo-Ag Teacher",2026-08-11,NA,"Teacher","Wolf Point","https://www.wolfpointschools.org/page/job-opportunities-1","Wolf Point Public Schools","Direct district board","Source fallback: title + location + posted date (no stable posting URL)","fallback:source-fallbackdirect district boardwolf point public schoolshs vo-ag teacherwolf pointNA#1"
"Elementary Teacher",2026-08-11,NA,"Teacher","Wolf Point","https://www.wolfpointschools.org/page/job-opportunities-1","Wolf Point Public Schools","Direct district board","Source fallback: title + location + posted date (no stable posting URL)","fallback:source-fallbackdirect district boardwolf point public schoolselementary teacherwolf pointNA#1"
"Family Consumer Science",2026-08-11,NA,"Teacher","Wolf Point","https://www.wolfpointschools.org/page/job-opportunities-1","Wolf Point Public Schools","Direct district board","Source fallback: title + location + posted date (no stable posting URL)","fallback:source-fallbackdirect district boardwolf point public schoolsfamily consumer sciencewolf pointNA#1"
"JH English Teacher",2026-08-11,NA,"Teacher","Wolf Point","https://www.wolfpointschools.org/page/job-opportunities-1","Wolf Point Public Schools","Direct district board","Source fallback: title + location + posted date (no stable posting URL)","fallback:source-fallbackdirect district boardwolf point public schoolsjh english teacherwolf pointNA#1"
"JH Science",2026-08-11,NA,"Teacher","Wolf Point","https://www.wolfpointschools.org/page/job-opportunities-1","Wolf Point Public Schools","Direct district board","Source fallback: title + location + posted date (no stable posting URL)","fallback:source-fallbackdirect district boardwolf point public schoolsjh sciencewolf pointNA#1"
"JH/HS Choir/Band Teacher",2026-08-11,NA,"Teacher","Wolf Point","https://www.wolfpointschools.org/page/job-opportunities-1","Wolf Point Public Schools","Direct district board","Source fallback: title + location + posted date (no stable posting URL)","fallback:source-fallbackdirect district boardwolf point public schoolsjh/hs choir/band teacherwolf pointNA#1"
"Assistant Cook-Starts at $16.50/hr",2026-08-11,NA,"Food Services","Wolf Point","https://www.wolfpointschools.org/page/job-opportunities-1","Wolf Point Public Schools","Direct district board","Source fallback: title + location + posted date (no stable posting URL)","fallback:source-fallbackdirect district boardwolf point public schoolsassistant cook-starts at $16.50/hrwolf pointNA#1"
"Paraprofessionals",2026-08-11,NA,"Paraprofessional","Wolf Point","https://www.wolfpointschools.org/page/job-opportunities-1","Wolf Point Public Schools","Direct district board","Source fallback: title + location + posted date (no stable posting URL)","fallback:source-fallbackdirect district boardwolf point public schoolsparaprofessionalswolf pointNA#1"
"Family School Coordinator",2026-08-11,NA,"Administration","Wolf Point","https://www.wolfpointschools.org/page/job-opportunities-1","Wolf Point Public Schools","Direct district board","Source fallback: title + location + posted date (no stable posting URL)","fallback:source-fallbackdirect district boardwolf point public schoolsfamily school coordinatorwolf pointNA#1"
"School Secretary",2026-08-11,NA,"Staff","Wolf Point","https://www.wolfpointschools.org/page/job-opportunities-1","Wolf Point Public Schools","Direct district board","Source fallback: title + location + posted date (no stable posting URL)","fallback:source-fallbackdirect district boardwolf point public schoolsschool secretarywolf pointNA#1"
"Assistant Custodian",2026-08-11,NA,"Custodial/Maintenance","Wolf Point","https://www.wolfpointschools.org/page/job-opportunities-1","Wolf Point Public Schools","Direct district board","Source fallback: title + location + posted date (no stable posting URL)","fallback:source-fallbackdirect district boardwolf point public schoolsassistant custodianwolf pointNA#1"
"School Resource Officer (SRO)",2026-08-11,NA,"Support Services","Wolf Point","https://www.wolfpointschools.org/page/job-opportunities-1","Wolf Point Public Schools","Direct district board","Source fallback: title + location + posted date (no stable posting URL)","fallback:source-fallbackdirect district boardwolf point public schoolsschool resource officer (sro)wolf pointNA#1"
"Substitute Teachers",2026-08-11,NA,"Substitute","Wolf Point","https://www.wolfpointschools.org/page/job-opportunities-1","Wolf Point Public Schools","Direct district board","Source fallback: title + location + posted date (no stable posting URL)","fallback:source-fallbackdirect district boardwolf point public schoolssubstitute teacherswolf pointNA#1"
"Activity Bus Driver-$20.00/hour",2026-08-11,NA,"Transportation","Wolf Point","https://www.wolfpointschools.org/page/job-opportunities-1","Wolf Point Public Schools","Direct district board","Source fallback: title + location + posted date (no stable posting URL)","fallback:source-fallbackdirect district boardwolf point public schoolsactivity bus driver-$20.00/hourwolf pointNA#1"
"Route Bus Driver",2026-08-11,NA,"Transportation","Wolf Point","https://www.wolfpointschools.org/page/job-opportunities-1","Wolf Point Public Schools","Direct district board","Source fallback: title + location + posted date (no stable posting URL)","fallback:source-fallbackdirect district boardwolf point public schoolsroute bus driverwolf pointNA#1"
"HS Football Assistant Coach",2026-08-11,NA,"Athletics","Wolf Point","https://www.wolfpointschools.org/page/job-opportunities-1","Wolf Point Public Schools","Direct district board","Source fallback: title + location + posted date (no stable posting URL)","fallback:source-fallbackdirect district boardwolf point public schoolshs football assistant coachwolf pointNA#1"
"JH Assistant Volleyball Coach",2026-08-11,NA,"Athletics","Wolf Point","https://www.wolfpointschools.org/page/job-opportunities-1","Wolf Point Public Schools","Direct district board","Source fallback: title + location + posted date (no stable posting URL)","fallback:source-fallbackdirect district boardwolf point public schoolsjh assistant volleyball coachwolf pointNA#1"
"Assistant Cook",2026-08-11,"2026-07-13","Food Services","Plentywood","https://www.plentywood.k12.mt.us/o/plentywood/page/employment-opportunities","Plentywood Public Schools","Direct district board","Source fallback: title + location + posted date (no stable posting URL)","fallback:source-fallbackdirect district boardplentywood public schoolsassistant cookplentywood2026-07-13#1"
"Activities Bus Driver",2026-08-11,"2026-07-13","Transportation","Plentywood","https://www.plentywood.k12.mt.us/o/plentywood/page/employment-opportunities","Plentywood Public Schools","Direct district board","Source fallback: title + location + posted date (no stable posting URL)","fallback:source-fallbackdirect district boardplentywood public schoolsactivities bus driverplentywood2026-07-13#1"
"Substitute Teachers",2026-08-11,"2026-07-13","Substitute","Plentywood","https://www.plentywood.k12.mt.us/o/plentywood/page/employment-opportunities","Plentywood Public Schools","Direct district board","Source fallback: title + location + posted date (no stable posting URL)","fallback:source-fallbackdirect district boardplentywood public schoolssubstitute teachersplentywood2026-07-13#1"
"Paraprofessional",2026-08-11,"2026-07-13","Paraprofessional","Plentywood","https://www.plentywood.k12.mt.us/o/plentywood/page/employment-opportunities","Plentywood Public Schools","Direct district board","Source fallback: title + location + posted date (no stable posting URL)","fallback:source-fallbackdirect district boardplentywood public schoolsparaprofessionalplentywood2026-07-13#1"
"Elementary Curriculum",2026-08-11,"2026-08-11","Other","Stevensville","https://apps.opi.mt.gov/mtjobsforteachers/frmJobListingPublic.aspx","Stevensville","OPI Jobs for Teachers (statewide)","OPI fallback: title + raw location + posted date (not a stable OPI ID)","fallback:opi-fallbackopi jobs for teachers (statewide)stevensvilleelementary curriculumstevensville2026-08-11#1"
"Elementary Curriculum",2026-08-11,"2026-08-11","Other","Stevensville","https://apps.opi.mt.gov/mtjobsforteachers/frmJobListingPublic.aspx","Stevensville","OPI Jobs for Teachers (statewide)","OPI fallback: title + raw location + posted date (not a stable OPI ID)","fallback:opi-fallbackopi jobs for teachers (statewide)stevensvilleelementary curriculumstevensville2026-08-11#2"
"School Counseling",2026-08-11,"2026-08-10","Other","Harlem","https://apps.opi.mt.gov/mtjobsforteachers/frmJobListingPublic.aspx","Harlem","OPI Jobs for Teachers (statewide)","OPI fallback: title + raw location + posted date (not a stable OPI ID)","fallback:opi-fallbackopi jobs for teachers (statewide)harlemschool counselingharlem2026-08-10#1"
"Nurse",2026-08-11,"2026-08-10","Other","Harlem","https://apps.opi.mt.gov/mtjobsforteachers/frmJobListingPublic.aspx","Harlem","OPI Jobs for Teachers (statewide)","OPI fallback: title + raw location + posted date (not a stable OPI ID)","fallback:opi-fallbackopi jobs for teachers (statewide)harlemnurseharlem2026-08-10#1"
"Social Studies (Broadfield)",2026-08-11,"2026-08-10","Other","Malta","https://apps.opi.mt.gov/mtjobsforteachers/frmJobListingPublic.aspx","Malta","OPI Jobs for Teachers (statewide)","OPI fallback: title + raw location + posted date (not a stable OPI ID)","fallback:opi-fallbackopi jobs for teachers (statewide)maltasocial studies (broadfield)malta2026-08-10#1"
"Music",2026-08-11,"2026-08-10","Other","Malta","https://apps.opi.mt.gov/mtjobsforteachers/frmJobListingPublic.aspx","Malta","OPI Jobs for Teachers (statewide)","OPI fallback: title + raw location + posted date (not a stable OPI ID)","fallback:opi-fallbackopi jobs for teachers (statewide)maltamusicmalta2026-08-10#1"
"Other",2026-08-11,"2026-08-10","Other","Stevensville","https://apps.opi.mt.gov/mtjobsforteachers/frmJobListingPublic.aspx","Stevensville","OPI Jobs for Teachers (statewide)","OPI fallback: title + raw location + posted date (not a stable OPI ID)","fallback:opi-fallbackopi jobs for teachers (statewide)stevensvilleotherstevensville2026-08-10#1"
"Elementary Curriculum",2026-08-11,"2026-08-10","Other","Missoula","https://apps.opi.mt.gov/mtjobsforteachers/frmJobListingPublic.aspx","Missoula","OPI Jobs for Teachers (statewide)","OPI fallback: title + raw location + posted date (not a stable OPI ID)","fallback:opi-fallbackopi jobs for teachers (statewide)missoulaelementary curriculummissoula2026-08-10#1"
"Special Education",2026-08-11,"2026-08-10","Other","Missoula","https://apps.opi.mt.gov/mtjobsforteachers/frmJobListingPublic.aspx","Missoula","OPI Jobs for Teachers (statewide)","OPI fallback: title + raw location + posted date (not a stable OPI ID)","fallback:opi-fallbackopi jobs for teachers (statewide)missoulaspecial educationmissoula2026-08-10#1"
"Special Education",2026-08-11,"2026-08-10","Other","Missoula","https://apps.opi.mt.gov/mtjobsforteachers/frmJobListingPublic.aspx","Missoula","OPI Jobs for Teachers (statewide)","OPI fallback: title + raw location + posted date (not a stable OPI ID)","fallback:opi-fallbackopi jobs for teachers (statewide)missoulaspecial educationmissoula2026-08-10#2"
"Special Education",2026-08-11,"2026-08-10","Other","Montana City","https://apps.opi.mt.gov/mtjobsforteachers/frmJobListingPublic.aspx","Montana City","OPI Jobs for Teachers (statewide)","OPI fallback: title + raw location + posted date (not a stable OPI ID)","fallback:opi-fallbackopi jobs for teachers (statewide)montana cityspecial educationmontana city2026-08-10#1"
"Elementary Curriculum",2026-08-11,"2026-08-10","Other","Geraldine","https://apps.opi.mt.gov/mtjobsforteachers/frmJobListingPublic.aspx","Geraldine","OPI Jobs for Teachers (statewide)","OPI fallback: title + raw location + posted date (not a stable OPI ID)","fallback:opi-fallbackopi jobs for teachers (statewide)geraldineelementary curriculumgeraldine2026-08-10#1"
"Coach",2026-08-11,"2026-08-07","Athletics","Glendive","https://apps.opi.mt.gov/mtjobsforteachers/frmJobListingPublic.aspx","Glendive","OPI Jobs for Teachers (statewide)","OPI fallback: title + raw location + posted date (not a stable OPI ID)","fallback:opi-fallbackopi jobs for teachers (statewide)glendivecoachglendive2026-08-07#1"
"Special Education",2026-08-11,"2026-08-07","Other","Glendive","https://apps.opi.mt.gov/mtjobsforteachers/frmJobListingPublic.aspx","Glendive","OPI Jobs for Teachers (statewide)","OPI fallback: title + raw location + posted date (not a stable OPI ID)","fallback:opi-fallbackopi jobs for teachers (statewide)glendivespecial educationglendive2026-08-07#1"
"Elementary Curriculum",2026-08-11,"2026-08-07","Other","Billings","https://apps.opi.mt.gov/mtjobsforteachers/frmJobListingPublic.aspx","Billings","OPI Jobs for Teachers (statewide)","OPI fallback: title + raw location + posted date (not a stable OPI ID)","fallback:opi-fallbackopi jobs for teachers (statewide)billingselementary curriculumbillings2026-08-07#1"
"CTE – Industrial Technology Education",2026-08-11,"2026-08-06","Other","Wolf Point","https://apps.opi.mt.gov/mtjobsforteachers/frmJobListingPublic.aspx","Wolf Point","OPI Jobs for Teachers (statewide)","OPI fallback: title + raw location + posted date (not a stable OPI ID)","fallback:opi-fallbackopi jobs for teachers (statewide)wolf pointcte – industrial technology educationwolf point2026-08-06#1"
"Administrative - Other",2026-08-11,"2026-08-06","Administration","Wolf Point, Montana","https://apps.opi.mt.gov/mtjobsforteachers/frmJobListingPublic.aspx","Wolf Point, Montana","OPI Jobs for Teachers (statewide)","OPI fallback: title + raw location + posted date (not a stable OPI ID)","fallback:opi-fallbackopi jobs for teachers (statewide)wolf point, montanaadministrative - otherwolf point, montana2026-08-06#1"
"English",2026-08-11,"2026-08-06","Teacher","Wolf Point","https://apps.opi.mt.gov/mtjobsforteachers/frmJobListingPublic.aspx","Wolf Point","OPI Jobs for Teachers (statewide)","OPI fallback: title + raw location + posted date (not a stable OPI ID)","fallback:opi-fallbackopi jobs for teachers (statewide)wolf pointenglishwolf point2026-08-06#1"
"CTE – Agricultural Education",2026-08-11,"2026-08-06","Other","Wolf Point","https://apps.opi.mt.gov/mtjobsforteachers/frmJobListingPublic.aspx","Wolf Point","OPI Jobs for Teachers (statewide)","OPI fallback: title + raw location + posted date (not a stable OPI ID)","fallback:opi-fallbackopi jobs for teachers (statewide)wolf pointcte – agricultural educationwolf point2026-08-06#1"
"Elementary Curriculum",2026-08-11,"2026-08-06","Other","Colstrip","https://apps.opi.mt.gov/mtjobsforteachers/frmJobListingPublic.aspx","Colstrip","OPI Jobs for Teachers (statewide)","OPI fallback: title + raw location + posted date (not a stable OPI ID)","fallback:opi-fallbackopi jobs for teachers (statewide)colstripelementary curriculumcolstrip2026-08-06#1"
"Administrative - Principal",2026-08-11,"2026-08-06","Administration","Colstrip","https://apps.opi.mt.gov/mtjobsforteachers/frmJobListingPublic.aspx","Colstrip","OPI Jobs for Teachers (statewide)","OPI fallback: title + raw location + posted date (not a stable OPI ID)","fallback:opi-fallbackopi jobs for teachers (statewide)colstripadministrative - principalcolstrip2026-08-06#1"
"School Counseling",2026-08-11,"2026-08-06","Other","Colstrip","https://apps.opi.mt.gov/mtjobsforteachers/frmJobListingPublic.aspx","Colstrip","OPI Jobs for Teachers (statewide)","OPI fallback: title + raw location + posted date (not a stable OPI ID)","fallback:opi-fallbackopi jobs for teachers (statewide)colstripschool counselingcolstrip2026-08-06#1"
"Other",2026-08-11,"2026-08-06","Other","Wolf Point","https://apps.opi.mt.gov/mtjobsforteachers/frmJobListingPublic.aspx","Wolf Point","OPI Jobs for Teachers (statewide)","OPI fallback: title + raw location + posted date (not a stable OPI ID)","fallback:opi-fallbackopi jobs for teachers (statewide)wolf pointotherwolf point2026-08-06#1"
"Administrative - Principal",2026-08-11,"2026-08-06","Administration","Colstrip","https://apps.opi.mt.gov/mtjobsforteachers/frmJobListingPublic.aspx","Colstrip","OPI Jobs for Teachers (statewide)","OPI fallback: title + raw location + posted date (not a stable OPI ID)","fallback:opi-fallbackopi jobs for teachers (statewide)colstripadministrative - principalcolstrip2026-08-06#2"
"Mathematics",2026-08-11,"2026-08-06","Teacher","Arlee","https://apps.opi.mt.gov/mtjobsforteachers/frmJobListingPublic.aspx","Arlee","OPI Jobs for Teachers (statewide)","OPI fallback: title + raw location + posted date (not a stable OPI ID)","fallback:opi-fallbackopi jobs for teachers (statewide)arleemathematicsarlee2026-08-06#1"
"Elementary Curriculum",2026-08-11,"2026-08-06","Other","Missoula","https://apps.opi.mt.gov/mtjobsforteachers/frmJobListingPublic.aspx","Missoula","OPI Jobs for Teachers (statewide)","OPI fallback: title + raw location + posted date (not a stable OPI ID)","fallback:opi-fallbackopi jobs for teachers (statewide)missoulaelementary curriculummissoula2026-08-06#1"
"Special Education",2026-08-11,"2026-08-05","Other","Libby","https://apps.opi.mt.gov/mtjobsforteachers/frmJobListingPublic.aspx","Libby","OPI Jobs for Teachers (statewide)","OPI fallback: title + raw location + posted date (not a stable OPI ID)","fallback:opi-fallbackopi jobs for teachers (statewide)libbyspecial educationlibby2026-08-05#1"
"School Psychologist",2026-08-11,"2026-08-05","Support Services","Frenchtown","https://apps.opi.mt.gov/mtjobsforteachers/frmJobListingPublic.aspx","Frenchtown","OPI Jobs for Teachers (statewide)","OPI fallback: title + raw location + posted date (not a stable OPI ID)","fallback:opi-fallbackopi jobs for teachers (statewide)frenchtownschool psychologistfrenchtown2026-08-05#1"
"Mathematics",2026-08-11,"2026-08-05","Teacher","Libby","https://apps.opi.mt.gov/mtjobsforteachers/frmJobListingPublic.aspx","Libby","OPI Jobs for Teachers (statewide)","OPI fallback: title + raw location + posted date (not a stable OPI ID)","fallback:opi-fallbackopi jobs for teachers (statewide)libbymathematicslibby2026-08-05#1"
"Elementary Curriculum",2026-08-11,"2026-08-05","Other","Libby","https://apps.opi.mt.gov/mtjobsforteachers/frmJobListingPublic.aspx","Libby","OPI Jobs for Teachers (statewide)","OPI fallback: title + raw location + posted date (not a stable OPI ID)","fallback:opi-fallbackopi jobs for teachers (statewide)libbyelementary curriculumlibby2026-08-05#1"
"Other",2026-08-11,"2026-08-05","Other","Libby","https://apps.opi.mt.gov/mtjobsforteachers/frmJobListingPublic.aspx","Libby","OPI Jobs for Teachers (statewide)","OPI fallback: title + raw location + posted date (not a stable OPI ID)","fallback:opi-fallbackopi jobs for teachers (statewide)libbyotherlibby2026-08-05#1"
"Paraprofessional - Instructional",2026-08-11,"2026-08-05","Paraprofessional","Kalispell","https://apps.opi.mt.gov/mtjobsforteachers/frmJobListingPublic.aspx","Kalispell","OPI Jobs for Teachers (statewide)","OPI fallback: title + raw location + posted date (not a stable OPI ID)","fallback:opi-fallbackopi jobs for teachers (statewide)kalispellparaprofessional - instructionalkalispell2026-08-05#1"
"Special Education",2026-08-11,"2026-08-05","Other","Billings","https://apps.opi.mt.gov/mtjobsforteachers/frmJobListingPublic.aspx","Billings","OPI Jobs for Teachers (statewide)","OPI fallback: title + raw location + posted date (not a stable OPI ID)","fallback:opi-fallbackopi jobs for teachers (statewide)billingsspecial educationbillings2026-08-05#1"
"Mathematics",2026-08-11,"2026-08-04","Teacher","Billings","https://apps.opi.mt.gov/mtjobsforteachers/frmJobListingPublic.aspx","Billings","OPI Jobs for Teachers (statewide)","OPI fallback: title + raw location + posted date (not a stable OPI ID)","fallback:opi-fallbackopi jobs for teachers (statewide)billingsmathematicsbillings2026-08-04#1"
"Administrative - Principal",2026-08-11,"2026-08-04","Administration","Billings","https://apps.opi.mt.gov/mtjobsforteachers/frmJobListingPublic.aspx","Billings","OPI Jobs for Teachers (statewide)","OPI fallback: title + raw location + posted date (not a stable OPI ID)","fallback:opi-fallbackopi jobs for teachers (statewide)billingsadministrative - principalbillings2026-08-04#1"
"Elementary Curriculum",2026-08-11,"2026-08-04","Other","Geraldine","https://apps.opi.mt.gov/mtjobsforteachers/frmJobListingPublic.aspx","Geraldine","OPI Jobs for Teachers (statewide)","OPI fallback: title + raw location + posted date (not a stable OPI ID)","fallback:opi-fallbackopi jobs for teachers (statewide)geraldineelementary curriculumgeraldine2026-08-04#1"
"Physical Ed",2026-08-11,"2026-08-04","Other","Geraldine","https://apps.opi.mt.gov/mtjobsforteachers/frmJobListingPublic.aspx","Geraldine","OPI Jobs for Teachers (statewide)","OPI fallback: title + raw location + posted date (not a stable OPI ID)","fallback:opi-fallbackopi jobs for teachers (statewide)geraldinephysical edgeraldine2026-08-04#1"
"Paraprofessional - Instructional",2026-08-11,"2026-08-04","Paraprofessional","Missoula","https://apps.opi.mt.gov/mtjobsforteachers/frmJobListingPublic.aspx","Missoula","OPI Jobs for Teachers (statewide)","OPI fallback: title + raw location + posted date (not a stable OPI ID)","fallback:opi-fallbackopi jobs for teachers (statewide)missoulaparaprofessional - instructionalmissoula2026-08-04#1"
"World Languages",2026-08-11,"2026-08-04","Other","Stevensville","https://apps.opi.mt.gov/mtjobsforteachers/frmJobListingPublic.aspx","Stevensville","OPI Jobs for Teachers (statewide)","OPI fallback: title + raw location + posted date (not a stable OPI ID)","fallback:opi-fallbackopi jobs for teachers (statewide)stevensvilleworld languagesstevensville2026-08-04#1"
"Elementary Curriculum",2026-08-11,"2026-08-04","Other","Roundup","https://apps.opi.mt.gov/mtjobsforteachers/frmJobListingPublic.aspx","Roundup","OPI Jobs for Teachers (statewide)","OPI fallback: title + raw location + posted date (not a stable OPI ID)","fallback:opi-fallbackopi jobs for teachers (statewide)roundupelementary curriculumroundup2026-08-04#1"
"Special Education",2026-08-11,"2026-08-03","Other","Whitefish","https://apps.opi.mt.gov/mtjobsforteachers/frmJobListingPublic.aspx","Whitefish","OPI Jobs for Teachers (statewide)","OPI fallback: title + raw location + posted date (not a stable OPI ID)","fallback:opi-fallbackopi jobs for teachers (statewide)whitefishspecial educationwhitefish2026-08-03#1"
"School Psychologist",2026-08-11,"2026-08-03","Support Services","Whitefish","https://apps.opi.mt.gov/mtjobsforteachers/frmJobListingPublic.aspx","Whitefish","OPI Jobs for Teachers (statewide)","OPI fallback: title + raw location + posted date (not a stable OPI ID)","fallback:opi-fallbackopi jobs for teachers (statewide)whitefishschool psychologistwhitefish2026-08-03#1"
"Special Education",2026-08-11,"2026-08-03","Other","Whitefish","https://apps.opi.mt.gov/mtjobsforteachers/frmJobListingPublic.aspx","Whitefish","OPI Jobs for Teachers (statewide)","OPI fallback: title + raw location + posted date (not a stable OPI ID)","fallback:opi-fallbackopi jobs for teachers (statewide)whitefishspecial educationwhitefish2026-08-03#2"
"Administrative - Other",2026-08-11,"2026-08-03","Administration","East Helena","https://apps.opi.mt.gov/mtjobsforteachers/frmJobListingPublic.aspx","East Helena","OPI Jobs for Teachers (statewide)","OPI fallback: title + raw location + posted date (not a stable OPI ID)","fallback:opi-fallbackopi jobs for teachers (statewide)east helenaadministrative - othereast helena2026-08-03#1"
"Music",2026-08-11,"2026-08-03","Other","LOLO","https://apps.opi.mt.gov/mtjobsforteachers/frmJobListingPublic.aspx","LOLO","OPI Jobs for Teachers (statewide)","OPI fallback: title + raw location + posted date (not a stable OPI ID)","fallback:opi-fallbackopi jobs for teachers (statewide)lolomusiclolo2026-08-03#1"
"Elementary Curriculum",2026-08-11,"2026-08-03","Other","Miles City, MT","https://apps.opi.mt.gov/mtjobsforteachers/frmJobListingPublic.aspx","Miles City, MT","OPI Jobs for Teachers (statewide)","OPI fallback: title + raw location + posted date (not a stable OPI ID)","fallback:opi-fallbackopi jobs for teachers (statewide)miles city, mtelementary curriculummiles city, mt2026-08-03#1"
"Mathematics",2026-08-11,"2026-07-31","Teacher","Billings","https://apps.opi.mt.gov/mtjobsforteachers/frmJobListingPublic.aspx","Billings","OPI Jobs for Teachers (statewide)","OPI fallback: title + raw location + posted date (not a stable OPI ID)","fallback:opi-fallbackopi jobs for teachers (statewide)billingsmathematicsbillings2026-07-31#1"
"Paraprofessional - Instructional",2026-08-11,"2026-07-31","Paraprofessional","Bozeman","https://apps.opi.mt.gov/mtjobsforteachers/frmJobListingPublic.aspx","Bozeman","OPI Jobs for Teachers (statewide)","OPI fallback: title + raw location + posted date (not a stable OPI ID)","fallback:opi-fallbackopi jobs for teachers (statewide)bozemanparaprofessional - instructionalbozeman2026-07-31#1"
"Special Education",2026-08-11,"2026-07-31","Other","Helena","https://apps.opi.mt.gov/mtjobsforteachers/frmJobListingPublic.aspx","Helena","OPI Jobs for Teachers (statewide)","OPI fallback: title + raw location + posted date (not a stable OPI ID)","fallback:opi-fallbackopi jobs for teachers (statewide)helenaspecial educationhelena2026-07-31#1"
"Special Education",2026-08-11,"2026-07-31","Other","Helena","https://apps.opi.mt.gov/mtjobsforteachers/frmJobListingPublic.aspx","Helena","OPI Jobs for Teachers (statewide)","OPI fallback: title + raw location + posted date (not a stable OPI ID)","fallback:opi-fallbackopi jobs for teachers (statewide)helenaspecial educationhelena2026-07-31#2"
"School Counseling",2026-08-11,"2026-07-30","Other","Bozeman","https://apps.opi.mt.gov/mtjobsforteachers/frmJobListingPublic.aspx","Bozeman","OPI Jobs for Teachers (statewide)","OPI fallback: title + raw location + posted date (not a stable OPI ID)","fallback:opi-fallbackopi jobs for teachers (statewide)bozemanschool counselingbozeman2026-07-30#1"
"Elementary Curriculum",2026-08-11,"2026-07-30","Other","Choteau","https://apps.opi.mt.gov/mtjobsforteachers/frmJobListingPublic.aspx","Choteau","OPI Jobs for Teachers (statewide)","OPI fallback: title + raw location + posted date (not a stable OPI ID)","fallback:opi-fallbackopi jobs for teachers (statewide)choteauelementary curriculumchoteau2026-07-30#1"
"Elementary Curriculum",2026-08-11,"2026-07-30","Other","Trego, MT","https://apps.opi.mt.gov/mtjobsforteachers/frmJobListingPublic.aspx","Trego, MT","OPI Jobs for Teachers (statewide)","OPI fallback: title + raw location + posted date (not a stable OPI ID)","fallback:opi-fallbackopi jobs for teachers (statewide)trego, mtelementary curriculumtrego, mt2026-07-30#1"
"Administrative - Principal",2026-08-11,"2026-07-30","Administration","Hardin","https://apps.opi.mt.gov/mtjobsforteachers/frmJobListingPublic.aspx","Hardin","OPI Jobs for Teachers (statewide)","OPI fallback: title + raw location + posted date (not a stable OPI ID)","fallback:opi-fallbackopi jobs for teachers (statewide)hardinadministrative - principalhardin2026-07-30#1"
"Art",2026-08-11,"2026-07-29","Other","Frenchtown","https://apps.opi.mt.gov/mtjobsforteachers/frmJobListingPublic.aspx","Frenchtown","OPI Jobs for Teachers (statewide)","OPI fallback: title + raw location + posted date (not a stable OPI ID)","fallback:opi-fallbackopi jobs for teachers (statewide)frenchtownartfrenchtown2026-07-29#1"
"Art",2026-08-11,"2026-07-29","Other","Frenchtown","https://apps.opi.mt.gov/mtjobsforteachers/frmJobListingPublic.aspx","Frenchtown","OPI Jobs for Teachers (statewide)","OPI fallback: title + raw location + posted date (not a stable OPI ID)","fallback:opi-fallbackopi jobs for teachers (statewide)frenchtownartfrenchtown2026-07-29#2"
"Elementary Curriculum",2026-08-11,"2026-07-29","Other","Stevensville","https://apps.opi.mt.gov/mtjobsforteachers/frmJobListingPublic.aspx","Stevensville","OPI Jobs for Teachers (statewide)","OPI fallback: title + raw location + posted date (not a stable OPI ID)","fallback:opi-fallbackopi jobs for teachers (statewide)stevensvilleelementary curriculumstevensville2026-07-29#1"
"Elementary Curriculum",2026-08-11,"2026-07-29","Other","Bozeman","https://apps.opi.mt.gov/mtjobsforteachers/frmJobListingPublic.aspx","Bozeman","OPI Jobs for Teachers (statewide)","OPI fallback: title + raw location + posted date (not a stable OPI ID)","fallback:opi-fallbackopi jobs for teachers (statewide)bozemanelementary curriculumbozeman2026-07-29#1"
"Special Education",2026-08-11,"2026-07-29","Other","Missoula","https://apps.opi.mt.gov/mtjobsforteachers/frmJobListingPublic.aspx","Missoula","OPI Jobs for Teachers (statewide)","OPI fallback: title + raw location + posted date (not a stable OPI ID)","fallback:opi-fallbackopi jobs for teachers (statewide)missoulaspecial educationmissoula2026-07-29#1"
"Social Studies (Broadfield)",2026-08-11,"2026-07-28","Other","Geyser, Montana","https://apps.opi.mt.gov/mtjobsforteachers/frmJobListingPublic.aspx","Geyser, Montana","OPI Jobs for Teachers (statewide)","OPI fallback: title + raw location + posted date (not a stable OPI ID)","fallback:opi-fallbackopi jobs for teachers (statewide)geyser, montanasocial studies (broadfield)geyser, montana2026-07-28#1"
"World Languages",2026-08-11,"2026-07-28","Other","Colstrip","https://apps.opi.mt.gov/mtjobsforteachers/frmJobListingPublic.aspx","Colstrip","OPI Jobs for Teachers (statewide)","OPI fallback: title + raw location + posted date (not a stable OPI ID)","fallback:opi-fallbackopi jobs for teachers (statewide)colstripworld languagescolstrip2026-07-28#1"
"Special Education",2026-08-11,"2026-07-28","Other","Havre","https://apps.opi.mt.gov/mtjobsforteachers/frmJobListingPublic.aspx","Havre","OPI Jobs for Teachers (statewide)","OPI fallback: title + raw location + posted date (not a stable OPI ID)","fallback:opi-fallbackopi jobs for teachers (statewide)havrespecial educationhavre2026-07-28#1"
"Elementary Curriculum",2026-08-11,"2026-07-28","Other","Havre","https://apps.opi.mt.gov/mtjobsforteachers/frmJobListingPublic.aspx","Havre","OPI Jobs for Teachers (statewide)","OPI fallback: title + raw location + posted date (not a stable OPI ID)","fallback:opi-fallbackopi jobs for teachers (statewide)havreelementary curriculumhavre2026-07-28#1"
"Elementary Curriculum",2026-08-11,"2026-07-28","Other","Havre","https://apps.opi.mt.gov/mtjobsforteachers/frmJobListingPublic.aspx","Havre","OPI Jobs for Teachers (statewide)","OPI fallback: title + raw location + posted date (not a stable OPI ID)","fallback:opi-fallbackopi jobs for teachers (statewide)havreelementary curriculumhavre2026-07-28#2"
"World Languages",2026-08-11,"2026-07-28","Other","Colstrip","https://apps.opi.mt.gov/mtjobsforteachers/frmJobListingPublic.aspx","Colstrip","OPI Jobs for Teachers (statewide)","OPI fallback: title + raw location + posted date (not a stable OPI ID)","fallback:opi-fallbackopi jobs for teachers (statewide)colstripworld languagescolstrip2026-07-28#2"
"Substitute",2026-08-11,"2026-07-28","Substitute","Manhattan","https://apps.opi.mt.gov/mtjobsforteachers/frmJobListingPublic.aspx","Manhattan","OPI Jobs for Teachers (statewide)","OPI fallback: title + raw location + posted date (not a stable OPI ID)","fallback:opi-fallbackopi jobs for teachers (statewide)manhattansubstitutemanhattan2026-07-28#1"
"Mathematics",2026-08-11,"2026-07-28","Teacher","Manhattan","https://apps.opi.mt.gov/mtjobsforteachers/frmJobListingPublic.aspx","Manhattan","OPI Jobs for Teachers (statewide)","OPI fallback: title + raw location + posted date (not a stable OPI ID)","fallback:opi-fallbackopi jobs for teachers (statewide)manhattanmathematicsmanhattan2026-07-28#1"
"Administrative - Other",2026-08-11,"2026-07-28","Administration","Colstrip","https://apps.opi.mt.gov/mtjobsforteachers/frmJobListingPublic.aspx","Colstrip","OPI Jobs for Teachers (statewide)","OPI fallback: title + raw location + posted date (not a stable OPI ID)","fallback:opi-fallbackopi jobs for teachers (statewide)colstripadministrative - othercolstrip2026-07-28#1"
"CTE – Family and Consumer Sciences",2026-08-11,"2026-07-28","Teacher","Miles City MT","https://apps.opi.mt.gov/mtjobsforteachers/frmJobListingPublic.aspx","Miles City MT","OPI Jobs for Teachers (statewide)","OPI fallback: title + raw location + posted date (not a stable OPI ID)","fallback:opi-fallbackopi jobs for teachers (statewide)miles city mtcte – family and consumer sciencesmiles city mt2026-07-28#1"
"Physics",2026-08-11,"2026-07-28","Other","Miles City MT","https://apps.opi.mt.gov/mtjobsforteachers/frmJobListingPublic.aspx","Miles City MT","OPI Jobs for Teachers (statewide)","OPI fallback: title + raw location + posted date (not a stable OPI ID)","fallback:opi-fallbackopi jobs for teachers (statewide)miles city mtphysicsmiles city mt2026-07-28#1"
"Psychology",2026-08-11,"2026-07-27","Other","Glendive","https://apps.opi.mt.gov/mtjobsforteachers/frmJobListingPublic.aspx","Glendive","OPI Jobs for Teachers (statewide)","OPI fallback: title + raw location + posted date (not a stable OPI ID)","fallback:opi-fallbackopi jobs for teachers (statewide)glendivepsychologyglendive2026-07-27#1"
"Special Education",2026-08-11,"2026-07-27","Other","Glendive","https://apps.opi.mt.gov/mtjobsforteachers/frmJobListingPublic.aspx","Glendive","OPI Jobs for Teachers (statewide)","OPI fallback: title + raw location + posted date (not a stable OPI ID)","fallback:opi-fallbackopi jobs for teachers (statewide)glendivespecial educationglendive2026-07-27#1"
"Social Studies (Broadfield)",2026-08-11,"2026-07-27","Other","Billings","https://apps.opi.mt.gov/mtjobsforteachers/frmJobListingPublic.aspx","Billings","OPI Jobs for Teachers (statewide)","OPI fallback: title + raw location + posted date (not a stable OPI ID)","fallback:opi-fallbackopi jobs for teachers (statewide)billingssocial studies (broadfield)billings2026-07-27#1"
"Paraprofessional - Special Education",2026-08-11,"2026-07-25","Paraprofessional","Stevensville","https://apps.opi.mt.gov/mtjobsforteachers/frmJobListingPublic.aspx","Stevensville","OPI Jobs for Teachers (statewide)","OPI fallback: title + raw location + posted date (not a stable OPI ID)","fallback:opi-fallbackopi jobs for teachers (statewide)stevensvilleparaprofessional - special educationstevensville2026-07-25#1"
"Administrative - Other",2026-08-11,"2026-07-24","Administration","Rocky Boy","https://apps.opi.mt.gov/mtjobsforteachers/frmJobListingPublic.aspx","Rocky Boy","OPI Jobs for Teachers (statewide)","OPI fallback: title + raw location + posted date (not a stable OPI ID)","fallback:opi-fallbackopi jobs for teachers (statewide)rocky boyadministrative - otherrocky boy2026-07-24#1"
"Elementary Curriculum",2026-08-11,"2026-07-24","Other","Rocky Boy","https://apps.opi.mt.gov/mtjobsforteachers/frmJobListingPublic.aspx","Rocky Boy","OPI Jobs for Teachers (statewide)","OPI fallback: title + raw location + posted date (not a stable OPI ID)","fallback:opi-fallbackopi jobs for teachers (statewide)rocky boyelementary curriculumrocky boy2026-07-24#1"
"CTE – Family and Consumer Sciences",2026-08-11,"2026-07-24","Teacher","Rocky Boy","https://apps.opi.mt.gov/mtjobsforteachers/frmJobListingPublic.aspx","Rocky Boy","OPI Jobs for Teachers (statewide)","OPI fallback: title + raw location + posted date (not a stable OPI ID)","fallback:opi-fallbackopi jobs for teachers (statewide)rocky boycte – family and consumer sciencesrocky boy2026-07-24#1"
"Elementary Curriculum",2026-08-11,"2026-07-24","Other","Rocky Boy","https://apps.opi.mt.gov/mtjobsforteachers/frmJobListingPublic.aspx","Rocky Boy","OPI Jobs for Teachers (statewide)","OPI fallback: title + raw location + posted date (not a stable OPI ID)","fallback:opi-fallbackopi jobs for teachers (statewide)rocky boyelementary curriculumrocky boy2026-07-24#2"
"School Counseling",2026-08-11,"2026-07-24","Other","Montana City","https://apps.opi.mt.gov/mtjobsforteachers/frmJobListingPublic.aspx","Montana City","OPI Jobs for Teachers (statewide)","OPI fallback: title + raw location + posted date (not a stable OPI ID)","fallback:opi-fallbackopi jobs for teachers (statewide)montana cityschool counselingmontana city2026-07-24#1"
"Elementary Curriculum",2026-08-11,"2026-07-24","Other","Sunburst","https://apps.opi.mt.gov/mtjobsforteachers/frmJobListingPublic.aspx","Sunburst","OPI Jobs for Teachers (statewide)","OPI fallback: title + raw location + posted date (not a stable OPI ID)","fallback:opi-fallbackopi jobs for teachers (statewide)sunburstelementary curriculumsunburst2026-07-24#1"
"Elementary Curriculum",2026-08-11,"2026-07-24","Other","Anaconda","https://apps.opi.mt.gov/mtjobsforteachers/frmJobListingPublic.aspx","Anaconda","OPI Jobs for Teachers (statewide)","OPI fallback: title + raw location + posted date (not a stable OPI ID)","fallback:opi-fallbackopi jobs for teachers (statewide)anacondaelementary curriculumanaconda2026-07-24#1"
"CTE – Agricultural Education",2026-08-11,"2026-07-23","Other","Jordan","https://apps.opi.mt.gov/mtjobsforteachers/frmJobListingPublic.aspx","Jordan","OPI Jobs for Teachers (statewide)","OPI fallback: title + raw location + posted date (not a stable OPI ID)","fallback:opi-fallbackopi jobs for teachers (statewide)jordancte – agricultural educationjordan2026-07-23#1"
"Paraprofessional - Special Education",2026-08-11,"2026-07-22","Paraprofessional","East of Kalispell","https://apps.opi.mt.gov/mtjobsforteachers/frmJobListingPublic.aspx","East of Kalispell","OPI Jobs for Teachers (statewide)","OPI fallback: title + raw location + posted date (not a stable OPI ID)","fallback:opi-fallbackopi jobs for teachers (statewide)east of kalispellparaprofessional - special educationeast of kalispell2026-07-22#1"
"CTE – Family and Consumer Sciences",2026-08-11,"2026-07-22","Teacher","Jordan","https://apps.opi.mt.gov/mtjobsforteachers/frmJobListingPublic.aspx","Jordan","OPI Jobs for Teachers (statewide)","OPI fallback: title + raw location + posted date (not a stable OPI ID)","fallback:opi-fallbackopi jobs for teachers (statewide)jordancte – family and consumer sciencesjordan2026-07-22#1"
"Elementary Curriculum",2026-08-11,"2026-07-22","Other","Jordan","https://apps.opi.mt.gov/mtjobsforteachers/frmJobListingPublic.aspx","Jordan","OPI Jobs for Teachers (statewide)","OPI fallback: title + raw location + posted date (not a stable OPI ID)","fallback:opi-fallbackopi jobs for teachers (statewide)jordanelementary curriculumjordan2026-07-22#1"
"Elementary Curriculum",2026-08-11,"2026-07-22","Other","Havre","https://apps.opi.mt.gov/mtjobsforteachers/frmJobListingPublic.aspx","Havre","OPI Jobs for Teachers (statewide)","OPI fallback: title + raw location + posted date (not a stable OPI ID)","fallback:opi-fallbackopi jobs for teachers (statewide)havreelementary curriculumhavre2026-07-22#1"
"Elementary Curriculum",2026-08-11,"2026-07-21","Other","Box Elder","https://apps.opi.mt.gov/mtjobsforteachers/frmJobListingPublic.aspx","Box Elder","OPI Jobs for Teachers (statewide)","OPI fallback: title + raw location + posted date (not a stable OPI ID)","fallback:opi-fallbackopi jobs for teachers (statewide)box elderelementary curriculumbox elder2026-07-21#1"
"Elementary Curriculum",2026-08-11,"2026-07-21","Other","Box Elder","https://apps.opi.mt.gov/mtjobsforteachers/frmJobListingPublic.aspx","Box Elder","OPI Jobs for Teachers (statewide)","OPI fallback: title + raw location + posted date (not a stable OPI ID)","fallback:opi-fallbackopi jobs for teachers (statewide)box elderelementary curriculumbox elder2026-07-21#2"
"Elementary Curriculum",2026-08-11,"2026-07-21","Other","Box Elder","https://apps.opi.mt.gov/mtjobsforteachers/frmJobListingPublic.aspx","Box Elder","OPI Jobs for Teachers (statewide)","OPI fallback: title + raw location + posted date (not a stable OPI ID)","fallback:opi-fallbackopi jobs for teachers (statewide)box elderelementary curriculumbox elder2026-07-21#3"
"Mathematics",2026-08-11,"2026-07-21","Teacher","Box Elder","https://apps.opi.mt.gov/mtjobsforteachers/frmJobListingPublic.aspx","Box Elder","OPI Jobs for Teachers (statewide)","OPI fallback: title + raw location + posted date (not a stable OPI ID)","fallback:opi-fallbackopi jobs for teachers (statewide)box eldermathematicsbox elder2026-07-21#1"
"Administrative - Other",2026-08-11,"2026-07-21","Administration","Sidney","https://apps.opi.mt.gov/mtjobsforteachers/frmJobListingPublic.aspx","Sidney","OPI Jobs for Teachers (statewide)","OPI fallback: title + raw location + posted date (not a stable OPI ID)","fallback:opi-fallbackopi jobs for teachers (statewide)sidneyadministrative - othersidney2026-07-21#1"
"Paraprofessional - Special Education",2026-08-11,"2026-07-21","Paraprofessional","Bigfork","https://apps.opi.mt.gov/mtjobsforteachers/frmJobListingPublic.aspx","Bigfork","OPI Jobs for Teachers (statewide)","OPI fallback: title + raw location + posted date (not a stable OPI ID)","fallback:opi-fallbackopi jobs for teachers (statewide)bigforkparaprofessional - special educationbigfork2026-07-21#1"
"Paraprofessional - Special Education",2026-08-11,"2026-07-21","Paraprofessional","Bigfork","https://apps.opi.mt.gov/mtjobsforteachers/frmJobListingPublic.aspx","Bigfork","OPI Jobs for Teachers (statewide)","OPI fallback: title + raw location + posted date (not a stable OPI ID)","fallback:opi-fallbackopi jobs for teachers (statewide)bigforkparaprofessional - special educationbigfork2026-07-21#2"
"English",2026-08-11,"2026-07-21","Teacher","Lockwood","https://apps.opi.mt.gov/mtjobsforteachers/frmJobListingPublic.aspx","Lockwood","OPI Jobs for Teachers (statewide)","OPI fallback: title + raw location + posted date (not a stable OPI ID)","fallback:opi-fallbackopi jobs for teachers (statewide)lockwoodenglishlockwood2026-07-21#1"
"Other",2026-08-11,"2026-07-21","Other","Bigfork","https://apps.opi.mt.gov/mtjobsforteachers/frmJobListingPublic.aspx","Bigfork","OPI Jobs for Teachers (statewide)","OPI fallback: title + raw location + posted date (not a stable OPI ID)","fallback:opi-fallbackopi jobs for teachers (statewide)bigforkotherbigfork2026-07-21#1"
"Mathematics",2026-08-11,"2026-07-21","Teacher","Lockwood","https://apps.opi.mt.gov/mtjobsforteachers/frmJobListingPublic.aspx","Lockwood","OPI Jobs for Teachers (statewide)","OPI fallback: title + raw location + posted date (not a stable OPI ID)","fallback:opi-fallbackopi jobs for teachers (statewide)lockwoodmathematicslockwood2026-07-21#1"
"Mathematics",2026-08-11,"2026-07-21","Teacher","Bozeman","https://apps.opi.mt.gov/mtjobsforteachers/frmJobListingPublic.aspx","Bozeman","OPI Jobs for Teachers (statewide)","OPI fallback: title + raw location + posted date (not a stable OPI ID)","fallback:opi-fallbackopi jobs for teachers (statewide)bozemanmathematicsbozeman2026-07-21#1"
"Physical Ed",2026-08-11,"2026-07-21","Other","Big Sandy","https://apps.opi.mt.gov/mtjobsforteachers/frmJobListingPublic.aspx","Big Sandy","OPI Jobs for Teachers (statewide)","OPI fallback: title + raw location + posted date (not a stable OPI ID)","fallback:opi-fallbackopi jobs for teachers (statewide)big sandyphysical edbig sandy2026-07-21#1"
"School Counseling",2026-08-11,"2026-07-20","Other","Poplar","https://apps.opi.mt.gov/mtjobsforteachers/frmJobListingPublic.aspx","Poplar","OPI Jobs for Teachers (statewide)","OPI fallback: title + raw location + posted date (not a stable OPI ID)","fallback:opi-fallbackopi jobs for teachers (statewide)poplarschool counselingpoplar2026-07-20#1"
"Physical Ed",2026-08-11,"2026-07-20","Other","Frenchtown","https://apps.opi.mt.gov/mtjobsforteachers/frmJobListingPublic.aspx","Frenchtown","OPI Jobs for Teachers (statewide)","OPI fallback: title + raw location + posted date (not a stable OPI ID)","fallback:opi-fallbackopi jobs for teachers (statewide)frenchtownphysical edfrenchtown2026-07-20#1"
"Elementary Curriculum",2026-08-11,"2026-07-20","Other","Poplar","https://apps.opi.mt.gov/mtjobsforteachers/frmJobListingPublic.aspx","Poplar","OPI Jobs for Teachers (statewide)","OPI fallback: title + raw location + posted date (not a stable OPI ID)","fallback:opi-fallbackopi jobs for teachers (statewide)poplarelementary curriculumpoplar2026-07-20#1"
"School Counseling",2026-08-11,"2026-07-20","Other","Poplar","https://apps.opi.mt.gov/mtjobsforteachers/frmJobListingPublic.aspx","Poplar","OPI Jobs for Teachers (statewide)","OPI fallback: title + raw location + posted date (not a stable OPI ID)","fallback:opi-fallbackopi jobs for teachers (statewide)poplarschool counselingpoplar2026-07-20#2"
"CTE – Family and Consumer Sciences",2026-08-11,"2026-07-20","Teacher","Poplar","https://apps.opi.mt.gov/mtjobsforteachers/frmJobListingPublic.aspx","Poplar","OPI Jobs for Teachers (statewide)","OPI fallback: title + raw location + posted date (not a stable OPI ID)","fallback:opi-fallbackopi jobs for teachers (statewide)poplarcte – family and consumer sciencespoplar2026-07-20#1"
"Administrative - Other",2026-08-11,"2026-07-20","Administration","Poplar","https://apps.opi.mt.gov/mtjobsforteachers/frmJobListingPublic.aspx","Poplar","OPI Jobs for Teachers (statewide)","OPI fallback: title + raw location + posted date (not a stable OPI ID)","fallback:opi-fallbackopi jobs for teachers (statewide)poplaradministrative - otherpoplar2026-07-20#1"
"Mathematics",2026-08-11,"2026-07-17","Teacher","Billings","https://apps.opi.mt.gov/mtjobsforteachers/frmJobListingPublic.aspx","Billings","OPI Jobs for Teachers (statewide)","OPI fallback: title + raw location + posted date (not a stable OPI ID)","fallback:opi-fallbackopi jobs for teachers (statewide)billingsmathematicsbillings2026-07-17#1"
"Elementary Curriculum",2026-08-11,"2026-07-17","Other","BILLINGS","https://apps.opi.mt.gov/mtjobsforteachers/frmJobListingPublic.aspx","BILLINGS","OPI Jobs for Teachers (statewide)","OPI fallback: title + raw location + posted date (not a stable OPI ID)","fallback:opi-fallbackopi jobs for teachers (statewide)billingselementary curriculumbillings2026-07-17#1"
"Elementary Curriculum",2026-08-11,"2026-07-16","Other","Stanford, MT","https://apps.opi.mt.gov/mtjobsforteachers/frmJobListingPublic.aspx","Stanford, MT","OPI Jobs for Teachers (statewide)","OPI fallback: title + raw location + posted date (not a stable OPI ID)","fallback:opi-fallbackopi jobs for teachers (statewide)stanford, mtelementary curriculumstanford, mt2026-07-16#1"
"Paraprofessional - Instructional",2026-08-11,"2026-07-16","Paraprofessional","Stevensville","https://apps.opi.mt.gov/mtjobsforteachers/frmJobListingPublic.aspx","Stevensville","OPI Jobs for Teachers (statewide)","OPI fallback: title + raw location + posted date (not a stable OPI ID)","fallback:opi-fallbackopi jobs for teachers (statewide)stevensvilleparaprofessional - instructionalstevensville2026-07-16#1"
"Other",2026-08-11,"2026-07-16","Other","Stevensville","https://apps.opi.mt.gov/mtjobsforteachers/frmJobListingPublic.aspx","Stevensville","OPI Jobs for Teachers (statewide)","OPI fallback: title + raw location + posted date (not a stable OPI ID)","fallback:opi-fallbackopi jobs for teachers (statewide)stevensvilleotherstevensville2026-07-16#1"
"Science (Broadfield)",2026-08-11,"2026-07-15","Teacher","BILLINGS","https://apps.opi.mt.gov/mtjobsforteachers/frmJobListingPublic.aspx","BILLINGS","OPI Jobs for Teachers (statewide)","OPI fallback: title + raw location + posted date (not a stable OPI ID)","fallback:opi-fallbackopi jobs for teachers (statewide)billingsscience (broadfield)billings2026-07-15#1"
"Speech-Language Pathologist",2026-08-11,"2026-07-15","Support Services","GREAT FALLS","https://apps.opi.mt.gov/mtjobsforteachers/frmJobListingPublic.aspx","GREAT FALLS","OPI Jobs for Teachers (statewide)","OPI fallback: title + raw location + posted date (not a stable OPI ID)","fallback:opi-fallbackopi jobs for teachers (statewide)great fallsspeech-language pathologistgreat falls2026-07-15#1"
"Physical Therapist",2026-08-11,"2026-07-15","Support Services","GREAT FALLS","https://apps.opi.mt.gov/mtjobsforteachers/frmJobListingPublic.aspx","GREAT FALLS","OPI Jobs for Teachers (statewide)","OPI fallback: title + raw location + posted date (not a stable OPI ID)","fallback:opi-fallbackopi jobs for teachers (statewide)great fallsphysical therapistgreat falls2026-07-15#1"
"Library",2026-08-11,"2026-07-15","Teacher","Canyon Creek and Wolf Creek","https://apps.opi.mt.gov/mtjobsforteachers/frmJobListingPublic.aspx","Canyon Creek and Wolf Creek","OPI Jobs for Teachers (statewide)","OPI fallback: title + raw location + posted date (not a stable OPI ID)","fallback:opi-fallbackopi jobs for teachers (statewide)canyon creek and wolf creeklibrarycanyon creek and wolf creek2026-07-15#1"
"Elementary Curriculum",2026-08-11,"2026-07-14","Other","Anaconda","https://apps.opi.mt.gov/mtjobsforteachers/frmJobListingPublic.aspx","Anaconda","OPI Jobs for Teachers (statewide)","OPI fallback: title + raw location + posted date (not a stable OPI ID)","fallback:opi-fallbackopi jobs for teachers (statewide)anacondaelementary curriculumanaconda2026-07-14#1"
"Special Education",2026-08-11,"2026-07-14","Other","Anaconda","https://apps.opi.mt.gov/mtjobsforteachers/frmJobListingPublic.aspx","Anaconda","OPI Jobs for Teachers (statewide)","OPI fallback: title + raw location + posted date (not a stable OPI ID)","fallback:opi-fallbackopi jobs for teachers (statewide)anacondaspecial educationanaconda2026-07-14#1"
"Elementary Curriculum",2026-08-11,"2026-07-14","Other","Laurel","https://apps.opi.mt.gov/mtjobsforteachers/frmJobListingPublic.aspx","Laurel","OPI Jobs for Teachers (statewide)","OPI fallback: title + raw location + posted date (not a stable OPI ID)","fallback:opi-fallbackopi jobs for teachers (statewide)laurelelementary curriculumlaurel2026-07-14#1"
"Paraprofessional - Special Education",2026-08-11,"2026-07-14","Paraprofessional","Swan River in Bigfork","https://apps.opi.mt.gov/mtjobsforteachers/frmJobListingPublic.aspx","Swan River in Bigfork","OPI Jobs for Teachers (statewide)","OPI fallback: title + raw location + posted date (not a stable OPI ID)","fallback:opi-fallbackopi jobs for teachers (statewide)swan river in bigforkparaprofessional - special educationswan river in bigfork2026-07-14#1"
"Elementary Curriculum",2026-08-11,"2026-07-14","Other","Clancy, MT","https://apps.opi.mt.gov/mtjobsforteachers/frmJobListingPublic.aspx","Clancy, MT","OPI Jobs for Teachers (statewide)","OPI fallback: title + raw location + posted date (not a stable OPI ID)","fallback:opi-fallbackopi jobs for teachers (statewide)clancy, mtelementary curriculumclancy, mt2026-07-14#1"
"Library",2026-08-11,"2026-07-14","Teacher","Kalispell","https://apps.opi.mt.gov/mtjobsforteachers/frmJobListingPublic.aspx","Kalispell","OPI Jobs for Teachers (statewide)","OPI fallback: title + raw location + posted date (not a stable OPI ID)","fallback:opi-fallbackopi jobs for teachers (statewide)kalispelllibrarykalispell2026-07-14#1"
"Administrative - Principal",2026-08-11,"2026-07-13","Administration","Box Elder","https://apps.opi.mt.gov/mtjobsforteachers/frmJobListingPublic.aspx","Box Elder","OPI Jobs for Teachers (statewide)","OPI fallback: title + raw location + posted date (not a stable OPI ID)","fallback:opi-fallbackopi jobs for teachers (statewide)box elderadministrative - principalbox elder2026-07-13#1"
"Special Education",2026-08-11,"2026-07-13","Other","Laurel","https://apps.opi.mt.gov/mtjobsforteachers/frmJobListingPublic.aspx","Laurel","OPI Jobs for Teachers (statewide)","OPI fallback: title + raw location + posted date (not a stable OPI ID)","fallback:opi-fallbackopi jobs for teachers (statewide)laurelspecial educationlaurel2026-07-13#1"
"Other",2026-08-11,"2026-07-13","Other","Laurel","https://apps.opi.mt.gov/mtjobsforteachers/frmJobListingPublic.aspx","Laurel","OPI Jobs for Teachers (statewide)","OPI fallback: title + raw location + posted date (not a stable OPI ID)","fallback:opi-fallbackopi jobs for teachers (statewide)laurelotherlaurel2026-07-13#1"
"Other",2026-08-11,"2026-07-13","Other","Laurel","https://apps.opi.mt.gov/mtjobsforteachers/frmJobListingPublic.aspx","Laurel","OPI Jobs for Teachers (statewide)","OPI fallback: title + raw location + posted date (not a stable OPI ID)","fallback:opi-fallbackopi jobs for teachers (statewide)laurelotherlaurel2026-07-13#2"
"Special Education",2026-08-11,"2026-07-12","Other","Laurel","https://apps.opi.mt.gov/mtjobsforteachers/frmJobListingPublic.aspx","Laurel","OPI Jobs for Teachers (statewide)","OPI fallback: title + raw location + posted date (not a stable OPI ID)","fallback:opi-fallbackopi jobs for teachers (statewide)laurelspecial educationlaurel2026-07-12#1"
"Science (Broadfield)",2026-08-11,"2026-07-09","Teacher","GREAT FALLS","https://apps.opi.mt.gov/mtjobsforteachers/frmJobListingPublic.aspx","GREAT FALLS","OPI Jobs for Teachers (statewide)","OPI fallback: title + raw location + posted date (not a stable OPI ID)","fallback:opi-fallbackopi jobs for teachers (statewide)great fallsscience (broadfield)great falls2026-07-09#1"
"Elementary Curriculum",2026-08-11,"2026-07-08","Other","Three Forks","https://apps.opi.mt.gov/mtjobsforteachers/frmJobListingPublic.aspx","Three Forks","OPI Jobs for Teachers (statewide)","OPI fallback: title + raw location + posted date (not a stable OPI ID)","fallback:opi-fallbackopi jobs for teachers (statewide)three forkselementary curriculumthree forks2026-07-08#1"
"Special Education",2026-08-11,"2026-07-08","Other","Broadview","https://apps.opi.mt.gov/mtjobsforteachers/frmJobListingPublic.aspx","Broadview","OPI Jobs for Teachers (statewide)","OPI fallback: title + raw location + posted date (not a stable OPI ID)","fallback:opi-fallbackopi jobs for teachers (statewide)broadviewspecial educationbroadview2026-07-08#1"
"Administrative - Other",2026-08-11,"2026-07-08","Administration","Broadview","https://apps.opi.mt.gov/mtjobsforteachers/frmJobListingPublic.aspx","Broadview","OPI Jobs for Teachers (statewide)","OPI fallback: title + raw location + posted date (not a stable OPI ID)","fallback:opi-fallbackopi jobs for teachers (statewide)broadviewadministrative - otherbroadview2026-07-08#1"
"Science (Broadfield)",2026-08-11,"2026-07-08","Teacher","Helena","https://apps.opi.mt.gov/mtjobsforteachers/frmJobListingPublic.aspx","Helena","OPI Jobs for Teachers (statewide)","OPI fallback: title + raw location + posted date (not a stable OPI ID)","fallback:opi-fallbackopi jobs for teachers (statewide)helenascience (broadfield)helena2026-07-08#1"
"English",2026-08-11,"2026-07-08","Teacher","Helena","https://apps.opi.mt.gov/mtjobsforteachers/frmJobListingPublic.aspx","Helena","OPI Jobs for Teachers (statewide)","OPI fallback: title + raw location + posted date (not a stable OPI ID)","fallback:opi-fallbackopi jobs for teachers (statewide)helenaenglishhelena2026-07-08#1"
"Elementary Curriculum",2026-08-11,"2026-07-07","Other","Drummond","https://apps.opi.mt.gov/mtjobsforteachers/frmJobListingPublic.aspx","Drummond","OPI Jobs for Teachers (statewide)","OPI fallback: title + raw location + posted date (not a stable OPI ID)","fallback:opi-fallbackopi jobs for teachers (statewide)drummondelementary curriculumdrummond2026-07-07#1"
"Coach",2026-08-11,"2026-07-07","Athletics","Belgrade","https://apps.opi.mt.gov/mtjobsforteachers/frmJobListingPublic.aspx","Belgrade","OPI Jobs for Teachers (statewide)","OPI fallback: title + raw location + posted date (not a stable OPI ID)","fallback:opi-fallbackopi jobs for teachers (statewide)belgradecoachbelgrade2026-07-07#1"
"Coach",2026-08-11,"2026-07-07","Athletics","Belgrade","https://apps.opi.mt.gov/mtjobsforteachers/frmJobListingPublic.aspx","Belgrade","OPI Jobs for Teachers (statewide)","OPI fallback: title + raw location + posted date (not a stable OPI ID)","fallback:opi-fallbackopi jobs for teachers (statewide)belgradecoachbelgrade2026-07-07#2"
"Mathematics",2026-08-11,"2026-07-07","Teacher","Belgrade","https://apps.opi.mt.gov/mtjobsforteachers/frmJobListingPublic.aspx","Belgrade","OPI Jobs for Teachers (statewide)","OPI fallback: title + raw location + posted date (not a stable OPI ID)","fallback:opi-fallbackopi jobs for teachers (statewide)belgrademathematicsbelgrade2026-07-07#1"
"Speech",2026-08-11,"2026-07-07","Other","Belgrade","https://apps.opi.mt.gov/mtjobsforteachers/frmJobListingPublic.aspx","Belgrade","OPI Jobs for Teachers (statewide)","OPI fallback: title + raw location + posted date (not a stable OPI ID)","fallback:opi-fallbackopi jobs for teachers (statewide)belgradespeechbelgrade2026-07-07#1"
"Coach",2026-08-11,"2026-07-07","Athletics","Belgrade","https://apps.opi.mt.gov/mtjobsforteachers/frmJobListingPublic.aspx","Belgrade","OPI Jobs for Teachers (statewide)","OPI fallback: title + raw location + posted date (not a stable OPI ID)","fallback:opi-fallbackopi jobs for teachers (statewide)belgradecoachbelgrade2026-07-07#3"
"Coach",2026-08-11,"2026-07-07","Athletics","Belgrade","https://apps.opi.mt.gov/mtjobsforteachers/frmJobListingPublic.aspx","Belgrade","OPI Jobs for Teachers (statewide)","OPI fallback: title + raw location + posted date (not a stable OPI ID)","fallback:opi-fallbackopi jobs for teachers (statewide)belgradecoachbelgrade2026-07-07#4"
"English",2026-08-11,"2026-07-07","Teacher","Belgrade","https://apps.opi.mt.gov/mtjobsforteachers/frmJobListingPublic.aspx","Belgrade","OPI Jobs for Teachers (statewide)","OPI fallback: title + raw location + posted date (not a stable OPI ID)","fallback:opi-fallbackopi jobs for teachers (statewide)belgradeenglishbelgrade2026-07-07#1"
"Coach",2026-08-11,"2026-07-07","Athletics","Belgrade","https://apps.opi.mt.gov/mtjobsforteachers/frmJobListingPublic.aspx","Belgrade","OPI Jobs for Teachers (statewide)","OPI fallback: title + raw location + posted date (not a stable OPI ID)","fallback:opi-fallbackopi jobs for teachers (statewide)belgradecoachbelgrade2026-07-07#5"
"Coach",2026-08-11,"2026-07-07","Athletics","Belgrade","https://apps.opi.mt.gov/mtjobsforteachers/frmJobListingPublic.aspx","Belgrade","OPI Jobs for Teachers (statewide)","OPI fallback: title + raw location + posted date (not a stable OPI ID)","fallback:opi-fallbackopi jobs for teachers (statewide)belgradecoachbelgrade2026-07-07#6"
"Coach",2026-08-11,"2026-07-07","Athletics","Belgrade","https://apps.opi.mt.gov/mtjobsforteachers/frmJobListingPublic.aspx","Belgrade","OPI Jobs for Teachers (statewide)","OPI fallback: title + raw location + posted date (not a stable OPI ID)","fallback:opi-fallbackopi jobs for teachers (statewide)belgradecoachbelgrade2026-07-07#7"
"Coach",2026-08-11,"2026-07-07","Athletics","Belgrade","https://apps.opi.mt.gov/mtjobsforteachers/frmJobListingPublic.aspx","Belgrade","OPI Jobs for Teachers (statewide)","OPI fallback: title + raw location + posted date (not a stable OPI ID)","fallback:opi-fallbackopi jobs for teachers (statewide)belgradecoachbelgrade2026-07-07#8"
"Coach",2026-08-11,"2026-07-07","Athletics","Belgrade","https://apps.opi.mt.gov/mtjobsforteachers/frmJobListingPublic.aspx","Belgrade","OPI Jobs for Teachers (statewide)","OPI fallback: title + raw location + posted date (not a stable OPI ID)","fallback:opi-fallbackopi jobs for teachers (statewide)belgradecoachbelgrade2026-07-07#9"
"Coach",2026-08-11,"2026-07-07","Athletics","Belgrade","https://apps.opi.mt.gov/mtjobsforteachers/frmJobListingPublic.aspx","Belgrade","OPI Jobs for Teachers (statewide)","OPI fallback: title + raw location + posted date (not a stable OPI ID)","fallback:opi-fallbackopi jobs for teachers (statewide)belgradecoachbelgrade2026-07-07#10"
"Nurse",2026-08-11,"2026-07-07","Other","Belgrade","https://apps.opi.mt.gov/mtjobsforteachers/frmJobListingPublic.aspx","Belgrade","OPI Jobs for Teachers (statewide)","OPI fallback: title + raw location + posted date (not a stable OPI ID)","fallback:opi-fallbackopi jobs for teachers (statewide)belgradenursebelgrade2026-07-07#1"
"Paraprofessional - Special Education",2026-08-11,"2026-07-07","Paraprofessional","Belgrade","https://apps.opi.mt.gov/mtjobsforteachers/frmJobListingPublic.aspx","Belgrade","OPI Jobs for Teachers (statewide)","OPI fallback: title + raw location + posted date (not a stable OPI ID)","fallback:opi-fallbackopi jobs for teachers (statewide)belgradeparaprofessional - special educationbelgrade2026-07-07#1"
"Mathematics",2026-08-11,"2026-07-07","Teacher","Belgrade","https://apps.opi.mt.gov/mtjobsforteachers/frmJobListingPublic.aspx","Belgrade","OPI Jobs for Teachers (statewide)","OPI fallback: title + raw location + posted date (not a stable OPI ID)","fallback:opi-fallbackopi jobs for teachers (statewide)belgrademathematicsbelgrade2026-07-07#2"
"Paraprofessional - Instructional",2026-08-11,"2026-07-07","Paraprofessional","Belgrade","https://apps.opi.mt.gov/mtjobsforteachers/frmJobListingPublic.aspx","Belgrade","OPI Jobs for Teachers (statewide)","OPI fallback: title + raw location + posted date (not a stable OPI ID)","fallback:opi-fallbackopi jobs for teachers (statewide)belgradeparaprofessional - instructionalbelgrade2026-07-07#1"
"Paraprofessional - Instructional",2026-08-11,"2026-07-07","Paraprofessional","Belgrade","https://apps.opi.mt.gov/mtjobsforteachers/frmJobListingPublic.aspx","Belgrade","OPI Jobs for Teachers (statewide)","OPI fallback: title + raw location + posted date (not a stable OPI ID)","fallback:opi-fallbackopi jobs for teachers (statewide)belgradeparaprofessional - instructionalbelgrade2026-07-07#2"
"Substitute",2026-08-11,"2026-07-07","Substitute","Belgrade","https://apps.opi.mt.gov/mtjobsforteachers/frmJobListingPublic.aspx","Belgrade","OPI Jobs for Teachers (statewide)","OPI fallback: title + raw location + posted date (not a stable OPI ID)","fallback:opi-fallbackopi jobs for teachers (statewide)belgradesubstitutebelgrade2026-07-07#1"
"Elementary Curriculum",2026-08-11,"2026-07-07","Other","Sidney","https://apps.opi.mt.gov/mtjobsforteachers/frmJobListingPublic.aspx","Sidney","OPI Jobs for Teachers (statewide)","OPI fallback: title + raw location + posted date (not a stable OPI ID)","fallback:opi-fallbackopi jobs for teachers (statewide)sidneyelementary curriculumsidney2026-07-07#1"
"Elementary Curriculum",2026-08-11,"2026-07-07","Other","Sidney","https://apps.opi.mt.gov/mtjobsforteachers/frmJobListingPublic.aspx","Sidney","OPI Jobs for Teachers (statewide)","OPI fallback: title + raw location + posted date (not a stable OPI ID)","fallback:opi-fallbackopi jobs for teachers (statewide)sidneyelementary curriculumsidney2026-07-07#2"
"Music",2026-08-11,"2026-07-07","Other","Sidney","https://apps.opi.mt.gov/mtjobsforteachers/frmJobListingPublic.aspx","Sidney","OPI Jobs for Teachers (statewide)","OPI fallback: title + raw location + posted date (not a stable OPI ID)","fallback:opi-fallbackopi jobs for teachers (statewide)sidneymusicsidney2026-07-07#1"
"World Languages",2026-08-11,"2026-07-07","Other","Belgrade","https://apps.opi.mt.gov/mtjobsforteachers/frmJobListingPublic.aspx","Belgrade","OPI Jobs for Teachers (statewide)","OPI fallback: title + raw location + posted date (not a stable OPI ID)","fallback:opi-fallbackopi jobs for teachers (statewide)belgradeworld languagesbelgrade2026-07-07#1"
"Paraprofessional - Instructional",2026-08-11,"2026-07-07","Paraprofessional","Wolf Creek, MT (Helena)","https://apps.opi.mt.gov/mtjobsforteachers/frmJobListingPublic.aspx","Wolf Creek, MT (Helena)","OPI Jobs for Teachers (statewide)","OPI fallback: title + raw location + posted date (not a stable OPI ID)","fallback:opi-fallbackopi jobs for teachers (statewide)wolf creek, mt (helena)paraprofessional - instructionalwolf creek, mt (helena)2026-07-07#1"
"Elementary Curriculum",2026-08-11,"2026-07-06","Other","CHOTEAU","https://apps.opi.mt.gov/mtjobsforteachers/frmJobListingPublic.aspx","CHOTEAU","OPI Jobs for Teachers (statewide)","OPI fallback: title + raw location + posted date (not a stable OPI ID)","fallback:opi-fallbackopi jobs for teachers (statewide)choteauelementary curriculumchoteau2026-07-06#1"
"Elementary Curriculum",2026-08-11,"2026-07-06","Other","Clancy, MT","https://apps.opi.mt.gov/mtjobsforteachers/frmJobListingPublic.aspx","Clancy, MT","OPI Jobs for Teachers (statewide)","OPI fallback: title + raw location + posted date (not a stable OPI ID)","fallback:opi-fallbackopi jobs for teachers (statewide)clancy, mtelementary curriculumclancy, mt2026-07-06#1"
"Special Education",2026-08-11,"2026-07-06","Other","Columbia Falls","https://apps.opi.mt.gov/mtjobsforteachers/frmJobListingPublic.aspx","Columbia Falls","OPI Jobs for Teachers (statewide)","OPI fallback: title + raw location + posted date (not a stable OPI ID)","fallback:opi-fallbackopi jobs for teachers (statewide)columbia fallsspecial educationcolumbia falls2026-07-06#1"
"Special Education",2026-08-11,"2026-07-06","Other","Columbia Falls","https://apps.opi.mt.gov/mtjobsforteachers/frmJobListingPublic.aspx","Columbia Falls","OPI Jobs for Teachers (statewide)","OPI fallback: title + raw location + posted date (not a stable OPI ID)","fallback:opi-fallbackopi jobs for teachers (statewide)columbia fallsspecial educationcolumbia falls2026-07-06#2"
"Mathematics",2026-08-11,"2026-07-06","Teacher","Columbia Falls","https://apps.opi.mt.gov/mtjobsforteachers/frmJobListingPublic.aspx","Columbia Falls","OPI Jobs for Teachers (statewide)","OPI fallback: title + raw location + posted date (not a stable OPI ID)","fallback:opi-fallbackopi jobs for teachers (statewide)columbia fallsmathematicscolumbia falls2026-07-06#1"
"Science (Broadfield)",2026-08-11,"2026-07-06","Teacher","Belgrade","https://apps.opi.mt.gov/mtjobsforteachers/frmJobListingPublic.aspx","Belgrade","OPI Jobs for Teachers (statewide)","OPI fallback: title + raw location + posted date (not a stable OPI ID)","fallback:opi-fallbackopi jobs for teachers (statewide)belgradescience (broadfield)belgrade2026-07-06#1"
"Mathematics",2026-08-11,"2026-07-02","Teacher","East Helena","https://apps.opi.mt.gov/mtjobsforteachers/frmJobListingPublic.aspx","East Helena","OPI Jobs for Teachers (statewide)","OPI fallback: title + raw location + posted date (not a stable OPI ID)","fallback:opi-fallbackopi jobs for teachers (statewide)east helenamathematicseast helena2026-07-02#1"
"Music",2026-08-11,"2026-07-02","Other","Billings","https://apps.opi.mt.gov/mtjobsforteachers/frmJobListingPublic.aspx","Billings","OPI Jobs for Teachers (statewide)","OPI fallback: title + raw location + posted date (not a stable OPI ID)","fallback:opi-fallbackopi jobs for teachers (statewide)billingsmusicbillings2026-07-02#1"
"Administrative - Other",2026-08-11,"2026-07-02","Administration","Rocky Boy Agency","https://apps.opi.mt.gov/mtjobsforteachers/frmJobListingPublic.aspx","Rocky Boy Agency","OPI Jobs for Teachers (statewide)","OPI fallback: title + raw location + posted date (not a stable OPI ID)","fallback:opi-fallbackopi jobs for teachers (statewide)rocky boy agencyadministrative - otherrocky boy agency2026-07-02#1"
"Elementary Curriculum",2026-08-11,"2026-07-02","Other","Billings","https://apps.opi.mt.gov/mtjobsforteachers/frmJobListingPublic.aspx","Billings","OPI Jobs for Teachers (statewide)","OPI fallback: title + raw location + posted date (not a stable OPI ID)","fallback:opi-fallbackopi jobs for teachers (statewide)billingselementary curriculumbillings2026-07-02#1"
"Physical Ed",2026-08-11,"2026-07-01","Other","Wolf Point, MT","https://apps.opi.mt.gov/mtjobsforteachers/frmJobListingPublic.aspx","Wolf Point, MT","OPI Jobs for Teachers (statewide)","OPI fallback: title + raw location + posted date (not a stable OPI ID)","fallback:opi-fallbackopi jobs for teachers (statewide)wolf point, mtphysical edwolf point, mt2026-07-01#1"
"Social Studies (Broadfield)",2026-08-11,"2026-07-01","Other","Wolf Point","https://apps.opi.mt.gov/mtjobsforteachers/frmJobListingPublic.aspx","Wolf Point","OPI Jobs for Teachers (statewide)","OPI fallback: title + raw location + posted date (not a stable OPI ID)","fallback:opi-fallbackopi jobs for teachers (statewide)wolf pointsocial studies (broadfield)wolf point2026-07-01#1"
"Elementary Curriculum",2026-08-11,"2026-07-01","Other","CARDWELL","https://apps.opi.mt.gov/mtjobsforteachers/frmJobListingPublic.aspx","CARDWELL","OPI Jobs for Teachers (statewide)","OPI fallback: title + raw location + posted date (not a stable OPI ID)","fallback:opi-fallbackopi jobs for teachers (statewide)cardwellelementary curriculumcardwell2026-07-01#1"
"Elementary Curriculum",2026-08-11,"2026-07-01","Other","Sunburst","https://apps.opi.mt.gov/mtjobsforteachers/frmJobListingPublic.aspx","Sunburst","OPI Jobs for Teachers (statewide)","OPI fallback: title + raw location + posted date (not a stable OPI ID)","fallback:opi-fallbackopi jobs for teachers (statewide)sunburstelementary curriculumsunburst2026-07-01#1"
"Elementary Curriculum",2026-08-11,"2026-07-01","Other","Wyola","https://apps.opi.mt.gov/mtjobsforteachers/frmJobListingPublic.aspx","Wyola","OPI Jobs for Teachers (statewide)","OPI fallback: title + raw location + posted date (not a stable OPI ID)","fallback:opi-fallbackopi jobs for teachers (statewide)wyolaelementary curriculumwyola2026-07-01#1"
"Physical Ed",2026-08-11,"2026-07-01","Other","Ronan","https://apps.opi.mt.gov/mtjobsforteachers/frmJobListingPublic.aspx","Ronan","OPI Jobs for Teachers (statewide)","OPI fallback: title + raw location + posted date (not a stable OPI ID)","fallback:opi-fallbackopi jobs for teachers (statewide)ronanphysical edronan2026-07-01#1"
"Special Education",2026-08-11,"2026-06-30","Other","Helena, MT","https://apps.opi.mt.gov/mtjobsforteachers/frmJobListingPublic.aspx","Helena, MT","OPI Jobs for Teachers (statewide)","OPI fallback: title + raw location + posted date (not a stable OPI ID)","fallback:opi-fallbackopi jobs for teachers (statewide)helena, mtspecial educationhelena, mt2026-06-30#1"
"Art",2026-08-11,"2026-06-29","Other","Ashland","https://apps.opi.mt.gov/mtjobsforteachers/frmJobListingPublic.aspx","Ashland","OPI Jobs for Teachers (statewide)","OPI fallback: title + raw location + posted date (not a stable OPI ID)","fallback:opi-fallbackopi jobs for teachers (statewide)ashlandartashland2026-06-29#1"
"Administrative - Other",2026-08-11,"2026-06-29","Administration","Ashland","https://apps.opi.mt.gov/mtjobsforteachers/frmJobListingPublic.aspx","Ashland","OPI Jobs for Teachers (statewide)","OPI fallback: title + raw location + posted date (not a stable OPI ID)","fallback:opi-fallbackopi jobs for teachers (statewide)ashlandadministrative - otherashland2026-06-29#1"
"Mathematics",2026-08-11,"2026-06-29","Teacher","Ashland","https://apps.opi.mt.gov/mtjobsforteachers/frmJobListingPublic.aspx","Ashland","OPI Jobs for Teachers (statewide)","OPI fallback: title + raw location + posted date (not a stable OPI ID)","fallback:opi-fallbackopi jobs for teachers (statewide)ashlandmathematicsashland2026-06-29#1"
"Administrative - Other",2026-08-11,"2026-06-29","Administration","Ashland","https://apps.opi.mt.gov/mtjobsforteachers/frmJobListingPublic.aspx","Ashland","OPI Jobs for Teachers (statewide)","OPI fallback: title + raw location + posted date (not a stable OPI ID)","fallback:opi-fallbackopi jobs for teachers (statewide)ashlandadministrative - otherashland2026-06-29#2"
"Administrative - Other",2026-08-11,"2026-06-29","Administration","Ashland","https://apps.opi.mt.gov/mtjobsforteachers/frmJobListingPublic.aspx","Ashland","OPI Jobs for Teachers (statewide)","OPI fallback: title + raw location + posted date (not a stable OPI ID)","fallback:opi-fallbackopi jobs for teachers (statewide)ashlandadministrative - otherashland2026-06-29#3"
"Administrative - Other",2026-08-11,"2026-06-29","Administration","Ashland","https://apps.opi.mt.gov/mtjobsforteachers/frmJobListingPublic.aspx","Ashland","OPI Jobs for Teachers (statewide)","OPI fallback: title + raw location + posted date (not a stable OPI ID)","fallback:opi-fallbackopi jobs for teachers (statewide)ashlandadministrative - otherashland2026-06-29#4"
"Elementary Curriculum",2026-08-11,"2026-06-29","Other","Conrad","https://apps.opi.mt.gov/mtjobsforteachers/frmJobListingPublic.aspx","Conrad","OPI Jobs for Teachers (statewide)","OPI fallback: title + raw location + posted date (not a stable OPI ID)","fallback:opi-fallbackopi jobs for teachers (statewide)conradelementary curriculumconrad2026-06-29#1"
"Special Education",2026-08-11,"2026-06-29","Other","Bozeman","https://apps.opi.mt.gov/mtjobsforteachers/frmJobListingPublic.aspx","Bozeman","OPI Jobs for Teachers (statewide)","OPI fallback: title + raw location + posted date (not a stable OPI ID)","fallback:opi-fallbackopi jobs for teachers (statewide)bozemanspecial educationbozeman2026-06-29#1"
"Physical Ed",2026-08-11,"2026-06-29","Other","Kalispell","https://apps.opi.mt.gov/mtjobsforteachers/frmJobListingPublic.aspx","Kalispell","OPI Jobs for Teachers (statewide)","OPI fallback: title + raw location + posted date (not a stable OPI ID)","fallback:opi-fallbackopi jobs for teachers (statewide)kalispellphysical edkalispell2026-06-29#1"
"Special Education",2026-08-11,"2026-06-29","Other","Bozeman","https://apps.opi.mt.gov/mtjobsforteachers/frmJobListingPublic.aspx","Bozeman","OPI Jobs for Teachers (statewide)","OPI fallback: title + raw location + posted date (not a stable OPI ID)","fallback:opi-fallbackopi jobs for teachers (statewide)bozemanspecial educationbozeman2026-06-29#2"
"School Counseling",2026-08-11,"2026-06-29","Other","BUSBY, MT","https://apps.opi.mt.gov/mtjobsforteachers/frmJobListingPublic.aspx","BUSBY, MT","OPI Jobs for Teachers (statewide)","OPI fallback: title + raw location + posted date (not a stable OPI ID)","fallback:opi-fallbackopi jobs for teachers (statewide)busby, mtschool counselingbusby, mt2026-06-29#1"
"Elementary Curriculum",2026-08-11,"2026-06-29","Other","BUSBY","https://apps.opi.mt.gov/mtjobsforteachers/frmJobListingPublic.aspx","BUSBY","OPI Jobs for Teachers (statewide)","OPI fallback: title + raw location + posted date (not a stable OPI ID)","fallback:opi-fallbackopi jobs for teachers (statewide)busbyelementary curriculumbusby2026-06-29#1"
"Special Education",2026-08-11,"2026-06-29","Other","BUSBY","https://apps.opi.mt.gov/mtjobsforteachers/frmJobListingPublic.aspx","BUSBY","OPI Jobs for Teachers (statewide)","OPI fallback: title + raw location + posted date (not a stable OPI ID)","fallback:opi-fallbackopi jobs for teachers (statewide)busbyspecial educationbusby2026-06-29#1"
"History",2026-08-11,"2026-06-29","Other","BUSBY","https://apps.opi.mt.gov/mtjobsforteachers/frmJobListingPublic.aspx","BUSBY","OPI Jobs for Teachers (statewide)","OPI fallback: title + raw location + posted date (not a stable OPI ID)","fallback:opi-fallbackopi jobs for teachers (statewide)busbyhistorybusby2026-06-29#1"
"CTE – Business and Marketing Education",2026-08-11,"2026-06-29","Other","BUSBY","https://apps.opi.mt.gov/mtjobsforteachers/frmJobListingPublic.aspx","BUSBY","OPI Jobs for Teachers (statewide)","OPI fallback: title + raw location + posted date (not a stable OPI ID)","fallback:opi-fallbackopi jobs for teachers (statewide)busbycte – business and marketing educationbusby2026-06-29#1"
"Library",2026-08-11,"2026-06-29","Teacher","BUSBY","https://apps.opi.mt.gov/mtjobsforteachers/frmJobListingPublic.aspx","BUSBY","OPI Jobs for Teachers (statewide)","OPI fallback: title + raw location + posted date (not a stable OPI ID)","fallback:opi-fallbackopi jobs for teachers (statewide)busbylibrarybusby2026-06-29#1"
"Other",2026-08-11,"2026-06-29","Other","BUSBY, MT","https://apps.opi.mt.gov/mtjobsforteachers/frmJobListingPublic.aspx","BUSBY, MT","OPI Jobs for Teachers (statewide)","OPI fallback: title + raw location + posted date (not a stable OPI ID)","fallback:opi-fallbackopi jobs for teachers (statewide)busby, mtotherbusby, mt2026-06-29#1"
"Paraprofessional - Special Education",2026-08-11,"2026-06-29","Paraprofessional","Kalispell","https://apps.opi.mt.gov/mtjobsforteachers/frmJobListingPublic.aspx","Kalispell","OPI Jobs for Teachers (statewide)","OPI fallback: title + raw location + posted date (not a stable OPI ID)","fallback:opi-fallbackopi jobs for teachers (statewide)kalispellparaprofessional - special educationkalispell2026-06-29#1"
"Elementary Curriculum",2026-08-11,"2026-06-25","Other","Valley View/Polson","https://apps.opi.mt.gov/mtjobsforteachers/frmJobListingPublic.aspx","Valley View/Polson","OPI Jobs for Teachers (statewide)","OPI fallback: title + raw location + posted date (not a stable OPI ID)","fallback:opi-fallbackopi jobs for teachers (statewide)valley view/polsonelementary curriculumvalley view/polson2026-06-25#1"
"Music",2026-08-11,"2026-06-25","Other","Billings-SD3","https://apps.opi.mt.gov/mtjobsforteachers/frmJobListingPublic.aspx","Billings-SD3","OPI Jobs for Teachers (statewide)","OPI fallback: title + raw location + posted date (not a stable OPI ID)","fallback:opi-fallbackopi jobs for teachers (statewide)billings-sd3musicbillings-sd32026-06-25#1"
"Art",2026-08-11,"2026-06-25","Other","Lockwood","https://apps.opi.mt.gov/mtjobsforteachers/frmJobListingPublic.aspx","Lockwood","OPI Jobs for Teachers (statewide)","OPI fallback: title + raw location + posted date (not a stable OPI ID)","fallback:opi-fallbackopi jobs for teachers (statewide)lockwoodartlockwood2026-06-25#1"
"Reading",2026-08-11,"2026-06-25","Other","Corvallis","https://apps.opi.mt.gov/mtjobsforteachers/frmJobListingPublic.aspx","Corvallis","OPI Jobs for Teachers (statewide)","OPI fallback: title + raw location + posted date (not a stable OPI ID)","fallback:opi-fallbackopi jobs for teachers (statewide)corvallisreadingcorvallis2026-06-25#1"
"Library",2026-08-11,"2026-06-25","Teacher","Lockwood","https://apps.opi.mt.gov/mtjobsforteachers/frmJobListingPublic.aspx","Lockwood","OPI Jobs for Teachers (statewide)","OPI fallback: title + raw location + posted date (not a stable OPI ID)","fallback:opi-fallbackopi jobs for teachers (statewide)lockwoodlibrarylockwood2026-06-25#1"
"School Counseling",2026-08-11,"2026-06-25","Other","Corvallis","https://apps.opi.mt.gov/mtjobsforteachers/frmJobListingPublic.aspx","Corvallis","OPI Jobs for Teachers (statewide)","OPI fallback: title + raw location + posted date (not a stable OPI ID)","fallback:opi-fallbackopi jobs for teachers (statewide)corvallisschool counselingcorvallis2026-06-25#1"
"Special Education",2026-08-11,"2026-06-25","Other","Broadview, MT","https://apps.opi.mt.gov/mtjobsforteachers/frmJobListingPublic.aspx","Broadview, MT","OPI Jobs for Teachers (statewide)","OPI fallback: title + raw location + posted date (not a stable OPI ID)","fallback:opi-fallbackopi jobs for teachers (statewide)broadview, mtspecial educationbroadview, mt2026-06-25#1"
"Library",2026-08-11,"2026-06-24","Teacher","Wolf Point","https://apps.opi.mt.gov/mtjobsforteachers/frmJobListingPublic.aspx","Wolf Point","OPI Jobs for Teachers (statewide)","OPI fallback: title + raw location + posted date (not a stable OPI ID)","fallback:opi-fallbackopi jobs for teachers (statewide)wolf pointlibrarywolf point2026-06-24#1"
"Music",2026-08-11,"2026-06-24","Other","Wolf Point","https://apps.opi.mt.gov/mtjobsforteachers/frmJobListingPublic.aspx","Wolf Point","OPI Jobs for Teachers (statewide)","OPI fallback: title + raw location + posted date (not a stable OPI ID)","fallback:opi-fallbackopi jobs for teachers (statewide)wolf pointmusicwolf point2026-06-24#1"
"Elementary Curriculum",2026-08-11,"2026-06-24","Other","Wolf Point","https://apps.opi.mt.gov/mtjobsforteachers/frmJobListingPublic.aspx","Wolf Point","OPI Jobs for Teachers (statewide)","OPI fallback: title + raw location + posted date (not a stable OPI ID)","fallback:opi-fallbackopi jobs for teachers (statewide)wolf pointelementary curriculumwolf point2026-06-24#1"
"CTE – Family and Consumer Sciences",2026-08-11,"2026-06-24","Teacher","Choteau","https://apps.opi.mt.gov/mtjobsforteachers/frmJobListingPublic.aspx","Choteau","OPI Jobs for Teachers (statewide)","OPI fallback: title + raw location + posted date (not a stable OPI ID)","fallback:opi-fallbackopi jobs for teachers (statewide)choteaucte – family and consumer scienceschoteau2026-06-24#1"
"Library",2026-08-11,"2026-06-24","Teacher","Billings-SD3","https://apps.opi.mt.gov/mtjobsforteachers/frmJobListingPublic.aspx","Billings-SD3","OPI Jobs for Teachers (statewide)","OPI fallback: title + raw location + posted date (not a stable OPI ID)","fallback:opi-fallbackopi jobs for teachers (statewide)billings-sd3librarybillings-sd32026-06-24#1"
"Elementary Curriculum",2026-08-11,"2026-06-23","Other","East Helena","https://apps.opi.mt.gov/mtjobsforteachers/frmJobListingPublic.aspx","East Helena","OPI Jobs for Teachers (statewide)","OPI fallback: title + raw location + posted date (not a stable OPI ID)","fallback:opi-fallbackopi jobs for teachers (statewide)east helenaelementary curriculumeast helena2026-06-23#1"
"Mathematics",2026-08-11,"2026-06-23","Teacher","GREAT FALLS","https://apps.opi.mt.gov/mtjobsforteachers/frmJobListingPublic.aspx","GREAT FALLS","OPI Jobs for Teachers (statewide)","OPI fallback: title + raw location + posted date (not a stable OPI ID)","fallback:opi-fallbackopi jobs for teachers (statewide)great fallsmathematicsgreat falls2026-06-23#1"
"Elementary Curriculum",2026-08-11,"2026-06-23","Other","BUTTE","https://apps.opi.mt.gov/mtjobsforteachers/frmJobListingPublic.aspx","BUTTE","OPI Jobs for Teachers (statewide)","OPI fallback: title + raw location + posted date (not a stable OPI ID)","fallback:opi-fallbackopi jobs for teachers (statewide)butteelementary curriculumbutte2026-06-23#1"
"World Languages",2026-08-11,"2026-06-23","Other","Ronan","https://apps.opi.mt.gov/mtjobsforteachers/frmJobListingPublic.aspx","Ronan","OPI Jobs for Teachers (statewide)","OPI fallback: title + raw location + posted date (not a stable OPI ID)","fallback:opi-fallbackopi jobs for teachers (statewide)ronanworld languagesronan2026-06-23#1"
"CTE – Agricultural Education",2026-08-11,"2026-06-22","Other","Sand Coulee","https://apps.opi.mt.gov/mtjobsforteachers/frmJobListingPublic.aspx","Sand Coulee","OPI Jobs for Teachers (statewide)","OPI fallback: title + raw location + posted date (not a stable OPI ID)","fallback:opi-fallbackopi jobs for teachers (statewide)sand couleecte – agricultural educationsand coulee2026-06-22#1"
"CTE – Industrial Technology Education",2026-08-11,"2026-06-22","Other","Sand Coulee","https://apps.opi.mt.gov/mtjobsforteachers/frmJobListingPublic.aspx","Sand Coulee","OPI Jobs for Teachers (statewide)","OPI fallback: title + raw location + posted date (not a stable OPI ID)","fallback:opi-fallbackopi jobs for teachers (statewide)sand couleecte – industrial technology educationsand coulee2026-06-22#1"
"Earth Science",2026-08-11,"2026-06-22","Teacher","East Helena","https://apps.opi.mt.gov/mtjobsforteachers/frmJobListingPublic.aspx","East Helena","OPI Jobs for Teachers (statewide)","OPI fallback: title + raw location + posted date (not a stable OPI ID)","fallback:opi-fallbackopi jobs for teachers (statewide)east helenaearth scienceeast helena2026-06-22#1"
"Elementary Curriculum",2026-08-11,"2026-06-22","Other","Ulm","https://apps.opi.mt.gov/mtjobsforteachers/frmJobListingPublic.aspx","Ulm","OPI Jobs for Teachers (statewide)","OPI fallback: title + raw location + posted date (not a stable OPI ID)","fallback:opi-fallbackopi jobs for teachers (statewide)ulmelementary curriculumulm2026-06-22#1"
"Special Education",2026-08-11,"2026-06-22","Other","Kalispell","https://apps.opi.mt.gov/mtjobsforteachers/frmJobListingPublic.aspx","Kalispell","OPI Jobs for Teachers (statewide)","OPI fallback: title + raw location + posted date (not a stable OPI ID)","fallback:opi-fallbackopi jobs for teachers (statewide)kalispellspecial educationkalispell2026-06-22#1"
"Mathematics",2026-08-11,"2026-06-22","Teacher","Missoula","https://apps.opi.mt.gov/mtjobsforteachers/frmJobListingPublic.aspx","Missoula","OPI Jobs for Teachers (statewide)","OPI fallback: title + raw location + posted date (not a stable OPI ID)","fallback:opi-fallbackopi jobs for teachers (statewide)missoulamathematicsmissoula2026-06-22#1"
"School Psychologist",2026-08-11,"2026-06-22","Support Services","GREAT FALLS","https://apps.opi.mt.gov/mtjobsforteachers/frmJobListingPublic.aspx","GREAT FALLS","OPI Jobs for Teachers (statewide)","OPI fallback: title + raw location + posted date (not a stable OPI ID)","fallback:opi-fallbackopi jobs for teachers (statewide)great fallsschool psychologistgreat falls2026-06-22#1"
"Library",2026-08-11,"2026-06-22","Teacher","Power","https://apps.opi.mt.gov/mtjobsforteachers/frmJobListingPublic.aspx","Power","OPI Jobs for Teachers (statewide)","OPI fallback: title + raw location + posted date (not a stable OPI ID)","fallback:opi-fallbackopi jobs for teachers (statewide)powerlibrarypower2026-06-22#1"
"Elementary Curriculum",2026-08-11,"2026-06-21","Other","5 miles West of Stanford","https://apps.opi.mt.gov/mtjobsforteachers/frmJobListingPublic.aspx","5 miles West of Stanford","OPI Jobs for Teachers (statewide)","OPI fallback: title + raw location + posted date (not a stable OPI ID)","fallback:opi-fallbackopi jobs for teachers (statewide)5 miles west of stanfordelementary curriculum5 miles west of stanford2026-06-21#1"
"Social Studies (Broadfield)",2026-08-11,"2026-06-19","Other","Belfry","https://apps.opi.mt.gov/mtjobsforteachers/frmJobListingPublic.aspx","Belfry","OPI Jobs for Teachers (statewide)","OPI fallback: title + raw location + posted date (not a stable OPI ID)","fallback:opi-fallbackopi jobs for teachers (statewide)belfrysocial studies (broadfield)belfry2026-06-19#1"
"Other",2026-08-11,"2026-06-19","Other","Miles City, MT","https://apps.opi.mt.gov/mtjobsforteachers/frmJobListingPublic.aspx","Miles City, MT","OPI Jobs for Teachers (statewide)","OPI fallback: title + raw location + posted date (not a stable OPI ID)","fallback:opi-fallbackopi jobs for teachers (statewide)miles city, mtothermiles city, mt2026-06-19#1"
"Special Education",2026-08-11,"2026-06-19","Other","Conrad","https://apps.opi.mt.gov/mtjobsforteachers/frmJobListingPublic.aspx","Conrad","OPI Jobs for Teachers (statewide)","OPI fallback: title + raw location + posted date (not a stable OPI ID)","fallback:opi-fallbackopi jobs for teachers (statewide)conradspecial educationconrad2026-06-19#1"
"Elementary Curriculum",2026-08-11,"2026-06-18","Other","Miles City MT","https://apps.opi.mt.gov/mtjobsforteachers/frmJobListingPublic.aspx","Miles City MT","OPI Jobs for Teachers (statewide)","OPI fallback: title + raw location + posted date (not a stable OPI ID)","fallback:opi-fallbackopi jobs for teachers (statewide)miles city mtelementary curriculummiles city mt2026-06-18#1"
"Music",2026-08-11,"2026-06-17","Other","Custer","https://apps.opi.mt.gov/mtjobsforteachers/frmJobListingPublic.aspx","Custer","OPI Jobs for Teachers (statewide)","OPI fallback: title + raw location + posted date (not a stable OPI ID)","fallback:opi-fallbackopi jobs for teachers (statewide)custermusiccuster2026-06-17#1"
"Elementary Curriculum",2026-08-11,"2026-06-17","Other","Custer","https://apps.opi.mt.gov/mtjobsforteachers/frmJobListingPublic.aspx","Custer","OPI Jobs for Teachers (statewide)","OPI fallback: title + raw location + posted date (not a stable OPI ID)","fallback:opi-fallbackopi jobs for teachers (statewide)custerelementary curriculumcuster2026-06-17#1"
"CTE – Agricultural Education",2026-08-11,"2026-06-17","Other","Custer","https://apps.opi.mt.gov/mtjobsforteachers/frmJobListingPublic.aspx","Custer","OPI Jobs for Teachers (statewide)","OPI fallback: title + raw location + posted date (not a stable OPI ID)","fallback:opi-fallbackopi jobs for teachers (statewide)custercte – agricultural educationcuster2026-06-17#1"
"Physical Ed",2026-08-11,"2026-06-17","Other","Custer","https://apps.opi.mt.gov/mtjobsforteachers/frmJobListingPublic.aspx","Custer","OPI Jobs for Teachers (statewide)","OPI fallback: title + raw location + posted date (not a stable OPI ID)","fallback:opi-fallbackopi jobs for teachers (statewide)custerphysical edcuster2026-06-17#1"
"History",2026-08-11,"2026-06-17","Other","Big Timber, MT","https://apps.opi.mt.gov/mtjobsforteachers/frmJobListingPublic.aspx","Big Timber, MT","OPI Jobs for Teachers (statewide)","OPI fallback: title + raw location + posted date (not a stable OPI ID)","fallback:opi-fallbackopi jobs for teachers (statewide)big timber, mthistorybig timber, mt2026-06-17#1"
"Special Education",2026-08-11,"2026-06-17","Other","Big Timber, MT","https://apps.opi.mt.gov/mtjobsforteachers/frmJobListingPublic.aspx","Big Timber, MT","OPI Jobs for Teachers (statewide)","OPI fallback: title + raw location + posted date (not a stable OPI ID)","fallback:opi-fallbackopi jobs for teachers (statewide)big timber, mtspecial educationbig timber, mt2026-06-17#1"
"Music",2026-08-11,"2026-06-17","Other","Livingston","https://apps.opi.mt.gov/mtjobsforteachers/frmJobListingPublic.aspx","Livingston","OPI Jobs for Teachers (statewide)","OPI fallback: title + raw location + posted date (not a stable OPI ID)","fallback:opi-fallbackopi jobs for teachers (statewide)livingstonmusiclivingston2026-06-17#1"
"Other",2026-08-11,"2026-06-17","Other","Livingston","https://apps.opi.mt.gov/mtjobsforteachers/frmJobListingPublic.aspx","Livingston","OPI Jobs for Teachers (statewide)","OPI fallback: title + raw location + posted date (not a stable OPI ID)","fallback:opi-fallbackopi jobs for teachers (statewide)livingstonotherlivingston2026-06-17#1"
"Other",2026-08-11,"2026-06-17","Other","Livingston","https://apps.opi.mt.gov/mtjobsforteachers/frmJobListingPublic.aspx","Livingston","OPI Jobs for Teachers (statewide)","OPI fallback: title + raw location + posted date (not a stable OPI ID)","fallback:opi-fallbackopi jobs for teachers (statewide)livingstonotherlivingston2026-06-17#2"
"Administrative - Superintendent",2026-08-11,"2026-06-16","Administration","Froid MT","https://apps.opi.mt.gov/mtjobsforteachers/frmJobListingPublic.aspx","Froid MT","OPI Jobs for Teachers (statewide)","OPI fallback: title + raw location + posted date (not a stable OPI ID)","fallback:opi-fallbackopi jobs for teachers (statewide)froid mtadministrative - superintendentfroid mt2026-06-16#1"
"Coach",2026-08-11,"2026-06-16","Athletics","Lockwood","https://apps.opi.mt.gov/mtjobsforteachers/frmJobListingPublic.aspx","Lockwood","OPI Jobs for Teachers (statewide)","OPI fallback: title + raw location + posted date (not a stable OPI ID)","fallback:opi-fallbackopi jobs for teachers (statewide)lockwoodcoachlockwood2026-06-16#1"
"Paraprofessional - Instructional",2026-08-11,"2026-06-16","Paraprofessional","Missoula","https://apps.opi.mt.gov/mtjobsforteachers/frmJobListingPublic.aspx","Missoula","OPI Jobs for Teachers (statewide)","OPI fallback: title + raw location + posted date (not a stable OPI ID)","fallback:opi-fallbackopi jobs for teachers (statewide)missoulaparaprofessional - instructionalmissoula2026-06-16#1"
"World Languages",2026-08-11,"2026-06-16","Other","Saint Ignatius- Salish Teacher","https://apps.opi.mt.gov/mtjobsforteachers/frmJobListingPublic.aspx","Saint Ignatius- Salish Teacher","OPI Jobs for Teachers (statewide)","OPI fallback: title + raw location + posted date (not a stable OPI ID)","fallback:opi-fallbackopi jobs for teachers (statewide)saint ignatius- salish teacherworld languagessaint ignatius- salish teacher2026-06-16#1"
"Music",2026-08-11,"2026-06-16","Other","Absarokee","https://apps.opi.mt.gov/mtjobsforteachers/frmJobListingPublic.aspx","Absarokee","OPI Jobs for Teachers (statewide)","OPI fallback: title + raw location + posted date (not a stable OPI ID)","fallback:opi-fallbackopi jobs for teachers (statewide)absarokeemusicabsarokee2026-06-16#1"
"Paraprofessional - Special Education",2026-08-11,"2026-06-16","Paraprofessional","Missoula","https://apps.opi.mt.gov/mtjobsforteachers/frmJobListingPublic.aspx","Missoula","OPI Jobs for Teachers (statewide)","OPI fallback: title + raw location + posted date (not a stable OPI ID)","fallback:opi-fallbackopi jobs for teachers (statewide)missoulaparaprofessional - special educationmissoula2026-06-16#1"
"School Counseling",2026-08-11,"2026-06-16","Other","Livingston","https://apps.opi.mt.gov/mtjobsforteachers/frmJobListingPublic.aspx","Livingston","OPI Jobs for Teachers (statewide)","OPI fallback: title + raw location + posted date (not a stable OPI ID)","fallback:opi-fallbackopi jobs for teachers (statewide)livingstonschool counselinglivingston2026-06-16#1"
"Physical Ed",2026-08-11,"2026-06-16","Other","Havre","https://apps.opi.mt.gov/mtjobsforteachers/frmJobListingPublic.aspx","Havre","OPI Jobs for Teachers (statewide)","OPI fallback: title + raw location + posted date (not a stable OPI ID)","fallback:opi-fallbackopi jobs for teachers (statewide)havrephysical edhavre2026-06-16#1"
"Other",2026-08-11,"2026-06-16","Other","Billings-SD3","https://apps.opi.mt.gov/mtjobsforteachers/frmJobListingPublic.aspx","Billings-SD3","OPI Jobs for Teachers (statewide)","OPI fallback: title + raw location + posted date (not a stable OPI ID)","fallback:opi-fallbackopi jobs for teachers (statewide)billings-sd3otherbillings-sd32026-06-16#1"
"Elementary Curriculum",2026-08-11,"2026-06-16","Other","Havre","https://apps.opi.mt.gov/mtjobsforteachers/frmJobListingPublic.aspx","Havre","OPI Jobs for Teachers (statewide)","OPI fallback: title + raw location + posted date (not a stable OPI ID)","fallback:opi-fallbackopi jobs for teachers (statewide)havreelementary curriculumhavre2026-06-16#1"
"School Psychologist",2026-08-11,"2026-06-15","Support Services","Kalispell","https://apps.opi.mt.gov/mtjobsforteachers/frmJobListingPublic.aspx","Kalispell","OPI Jobs for Teachers (statewide)","OPI fallback: title + raw location + posted date (not a stable OPI ID)","fallback:opi-fallbackopi jobs for teachers (statewide)kalispellschool psychologistkalispell2026-06-15#1"
"Special Education",2026-08-11,"2026-06-15","Other","Kalispell","https://apps.opi.mt.gov/mtjobsforteachers/frmJobListingPublic.aspx","Kalispell","OPI Jobs for Teachers (statewide)","OPI fallback: title + raw location + posted date (not a stable OPI ID)","fallback:opi-fallbackopi jobs for teachers (statewide)kalispellspecial educationkalispell2026-06-15#1"
"Elementary Curriculum",2026-08-11,"2026-06-15","Other","Conrad","https://apps.opi.mt.gov/mtjobsforteachers/frmJobListingPublic.aspx","Conrad","OPI Jobs for Teachers (statewide)","OPI fallback: title + raw location + posted date (not a stable OPI ID)","fallback:opi-fallbackopi jobs for teachers (statewide)conradelementary curriculumconrad2026-06-15#1"
"Science (Broadfield)",2026-08-11,"2026-06-15","Teacher","Columbia Falls","https://apps.opi.mt.gov/mtjobsforteachers/frmJobListingPublic.aspx","Columbia Falls","OPI Jobs for Teachers (statewide)","OPI fallback: title + raw location + posted date (not a stable OPI ID)","fallback:opi-fallbackopi jobs for teachers (statewide)columbia fallsscience (broadfield)columbia falls2026-06-15#1"
"Mathematics",2026-08-11,"2026-06-15","Teacher","Livingston","https://apps.opi.mt.gov/mtjobsforteachers/frmJobListingPublic.aspx","Livingston","OPI Jobs for Teachers (statewide)","OPI fallback: title + raw location + posted date (not a stable OPI ID)","fallback:opi-fallbackopi jobs for teachers (statewide)livingstonmathematicslivingston2026-06-15#1"
"Science (Broadfield)",2026-08-11,"2026-06-12","Teacher","Wolf Point","https://apps.opi.mt.gov/mtjobsforteachers/frmJobListingPublic.aspx","Wolf Point","OPI Jobs for Teachers (statewide)","OPI fallback: title + raw location + posted date (not a stable OPI ID)","fallback:opi-fallbackopi jobs for teachers (statewide)wolf pointscience (broadfield)wolf point2026-06-12#1"
"Elementary Curriculum",2026-08-11,"2026-06-12","Other","Frenchtown","https://apps.opi.mt.gov/mtjobsforteachers/frmJobListingPublic.aspx","Frenchtown","OPI Jobs for Teachers (statewide)","OPI fallback: title + raw location + posted date (not a stable OPI ID)","fallback:opi-fallbackopi jobs for teachers (statewide)frenchtownelementary curriculumfrenchtown2026-06-12#1"
"Elementary Curriculum",2026-08-11,"2026-06-12","Other","Miles City MT","https://apps.opi.mt.gov/mtjobsforteachers/frmJobListingPublic.aspx","Miles City MT","OPI Jobs for Teachers (statewide)","OPI fallback: title + raw location + posted date (not a stable OPI ID)","fallback:opi-fallbackopi jobs for teachers (statewide)miles city mtelementary curriculummiles city mt2026-06-12#1"
"Special Education",2026-08-11,"2026-06-12","Other","Kalispell","https://apps.opi.mt.gov/mtjobsforteachers/frmJobListingPublic.aspx","Kalispell","OPI Jobs for Teachers (statewide)","OPI fallback: title + raw location + posted date (not a stable OPI ID)","fallback:opi-fallbackopi jobs for teachers (statewide)kalispellspecial educationkalispell2026-06-12#1"
"Physical Therapist",2026-08-11,"2026-06-12","Support Services","Kalispell","https://apps.opi.mt.gov/mtjobsforteachers/frmJobListingPublic.aspx","Kalispell","OPI Jobs for Teachers (statewide)","OPI fallback: title + raw location + posted date (not a stable OPI ID)","fallback:opi-fallbackopi jobs for teachers (statewide)kalispellphysical therapistkalispell2026-06-12#1"
"Music",2026-08-11,"2026-06-11","Other","Park City","https://apps.opi.mt.gov/mtjobsforteachers/frmJobListingPublic.aspx","Park City","OPI Jobs for Teachers (statewide)","OPI fallback: title + raw location + posted date (not a stable OPI ID)","fallback:opi-fallbackopi jobs for teachers (statewide)park citymusicpark city2026-06-11#1"
"CTE – Family and Consumer Sciences",2026-08-11,"2026-06-11","Teacher","FAIRVIEW","https://apps.opi.mt.gov/mtjobsforteachers/frmJobListingPublic.aspx","FAIRVIEW","OPI Jobs for Teachers (statewide)","OPI fallback: title + raw location + posted date (not a stable OPI ID)","fallback:opi-fallbackopi jobs for teachers (statewide)fairviewcte – family and consumer sciencesfairview2026-06-11#1"
"Administrative - Principal",2026-08-11,"2026-06-11","Administration","BUSBY","https://apps.opi.mt.gov/mtjobsforteachers/frmJobListingPublic.aspx","BUSBY","OPI Jobs for Teachers (statewide)","OPI fallback: title + raw location + posted date (not a stable OPI ID)","fallback:opi-fallbackopi jobs for teachers (statewide)busbyadministrative - principalbusby2026-06-11#1"
"School Psychologist",2026-08-11,"2026-06-11","Support Services","Great Falls","https://apps.opi.mt.gov/mtjobsforteachers/frmJobListingPublic.aspx","Great Falls","OPI Jobs for Teachers (statewide)","OPI fallback: title + raw location + posted date (not a stable OPI ID)","fallback:opi-fallbackopi jobs for teachers (statewide)great fallsschool psychologistgreat falls2026-06-11#1"
"CTE – Family and Consumer Sciences",2026-08-11,"2026-06-10","Teacher","Hays","https://apps.opi.mt.gov/mtjobsforteachers/frmJobListingPublic.aspx","Hays","OPI Jobs for Teachers (statewide)","OPI fallback: title + raw location + posted date (not a stable OPI ID)","fallback:opi-fallbackopi jobs for teachers (statewide)hayscte – family and consumer scienceshays2026-06-10#1"
"Computer Science",2026-08-11,"2026-06-10","Teacher","Forsyth","https://apps.opi.mt.gov/mtjobsforteachers/frmJobListingPublic.aspx","Forsyth","OPI Jobs for Teachers (statewide)","OPI fallback: title + raw location + posted date (not a stable OPI ID)","fallback:opi-fallbackopi jobs for teachers (statewide)forsythcomputer scienceforsyth2026-06-10#1"
"Physical Ed",2026-08-11,"2026-06-10","Other","Lima","https://apps.opi.mt.gov/mtjobsforteachers/frmJobListingPublic.aspx","Lima","OPI Jobs for Teachers (statewide)","OPI fallback: title + raw location + posted date (not a stable OPI ID)","fallback:opi-fallbackopi jobs for teachers (statewide)limaphysical edlima2026-06-10#1"
"Mathematics",2026-08-11,"2026-06-10","Teacher","Lima","https://apps.opi.mt.gov/mtjobsforteachers/frmJobListingPublic.aspx","Lima","OPI Jobs for Teachers (statewide)","OPI fallback: title + raw location + posted date (not a stable OPI ID)","fallback:opi-fallbackopi jobs for teachers (statewide)limamathematicslima2026-06-10#1"
"English",2026-08-11,"2026-06-10","Teacher","Lima","https://apps.opi.mt.gov/mtjobsforteachers/frmJobListingPublic.aspx","Lima","OPI Jobs for Teachers (statewide)","OPI fallback: title + raw location + posted date (not a stable OPI ID)","fallback:opi-fallbackopi jobs for teachers (statewide)limaenglishlima2026-06-10#1"
"Paraprofessional - Special Education",2026-08-11,"2026-06-10","Paraprofessional","Lima","https://apps.opi.mt.gov/mtjobsforteachers/frmJobListingPublic.aspx","Lima","OPI Jobs for Teachers (statewide)","OPI fallback: title + raw location + posted date (not a stable OPI ID)","fallback:opi-fallbackopi jobs for teachers (statewide)limaparaprofessional - special educationlima2026-06-10#1"
"Special Education",2026-08-11,"2026-06-10","Other","Three Forks","https://apps.opi.mt.gov/mtjobsforteachers/frmJobListingPublic.aspx","Three Forks","OPI Jobs for Teachers (statewide)","OPI fallback: title + raw location + posted date (not a stable OPI ID)","fallback:opi-fallbackopi jobs for teachers (statewide)three forksspecial educationthree forks2026-06-10#1"
"Computer Science",2026-08-11,"2026-06-10","Teacher","Ronan","https://apps.opi.mt.gov/mtjobsforteachers/frmJobListingPublic.aspx","Ronan","OPI Jobs for Teachers (statewide)","OPI fallback: title + raw location + posted date (not a stable OPI ID)","fallback:opi-fallbackopi jobs for teachers (statewide)ronancomputer scienceronan2026-06-10#1"
"Music",2026-08-11,"2026-06-10","Other","Ronan","https://apps.opi.mt.gov/mtjobsforteachers/frmJobListingPublic.aspx","Ronan","OPI Jobs for Teachers (statewide)","OPI fallback: title + raw location + posted date (not a stable OPI ID)","fallback:opi-fallbackopi jobs for teachers (statewide)ronanmusicronan2026-06-10#1"
"Nurse",2026-08-11,"2026-06-10","Other","Ronan","https://apps.opi.mt.gov/mtjobsforteachers/frmJobListingPublic.aspx","Ronan","OPI Jobs for Teachers (statewide)","OPI fallback: title + raw location + posted date (not a stable OPI ID)","fallback:opi-fallbackopi jobs for teachers (statewide)ronannurseronan2026-06-10#1"
"Elementary Curriculum",2026-08-11,"2026-06-10","Other","Lodge Grass","https://apps.opi.mt.gov/mtjobsforteachers/frmJobListingPublic.aspx","Lodge Grass","OPI Jobs for Teachers (statewide)","OPI fallback: title + raw location + posted date (not a stable OPI ID)","fallback:opi-fallbackopi jobs for teachers (statewide)lodge grasselementary curriculumlodge grass2026-06-10#1"
"CTE – Business and Marketing Education",2026-08-11,"2026-06-10","Other","Lodge Grass","https://apps.opi.mt.gov/mtjobsforteachers/frmJobListingPublic.aspx","Lodge Grass","OPI Jobs for Teachers (statewide)","OPI fallback: title + raw location + posted date (not a stable OPI ID)","fallback:opi-fallbackopi jobs for teachers (statewide)lodge grasscte – business and marketing educationlodge grass2026-06-10#1"
"Special Education",2026-08-11,"2026-06-09","Other","Clyde Park","https://apps.opi.mt.gov/mtjobsforteachers/frmJobListingPublic.aspx","Clyde Park","OPI Jobs for Teachers (statewide)","OPI fallback: title + raw location + posted date (not a stable OPI ID)","fallback:opi-fallbackopi jobs for teachers (statewide)clyde parkspecial educationclyde park2026-06-09#1"
"Elementary Curriculum",2026-08-11,"2026-06-09","Other","Wilsall","https://apps.opi.mt.gov/mtjobsforteachers/frmJobListingPublic.aspx","Wilsall","OPI Jobs for Teachers (statewide)","OPI fallback: title + raw location + posted date (not a stable OPI ID)","fallback:opi-fallbackopi jobs for teachers (statewide)wilsallelementary curriculumwilsall2026-06-09#1"
"Elementary Curriculum",2026-08-11,"2026-06-09","Other","Rosebud","https://apps.opi.mt.gov/mtjobsforteachers/frmJobListingPublic.aspx","Rosebud","OPI Jobs for Teachers (statewide)","OPI fallback: title + raw location + posted date (not a stable OPI ID)","fallback:opi-fallbackopi jobs for teachers (statewide)rosebudelementary curriculumrosebud2026-06-09#1"
"Elementary Curriculum",2026-08-11,"2026-06-09","Other","Geraldine","https://apps.opi.mt.gov/mtjobsforteachers/frmJobListingPublic.aspx","Geraldine","OPI Jobs for Teachers (statewide)","OPI fallback: title + raw location + posted date (not a stable OPI ID)","fallback:opi-fallbackopi jobs for teachers (statewide)geraldineelementary curriculumgeraldine2026-06-09#1"
"Elementary Curriculum",2026-08-11,"2026-06-08","Other","White Sulphur Springs","https://apps.opi.mt.gov/mtjobsforteachers/frmJobListingPublic.aspx","White Sulphur Springs","OPI Jobs for Teachers (statewide)","OPI fallback: title + raw location + posted date (not a stable OPI ID)","fallback:opi-fallbackopi jobs for teachers (statewide)white sulphur springselementary curriculumwhite sulphur springs2026-06-08#1"
"Social Studies (Broadfield)",2026-08-11,"2026-06-08","Other","Belfry","https://apps.opi.mt.gov/mtjobsforteachers/frmJobListingPublic.aspx","Belfry","OPI Jobs for Teachers (statewide)","OPI fallback: title + raw location + posted date (not a stable OPI ID)","fallback:opi-fallbackopi jobs for teachers (statewide)belfrysocial studies (broadfield)belfry2026-06-08#1"
"Elementary Curriculum",2026-08-11,"2026-06-08","Other","Livingston","https://apps.opi.mt.gov/mtjobsforteachers/frmJobListingPublic.aspx","Livingston","OPI Jobs for Teachers (statewide)","OPI fallback: title + raw location + posted date (not a stable OPI ID)","fallback:opi-fallbackopi jobs for teachers (statewide)livingstonelementary curriculumlivingston2026-06-08#1"
"Administrative - Principal",2026-08-11,"2026-06-08","Administration","Ronan","https://apps.opi.mt.gov/mtjobsforteachers/frmJobListingPublic.aspx","Ronan","OPI Jobs for Teachers (statewide)","OPI fallback: title + raw location + posted date (not a stable OPI ID)","fallback:opi-fallbackopi jobs for teachers (statewide)ronanadministrative - principalronan2026-06-08#1"
"Music",2026-08-11,"2026-06-07","Other","Westby","https://apps.opi.mt.gov/mtjobsforteachers/frmJobListingPublic.aspx","Westby","OPI Jobs for Teachers (statewide)","OPI fallback: title + raw location + posted date (not a stable OPI ID)","fallback:opi-fallbackopi jobs for teachers (statewide)westbymusicwestby2026-06-07#1"
"Elementary Curriculum",2026-08-11,"2026-06-07","Other","Westby","https://apps.opi.mt.gov/mtjobsforteachers/frmJobListingPublic.aspx","Westby","OPI Jobs for Teachers (statewide)","OPI fallback: title + raw location + posted date (not a stable OPI ID)","fallback:opi-fallbackopi jobs for teachers (statewide)westbyelementary curriculumwestby2026-06-07#1"
"Social Studies (Broadfield)",2026-08-11,"2026-06-07","Other","Westby","https://apps.opi.mt.gov/mtjobsforteachers/frmJobListingPublic.aspx","Westby","OPI Jobs for Teachers (statewide)","OPI fallback: title + raw location + posted date (not a stable OPI ID)","fallback:opi-fallbackopi jobs for teachers (statewide)westbysocial studies (broadfield)westby2026-06-07#1"
"Paraprofessional - Special Education",2026-08-11,"2026-06-05","Paraprofessional","Clancy, MT","https://apps.opi.mt.gov/mtjobsforteachers/frmJobListingPublic.aspx","Clancy, MT","OPI Jobs for Teachers (statewide)","OPI fallback: title + raw location + posted date (not a stable OPI ID)","fallback:opi-fallbackopi jobs for teachers (statewide)clancy, mtparaprofessional - special educationclancy, mt2026-06-05#1"
"Special Education",2026-08-11,"2026-06-04","Other","Rudyard/Gildford","https://apps.opi.mt.gov/mtjobsforteachers/frmJobListingPublic.aspx","Rudyard/Gildford","OPI Jobs for Teachers (statewide)","OPI fallback: title + raw location + posted date (not a stable OPI ID)","fallback:opi-fallbackopi jobs for teachers (statewide)rudyard/gildfordspecial educationrudyard/gildford2026-06-04#1"
"CTE – Family and Consumer Sciences",2026-08-11,"2026-06-04","Teacher","Rudyard/Gildford","https://apps.opi.mt.gov/mtjobsforteachers/frmJobListingPublic.aspx","Rudyard/Gildford","OPI Jobs for Teachers (statewide)","OPI fallback: title + raw location + posted date (not a stable OPI ID)","fallback:opi-fallbackopi jobs for teachers (statewide)rudyard/gildfordcte – family and consumer sciencesrudyard/gildford2026-06-04#1"
"Music",2026-08-11,"2026-06-04","Other","RUDYARD","https://apps.opi.mt.gov/mtjobsforteachers/frmJobListingPublic.aspx","RUDYARD","OPI Jobs for Teachers (statewide)","OPI fallback: title + raw location + posted date (not a stable OPI ID)","fallback:opi-fallbackopi jobs for teachers (statewide)rudyardmusicrudyard2026-06-04#1"
"Science (Broadfield)",2026-08-11,"2026-06-04","Teacher","Kalispell","https://apps.opi.mt.gov/mtjobsforteachers/frmJobListingPublic.aspx","Kalispell","OPI Jobs for Teachers (statewide)","OPI fallback: title + raw location + posted date (not a stable OPI ID)","fallback:opi-fallbackopi jobs for teachers (statewide)kalispellscience (broadfield)kalispell2026-06-04#1"
"CTE – Family and Consumer Sciences",2026-08-11,"2026-06-04","Teacher","Kalispell","https://apps.opi.mt.gov/mtjobsforteachers/frmJobListingPublic.aspx","Kalispell","OPI Jobs for Teachers (statewide)","OPI fallback: title + raw location + posted date (not a stable OPI ID)","fallback:opi-fallbackopi jobs for teachers (statewide)kalispellcte – family and consumer scienceskalispell2026-06-04#1"
"CTE – Family and Consumer Sciences",2026-08-11,"2026-06-04","Teacher","Kalispell","https://apps.opi.mt.gov/mtjobsforteachers/frmJobListingPublic.aspx","Kalispell","OPI Jobs for Teachers (statewide)","OPI fallback: title + raw location + posted date (not a stable OPI ID)","fallback:opi-fallbackopi jobs for teachers (statewide)kalispellcte – family and consumer scienceskalispell2026-06-04#2"
"Music",2026-08-11,"2026-06-04","Other","Kalispell","https://apps.opi.mt.gov/mtjobsforteachers/frmJobListingPublic.aspx","Kalispell","OPI Jobs for Teachers (statewide)","OPI fallback: title + raw location + posted date (not a stable OPI ID)","fallback:opi-fallbackopi jobs for teachers (statewide)kalispellmusickalispell2026-06-04#1"
"Library",2026-08-11,"2026-06-04","Teacher","Kalispell","https://apps.opi.mt.gov/mtjobsforteachers/frmJobListingPublic.aspx","Kalispell","OPI Jobs for Teachers (statewide)","OPI fallback: title + raw location + posted date (not a stable OPI ID)","fallback:opi-fallbackopi jobs for teachers (statewide)kalispelllibrarykalispell2026-06-04#1"
"Special Education",2026-08-11,"2026-06-04","Other","Kalispell","https://apps.opi.mt.gov/mtjobsforteachers/frmJobListingPublic.aspx","Kalispell","OPI Jobs for Teachers (statewide)","OPI fallback: title + raw location + posted date (not a stable OPI ID)","fallback:opi-fallbackopi jobs for teachers (statewide)kalispellspecial educationkalispell2026-06-04#1"
"Instructional Coach",2026-08-11,"2026-06-04","Athletics","Kalispell","https://apps.opi.mt.gov/mtjobsforteachers/frmJobListingPublic.aspx","Kalispell","OPI Jobs for Teachers (statewide)","OPI fallback: title + raw location + posted date (not a stable OPI ID)","fallback:opi-fallbackopi jobs for teachers (statewide)kalispellinstructional coachkalispell2026-06-04#1"
"Elementary Curriculum",2026-08-11,"2026-06-04","Other","Kalispell","https://apps.opi.mt.gov/mtjobsforteachers/frmJobListingPublic.aspx","Kalispell","OPI Jobs for Teachers (statewide)","OPI fallback: title + raw location + posted date (not a stable OPI ID)","fallback:opi-fallbackopi jobs for teachers (statewide)kalispellelementary curriculumkalispell2026-06-04#1"
"Administrative - Superintendent",2026-08-11,"2026-06-04","Administration","Lockwood","https://apps.opi.mt.gov/mtjobsforteachers/frmJobListingPublic.aspx","Lockwood","OPI Jobs for Teachers (statewide)","OPI fallback: title + raw location + posted date (not a stable OPI ID)","fallback:opi-fallbackopi jobs for teachers (statewide)lockwoodadministrative - superintendentlockwood2026-06-04#1"
"Special Education",2026-08-11,"2026-06-04","Other","Billings","https://apps.opi.mt.gov/mtjobsforteachers/frmJobListingPublic.aspx","Billings","OPI Jobs for Teachers (statewide)","OPI fallback: title + raw location + posted date (not a stable OPI ID)","fallback:opi-fallbackopi jobs for teachers (statewide)billingsspecial educationbillings2026-06-04#1"
"Library",2026-08-11,"2026-06-03","Teacher","841 Bear Canyon Road","https://apps.opi.mt.gov/mtjobsforteachers/frmJobListingPublic.aspx","841 Bear Canyon Road","OPI Jobs for Teachers (statewide)","OPI fallback: title + raw location + posted date (not a stable OPI ID)","fallback:opi-fallbackopi jobs for teachers (statewide)841 bear canyon roadlibrary841 bear canyon road2026-06-03#1"
"Elementary Curriculum",2026-08-11,"2026-06-03","Other","Livingston","https://apps.opi.mt.gov/mtjobsforteachers/frmJobListingPublic.aspx","Livingston","OPI Jobs for Teachers (statewide)","OPI fallback: title + raw location + posted date (not a stable OPI ID)","fallback:opi-fallbackopi jobs for teachers (statewide)livingstonelementary curriculumlivingston2026-06-03#1"
"Elementary Curriculum",2026-08-11,"2026-06-02","Other","Condon","https://apps.opi.mt.gov/mtjobsforteachers/frmJobListingPublic.aspx","Condon","OPI Jobs for Teachers (statewide)","OPI fallback: title + raw location + posted date (not a stable OPI ID)","fallback:opi-fallbackopi jobs for teachers (statewide)condonelementary curriculumcondon2026-06-02#1"
"Elementary Curriculum",2026-08-11,"2026-06-02","Other","Superior, Montana","https://apps.opi.mt.gov/mtjobsforteachers/frmJobListingPublic.aspx","Superior, Montana","OPI Jobs for Teachers (statewide)","OPI fallback: title + raw location + posted date (not a stable OPI ID)","fallback:opi-fallbackopi jobs for teachers (statewide)superior, montanaelementary curriculumsuperior, montana2026-06-02#1"
"Music",2026-08-11,"2026-06-02","Other","GREAT FALLS","https://apps.opi.mt.gov/mtjobsforteachers/frmJobListingPublic.aspx","GREAT FALLS","OPI Jobs for Teachers (statewide)","OPI fallback: title + raw location + posted date (not a stable OPI ID)","fallback:opi-fallbackopi jobs for teachers (statewide)great fallsmusicgreat falls2026-06-02#1"
"Mathematics",2026-08-11,"2026-06-02","Teacher","MISSOULA","https://apps.opi.mt.gov/mtjobsforteachers/frmJobListingPublic.aspx","MISSOULA","OPI Jobs for Teachers (statewide)","OPI fallback: title + raw location + posted date (not a stable OPI ID)","fallback:opi-fallbackopi jobs for teachers (statewide)missoulamathematicsmissoula2026-06-02#1"
"Elementary Curriculum",2026-08-11,"2026-06-02","Other","Condon","https://apps.opi.mt.gov/mtjobsforteachers/frmJobListingPublic.aspx","Condon","OPI Jobs for Teachers (statewide)","OPI fallback: title + raw location + posted date (not a stable OPI ID)","fallback:opi-fallbackopi jobs for teachers (statewide)condonelementary curriculumcondon2026-06-02#2"
"Elementary Curriculum",2026-08-11,"2026-06-01","Other","Wolf Point","https://apps.opi.mt.gov/mtjobsforteachers/frmJobListingPublic.aspx","Wolf Point","OPI Jobs for Teachers (statewide)","OPI fallback: title + raw location + posted date (not a stable OPI ID)","fallback:opi-fallbackopi jobs for teachers (statewide)wolf pointelementary curriculumwolf point2026-06-01#1"
"Music",2026-08-11,"2026-06-01","Other","Terry","https://apps.opi.mt.gov/mtjobsforteachers/frmJobListingPublic.aspx","Terry","OPI Jobs for Teachers (statewide)","OPI fallback: title + raw location + posted date (not a stable OPI ID)","fallback:opi-fallbackopi jobs for teachers (statewide)terrymusicterry2026-06-01#1"
"Elementary Curriculum",2026-08-11,"2026-06-01","Other","Rocky Boy","https://apps.opi.mt.gov/mtjobsforteachers/frmJobListingPublic.aspx","Rocky Boy","OPI Jobs for Teachers (statewide)","OPI fallback: title + raw location + posted date (not a stable OPI ID)","fallback:opi-fallbackopi jobs for teachers (statewide)rocky boyelementary curriculumrocky boy2026-06-01#1"
"Administrative - Principal",2026-08-11,"2026-06-01","Administration","Rocky Boy","https://apps.opi.mt.gov/mtjobsforteachers/frmJobListingPublic.aspx","Rocky Boy","OPI Jobs for Teachers (statewide)","OPI fallback: title + raw location + posted date (not a stable OPI ID)","fallback:opi-fallbackopi jobs for teachers (statewide)rocky boyadministrative - principalrocky boy2026-06-01#1"
"Special Education",2026-08-11,"2026-06-01","Other","Independent School - Billings","https://apps.opi.mt.gov/mtjobsforteachers/frmJobListingPublic.aspx","Independent School - Billings","OPI Jobs for Teachers (statewide)","OPI fallback: title + raw location + posted date (not a stable OPI ID)","fallback:opi-fallbackopi jobs for teachers (statewide)independent school - billingsspecial educationindependent school - billings2026-06-01#1"
"Elementary Curriculum",2026-08-11,"2026-06-01","Other","Geraldine","https://apps.opi.mt.gov/mtjobsforteachers/frmJobListingPublic.aspx","Geraldine","OPI Jobs for Teachers (statewide)","OPI fallback: title + raw location + posted date (not a stable OPI ID)","fallback:opi-fallbackopi jobs for teachers (statewide)geraldineelementary curriculumgeraldine2026-06-01#1"
"Elementary Curriculum",2026-08-11,"2026-06-01","Other","Seeley Lake","https://apps.opi.mt.gov/mtjobsforteachers/frmJobListingPublic.aspx","Seeley Lake","OPI Jobs for Teachers (statewide)","OPI fallback: title + raw location + posted date (not a stable OPI ID)","fallback:opi-fallbackopi jobs for teachers (statewide)seeley lakeelementary curriculumseeley lake2026-06-01#1"
"Mathematics",2026-08-11,"2026-06-01","Teacher","Billings","https://apps.opi.mt.gov/mtjobsforteachers/frmJobListingPublic.aspx","Billings","OPI Jobs for Teachers (statewide)","OPI fallback: title + raw location + posted date (not a stable OPI ID)","fallback:opi-fallbackopi jobs for teachers (statewide)billingsmathematicsbillings2026-06-01#1"
"Administrative - Principal",2026-08-11,"2026-06-01","Administration","Billings","https://apps.opi.mt.gov/mtjobsforteachers/frmJobListingPublic.aspx","Billings","OPI Jobs for Teachers (statewide)","OPI fallback: title + raw location + posted date (not a stable OPI ID)","fallback:opi-fallbackopi jobs for teachers (statewide)billingsadministrative - principalbillings2026-06-01#1"
"Social Studies (Broadfield)",2026-08-11,"2026-06-01","Other","Billings","https://apps.opi.mt.gov/mtjobsforteachers/frmJobListingPublic.aspx","Billings","OPI Jobs for Teachers (statewide)","OPI fallback: title + raw location + posted date (not a stable OPI ID)","fallback:opi-fallbackopi jobs for teachers (statewide)billingssocial studies (broadfield)billings2026-06-01#1"
"Elementary Curriculum",2026-08-11,"2026-05-31","Other","Rural Havre","https://apps.opi.mt.gov/mtjobsforteachers/frmJobListingPublic.aspx","Rural Havre","OPI Jobs for Teachers (statewide)","OPI fallback: title + raw location + posted date (not a stable OPI ID)","fallback:opi-fallbackopi jobs for teachers (statewide)rural havreelementary curriculumrural havre2026-05-31#1"
"Special Education",2026-08-11,"2026-05-29","Other","Cascade","https://apps.opi.mt.gov/mtjobsforteachers/frmJobListingPublic.aspx","Cascade","OPI Jobs for Teachers (statewide)","OPI fallback: title + raw location + posted date (not a stable OPI ID)","fallback:opi-fallbackopi jobs for teachers (statewide)cascadespecial educationcascade2026-05-29#1"
"Mathematics",2026-08-11,"2026-05-29","Teacher","Cascade","https://apps.opi.mt.gov/mtjobsforteachers/frmJobListingPublic.aspx","Cascade","OPI Jobs for Teachers (statewide)","OPI fallback: title + raw location + posted date (not a stable OPI ID)","fallback:opi-fallbackopi jobs for teachers (statewide)cascademathematicscascade2026-05-29#1"
"Science (Broadfield)",2026-08-11,"2026-05-29","Teacher","Cascade","https://apps.opi.mt.gov/mtjobsforteachers/frmJobListingPublic.aspx","Cascade","OPI Jobs for Teachers (statewide)","OPI fallback: title + raw location + posted date (not a stable OPI ID)","fallback:opi-fallbackopi jobs for teachers (statewide)cascadescience (broadfield)cascade2026-05-29#1"
"Music",2026-08-11,"2026-05-29","Other","Big Sandy","https://apps.opi.mt.gov/mtjobsforteachers/frmJobListingPublic.aspx","Big Sandy","OPI Jobs for Teachers (statewide)","OPI fallback: title + raw location + posted date (not a stable OPI ID)","fallback:opi-fallbackopi jobs for teachers (statewide)big sandymusicbig sandy2026-05-29#1"
"Special Education",2026-08-11,"2026-05-29","Other","Big Sandy","https://apps.opi.mt.gov/mtjobsforteachers/frmJobListingPublic.aspx","Big Sandy","OPI Jobs for Teachers (statewide)","OPI fallback: title + raw location + posted date (not a stable OPI ID)","fallback:opi-fallbackopi jobs for teachers (statewide)big sandyspecial educationbig sandy2026-05-29#1"
"Administrative - Superintendent",2026-08-11,"2026-05-29","Administration","Wyola","https://apps.opi.mt.gov/mtjobsforteachers/frmJobListingPublic.aspx","Wyola","OPI Jobs for Teachers (statewide)","OPI fallback: title + raw location + posted date (not a stable OPI ID)","fallback:opi-fallbackopi jobs for teachers (statewide)wyolaadministrative - superintendentwyola2026-05-29#1"
"Administrative - Other",2026-08-11,"2026-05-29","Administration","Roy, Montana","https://apps.opi.mt.gov/mtjobsforteachers/frmJobListingPublic.aspx","Roy, Montana","OPI Jobs for Teachers (statewide)","OPI fallback: title + raw location + posted date (not a stable OPI ID)","fallback:opi-fallbackopi jobs for teachers (statewide)roy, montanaadministrative - otherroy, montana2026-05-29#1"
"Music",2026-08-11,"2026-05-29","Other","Big Sandy","https://apps.opi.mt.gov/mtjobsforteachers/frmJobListingPublic.aspx","Big Sandy","OPI Jobs for Teachers (statewide)","OPI fallback: title + raw location + posted date (not a stable OPI ID)","fallback:opi-fallbackopi jobs for teachers (statewide)big sandymusicbig sandy2026-05-29#2"
"Music",2026-08-11,"2026-05-29","Other","Big Sandy","https://apps.opi.mt.gov/mtjobsforteachers/frmJobListingPublic.aspx","Big Sandy","OPI Jobs for Teachers (statewide)","OPI fallback: title + raw location + posted date (not a stable OPI ID)","fallback:opi-fallbackopi jobs for teachers (statewide)big sandymusicbig sandy2026-05-29#3"
"Other",2026-08-11,"2026-05-29","Other","Stevensville","https://apps.opi.mt.gov/mtjobsforteachers/frmJobListingPublic.aspx","Stevensville","OPI Jobs for Teachers (statewide)","OPI fallback: title + raw location + posted date (not a stable OPI ID)","fallback:opi-fallbackopi jobs for teachers (statewide)stevensvilleotherstevensville2026-05-29#1"
"Music",2026-08-11,"2026-05-29","Other","GREAT FALLS","https://apps.opi.mt.gov/mtjobsforteachers/frmJobListingPublic.aspx","GREAT FALLS","OPI Jobs for Teachers (statewide)","OPI fallback: title + raw location + posted date (not a stable OPI ID)","fallback:opi-fallbackopi jobs for teachers (statewide)great fallsmusicgreat falls2026-05-29#1"
"Paraprofessional - Instructional",2026-08-11,"2026-05-28","Paraprofessional","Vida","https://apps.opi.mt.gov/mtjobsforteachers/frmJobListingPublic.aspx","Vida","OPI Jobs for Teachers (statewide)","OPI fallback: title + raw location + posted date (not a stable OPI ID)","fallback:opi-fallbackopi jobs for teachers (statewide)vidaparaprofessional - instructionalvida2026-05-28#1"
"Art",2026-08-11,"2026-05-28","Other","Hays","https://apps.opi.mt.gov/mtjobsforteachers/frmJobListingPublic.aspx","Hays","OPI Jobs for Teachers (statewide)","OPI fallback: title + raw location + posted date (not a stable OPI ID)","fallback:opi-fallbackopi jobs for teachers (statewide)haysarthays2026-05-28#1"
"Elementary Curriculum",2026-08-11,"2026-05-28","Other","Vida","https://apps.opi.mt.gov/mtjobsforteachers/frmJobListingPublic.aspx","Vida","OPI Jobs for Teachers (statewide)","OPI fallback: title + raw location + posted date (not a stable OPI ID)","fallback:opi-fallbackopi jobs for teachers (statewide)vidaelementary curriculumvida2026-05-28#1"
"Administrative - Principal",2026-08-11,"2026-05-28","Administration","Miles City, MT","https://apps.opi.mt.gov/mtjobsforteachers/frmJobListingPublic.aspx","Miles City, MT","OPI Jobs for Teachers (statewide)","OPI fallback: title + raw location + posted date (not a stable OPI ID)","fallback:opi-fallbackopi jobs for teachers (statewide)miles city, mtadministrative - principalmiles city, mt2026-05-28#1"
"Elementary Curriculum",2026-08-11,"2026-05-28","Other","Troy","https://apps.opi.mt.gov/mtjobsforteachers/frmJobListingPublic.aspx","Troy","OPI Jobs for Teachers (statewide)","OPI fallback: title + raw location + posted date (not a stable OPI ID)","fallback:opi-fallbackopi jobs for teachers (statewide)troyelementary curriculumtroy2026-05-28#1"
"Special Education",2026-08-11,"2026-05-28","Other","Vida","https://apps.opi.mt.gov/mtjobsforteachers/frmJobListingPublic.aspx","Vida","OPI Jobs for Teachers (statewide)","OPI fallback: title + raw location + posted date (not a stable OPI ID)","fallback:opi-fallbackopi jobs for teachers (statewide)vidaspecial educationvida2026-05-28#1"
"Music",2026-08-11,"2026-05-28","Other","Seeley Lake","https://apps.opi.mt.gov/mtjobsforteachers/frmJobListingPublic.aspx","Seeley Lake","OPI Jobs for Teachers (statewide)","OPI fallback: title + raw location + posted date (not a stable OPI ID)","fallback:opi-fallbackopi jobs for teachers (statewide)seeley lakemusicseeley lake2026-05-28#1"
"CTE – Family and Consumer Sciences",2026-08-11,"2026-05-27","Teacher","Drummond","https://apps.opi.mt.gov/mtjobsforteachers/frmJobListingPublic.aspx","Drummond","OPI Jobs for Teachers (statewide)","OPI fallback: title + raw location + posted date (not a stable OPI ID)","fallback:opi-fallbackopi jobs for teachers (statewide)drummondcte – family and consumer sciencesdrummond2026-05-27#1"
"Library",2026-08-11,"2026-05-27","Teacher","Drummond","https://apps.opi.mt.gov/mtjobsforteachers/frmJobListingPublic.aspx","Drummond","OPI Jobs for Teachers (statewide)","OPI fallback: title + raw location + posted date (not a stable OPI ID)","fallback:opi-fallbackopi jobs for teachers (statewide)drummondlibrarydrummond2026-05-27#1"
"CTE – Family and Consumer Sciences",2026-08-11,"2026-05-27","Teacher","Drummond","https://apps.opi.mt.gov/mtjobsforteachers/frmJobListingPublic.aspx","Drummond","OPI Jobs for Teachers (statewide)","OPI fallback: title + raw location + posted date (not a stable OPI ID)","fallback:opi-fallbackopi jobs for teachers (statewide)drummondcte – family and consumer sciencesdrummond2026-05-27#2"
"Library",2026-08-11,"2026-05-27","Teacher","Drummond","https://apps.opi.mt.gov/mtjobsforteachers/frmJobListingPublic.aspx","Drummond","OPI Jobs for Teachers (statewide)","OPI fallback: title + raw location + posted date (not a stable OPI ID)","fallback:opi-fallbackopi jobs for teachers (statewide)drummondlibrarydrummond2026-05-27#2"
"Art",2026-08-11,"2026-05-27","Other","Clyde Park","https://apps.opi.mt.gov/mtjobsforteachers/frmJobListingPublic.aspx","Clyde Park","OPI Jobs for Teachers (statewide)","OPI fallback: title + raw location + posted date (not a stable OPI ID)","fallback:opi-fallbackopi jobs for teachers (statewide)clyde parkartclyde park2026-05-27#1"
"Elementary Curriculum",2026-08-11,"2026-05-27","Other","Geraldine","https://apps.opi.mt.gov/mtjobsforteachers/frmJobListingPublic.aspx","Geraldine","OPI Jobs for Teachers (statewide)","OPI fallback: title + raw location + posted date (not a stable OPI ID)","fallback:opi-fallbackopi jobs for teachers (statewide)geraldineelementary curriculumgeraldine2026-05-27#1"
"Coach",2026-08-11,"2026-05-27","Athletics","Missoula","https://apps.opi.mt.gov/mtjobsforteachers/frmJobListingPublic.aspx","Missoula","OPI Jobs for Teachers (statewide)","OPI fallback: title + raw location + posted date (not a stable OPI ID)","fallback:opi-fallbackopi jobs for teachers (statewide)missoulacoachmissoula2026-05-27#1"
"Computer Science",2026-08-11,"2026-05-27","Teacher","Hardin","https://apps.opi.mt.gov/mtjobsforteachers/frmJobListingPublic.aspx","Hardin","OPI Jobs for Teachers (statewide)","OPI fallback: title + raw location + posted date (not a stable OPI ID)","fallback:opi-fallbackopi jobs for teachers (statewide)hardincomputer sciencehardin2026-05-27#1"
"Administrative - Other",2026-08-11,"2026-05-27","Administration","Hall","https://apps.opi.mt.gov/mtjobsforteachers/frmJobListingPublic.aspx","Hall","OPI Jobs for Teachers (statewide)","OPI fallback: title + raw location + posted date (not a stable OPI ID)","fallback:opi-fallbackopi jobs for teachers (statewide)halladministrative - otherhall2026-05-27#1"
"Administrative - Other",2026-08-11,"2026-05-27","Administration","Hall","https://apps.opi.mt.gov/mtjobsforteachers/frmJobListingPublic.aspx","Hall","OPI Jobs for Teachers (statewide)","OPI fallback: title + raw location + posted date (not a stable OPI ID)","fallback:opi-fallbackopi jobs for teachers (statewide)halladministrative - otherhall2026-05-27#2"
"Mathematics",2026-08-11,"2026-05-26","Teacher","Boulder","https://apps.opi.mt.gov/mtjobsforteachers/frmJobListingPublic.aspx","Boulder","OPI Jobs for Teachers (statewide)","OPI fallback: title + raw location + posted date (not a stable OPI ID)","fallback:opi-fallbackopi jobs for teachers (statewide)bouldermathematicsboulder2026-05-26#1"
"Coach",2026-08-11,"2026-05-26","Athletics","Boulder","https://apps.opi.mt.gov/mtjobsforteachers/frmJobListingPublic.aspx","Boulder","OPI Jobs for Teachers (statewide)","OPI fallback: title + raw location + posted date (not a stable OPI ID)","fallback:opi-fallbackopi jobs for teachers (statewide)bouldercoachboulder2026-05-26#1"
"Coach",2026-08-11,"2026-05-26","Athletics","Boulder","https://apps.opi.mt.gov/mtjobsforteachers/frmJobListingPublic.aspx","Boulder","OPI Jobs for Teachers (statewide)","OPI fallback: title + raw location + posted date (not a stable OPI ID)","fallback:opi-fallbackopi jobs for teachers (statewide)bouldercoachboulder2026-05-26#2"
"Mathematics",2026-08-11,"2026-05-26","Teacher","Missoula","https://apps.opi.mt.gov/mtjobsforteachers/frmJobListingPublic.aspx","Missoula","OPI Jobs for Teachers (statewide)","OPI fallback: title + raw location + posted date (not a stable OPI ID)","fallback:opi-fallbackopi jobs for teachers (statewide)missoulamathematicsmissoula2026-05-26#1"
"Special Education",2026-08-11,"2026-05-26","Other","Deer Lodge","https://apps.opi.mt.gov/mtjobsforteachers/frmJobListingPublic.aspx","Deer Lodge","OPI Jobs for Teachers (statewide)","OPI fallback: title + raw location + posted date (not a stable OPI ID)","fallback:opi-fallbackopi jobs for teachers (statewide)deer lodgespecial educationdeer lodge2026-05-26#1"
"Social Studies (Broadfield)",2026-08-11,"2026-05-26","Other","Belfry","https://apps.opi.mt.gov/mtjobsforteachers/frmJobListingPublic.aspx","Belfry","OPI Jobs for Teachers (statewide)","OPI fallback: title + raw location + posted date (not a stable OPI ID)","fallback:opi-fallbackopi jobs for teachers (statewide)belfrysocial studies (broadfield)belfry2026-05-26#1"
"Mathematics",2026-08-11,"2026-05-26","Teacher","Highwood","https://apps.opi.mt.gov/mtjobsforteachers/frmJobListingPublic.aspx","Highwood","OPI Jobs for Teachers (statewide)","OPI fallback: title + raw location + posted date (not a stable OPI ID)","fallback:opi-fallbackopi jobs for teachers (statewide)highwoodmathematicshighwood2026-05-26#1"
"Special Education",2026-08-11,"2026-05-26","Other","Broadus","https://apps.opi.mt.gov/mtjobsforteachers/frmJobListingPublic.aspx","Broadus","OPI Jobs for Teachers (statewide)","OPI fallback: title + raw location + posted date (not a stable OPI ID)","fallback:opi-fallbackopi jobs for teachers (statewide)broadusspecial educationbroadus2026-05-26#1"
"Elementary Curriculum",2026-08-11,"2026-05-22","Other","Mosby","https://apps.opi.mt.gov/mtjobsforteachers/frmJobListingPublic.aspx","Mosby","OPI Jobs for Teachers (statewide)","OPI fallback: title + raw location + posted date (not a stable OPI ID)","fallback:opi-fallbackopi jobs for teachers (statewide)mosbyelementary curriculummosby2026-05-22#1"
"Administrative - Other",2026-08-11,"2026-05-21","Administration","Shelby","https://apps.opi.mt.gov/mtjobsforteachers/frmJobListingPublic.aspx","Shelby","OPI Jobs for Teachers (statewide)","OPI fallback: title + raw location + posted date (not a stable OPI ID)","fallback:opi-fallbackopi jobs for teachers (statewide)shelbyadministrative - othershelby2026-05-21#1"
"Elementary Curriculum",2026-08-11,"2026-05-21","Other","Gardiner","https://apps.opi.mt.gov/mtjobsforteachers/frmJobListingPublic.aspx","Gardiner","OPI Jobs for Teachers (statewide)","OPI fallback: title + raw location + posted date (not a stable OPI ID)","fallback:opi-fallbackopi jobs for teachers (statewide)gardinerelementary curriculumgardiner2026-05-21#1"
"Mathematics",2026-08-11,"2026-05-21","Teacher","Billings","https://apps.opi.mt.gov/mtjobsforteachers/frmJobListingPublic.aspx","Billings","OPI Jobs for Teachers (statewide)","OPI fallback: title + raw location + posted date (not a stable OPI ID)","fallback:opi-fallbackopi jobs for teachers (statewide)billingsmathematicsbillings2026-05-21#1"
"Administrative - Other",2026-08-11,"2026-05-21","Administration","Lame Deer","https://apps.opi.mt.gov/mtjobsforteachers/frmJobListingPublic.aspx","Lame Deer","OPI Jobs for Teachers (statewide)","OPI fallback: title + raw location + posted date (not a stable OPI ID)","fallback:opi-fallbackopi jobs for teachers (statewide)lame deeradministrative - otherlame deer2026-05-21#1"
"Administrative - Other",2026-08-11,"2026-05-21","Administration","Lame Deer","https://apps.opi.mt.gov/mtjobsforteachers/frmJobListingPublic.aspx","Lame Deer","OPI Jobs for Teachers (statewide)","OPI fallback: title + raw location + posted date (not a stable OPI ID)","fallback:opi-fallbackopi jobs for teachers (statewide)lame deeradministrative - otherlame deer2026-05-21#2"
"CTE – Family and Consumer Sciences",2026-08-11,"2026-05-21","Teacher","Lame Deer","https://apps.opi.mt.gov/mtjobsforteachers/frmJobListingPublic.aspx","Lame Deer","OPI Jobs for Teachers (statewide)","OPI fallback: title + raw location + posted date (not a stable OPI ID)","fallback:opi-fallbackopi jobs for teachers (statewide)lame deercte – family and consumer scienceslame deer2026-05-21#1"
"CTE – Family and Consumer Sciences",2026-08-11,"2026-05-21","Teacher","Lame Deer","https://apps.opi.mt.gov/mtjobsforteachers/frmJobListingPublic.aspx","Lame Deer","OPI Jobs for Teachers (statewide)","OPI fallback: title + raw location + posted date (not a stable OPI ID)","fallback:opi-fallbackopi jobs for teachers (statewide)lame deercte – family and consumer scienceslame deer2026-05-21#2"
"Physical Ed",2026-08-11,"2026-05-21","Other","Missoula","https://apps.opi.mt.gov/mtjobsforteachers/frmJobListingPublic.aspx","Missoula","OPI Jobs for Teachers (statewide)","OPI fallback: title + raw location + posted date (not a stable OPI ID)","fallback:opi-fallbackopi jobs for teachers (statewide)missoulaphysical edmissoula2026-05-21#1"
"Library",2026-08-11,"2026-05-20","Teacher","Broadview","https://apps.opi.mt.gov/mtjobsforteachers/frmJobListingPublic.aspx","Broadview","OPI Jobs for Teachers (statewide)","OPI fallback: title + raw location + posted date (not a stable OPI ID)","fallback:opi-fallbackopi jobs for teachers (statewide)broadviewlibrarybroadview2026-05-20#1"
"Elementary Curriculum",2026-08-11,"2026-05-20","Other","Townsend","https://apps.opi.mt.gov/mtjobsforteachers/frmJobListingPublic.aspx","Townsend","OPI Jobs for Teachers (statewide)","OPI fallback: title + raw location + posted date (not a stable OPI ID)","fallback:opi-fallbackopi jobs for teachers (statewide)townsendelementary curriculumtownsend2026-05-20#1"
"Elementary Curriculum",2026-08-11,"2026-05-20","Other","Broadview","https://apps.opi.mt.gov/mtjobsforteachers/frmJobListingPublic.aspx","Broadview","OPI Jobs for Teachers (statewide)","OPI fallback: title + raw location + posted date (not a stable OPI ID)","fallback:opi-fallbackopi jobs for teachers (statewide)broadviewelementary curriculumbroadview2026-05-20#1"
"Elementary Curriculum",2026-08-11,"2026-05-20","Other","Broadview","https://apps.opi.mt.gov/mtjobsforteachers/frmJobListingPublic.aspx","Broadview","OPI Jobs for Teachers (statewide)","OPI fallback: title + raw location + posted date (not a stable OPI ID)","fallback:opi-fallbackopi jobs for teachers (statewide)broadviewelementary curriculumbroadview2026-05-20#2"
"Elementary Curriculum",2026-08-11,"2026-05-20","Other","Townsend","https://apps.opi.mt.gov/mtjobsforteachers/frmJobListingPublic.aspx","Townsend","OPI Jobs for Teachers (statewide)","OPI fallback: title + raw location + posted date (not a stable OPI ID)","fallback:opi-fallbackopi jobs for teachers (statewide)townsendelementary curriculumtownsend2026-05-20#2"
"Music",2026-08-11,"2026-05-20","Other","Simms","https://apps.opi.mt.gov/mtjobsforteachers/frmJobListingPublic.aspx","Simms","OPI Jobs for Teachers (statewide)","OPI fallback: title + raw location + posted date (not a stable OPI ID)","fallback:opi-fallbackopi jobs for teachers (statewide)simmsmusicsimms2026-05-20#1"
"Administrative - Principal",2026-08-11,"2026-05-20","Administration","Deer Lodge","https://apps.opi.mt.gov/mtjobsforteachers/frmJobListingPublic.aspx","Deer Lodge","OPI Jobs for Teachers (statewide)","OPI fallback: title + raw location + posted date (not a stable OPI ID)","fallback:opi-fallbackopi jobs for teachers (statewide)deer lodgeadministrative - principaldeer lodge2026-05-20#1"
"English",2026-08-11,"2026-05-20","Teacher","Box Elder","https://apps.opi.mt.gov/mtjobsforteachers/frmJobListingPublic.aspx","Box Elder","OPI Jobs for Teachers (statewide)","OPI fallback: title + raw location + posted date (not a stable OPI ID)","fallback:opi-fallbackopi jobs for teachers (statewide)box elderenglishbox elder2026-05-20#1"
"Elementary Curriculum",2026-08-11,"2026-05-20","Other","Box Elder","https://apps.opi.mt.gov/mtjobsforteachers/frmJobListingPublic.aspx","Box Elder","OPI Jobs for Teachers (statewide)","OPI fallback: title + raw location + posted date (not a stable OPI ID)","fallback:opi-fallbackopi jobs for teachers (statewide)box elderelementary curriculumbox elder2026-05-20#1"
"Mathematics",2026-08-11,"2026-05-19","Teacher","Chester Montana","https://apps.opi.mt.gov/mtjobsforteachers/frmJobListingPublic.aspx","Chester Montana","OPI Jobs for Teachers (statewide)","OPI fallback: title + raw location + posted date (not a stable OPI ID)","fallback:opi-fallbackopi jobs for teachers (statewide)chester montanamathematicschester montana2026-05-19#1"
"Elementary Curriculum",2026-08-11,"2026-05-19","Other","Seeley Lake","https://apps.opi.mt.gov/mtjobsforteachers/frmJobListingPublic.aspx","Seeley Lake","OPI Jobs for Teachers (statewide)","OPI fallback: title + raw location + posted date (not a stable OPI ID)","fallback:opi-fallbackopi jobs for teachers (statewide)seeley lakeelementary curriculumseeley lake2026-05-19#1"
"Physical Therapist",2026-08-11,"2026-05-19","Support Services","Eureka","https://apps.opi.mt.gov/mtjobsforteachers/frmJobListingPublic.aspx","Eureka","OPI Jobs for Teachers (statewide)","OPI fallback: title + raw location + posted date (not a stable OPI ID)","fallback:opi-fallbackopi jobs for teachers (statewide)eurekaphysical therapisteureka2026-05-19#1"
"Elementary Curriculum",2026-08-11,"2026-05-19","Other","Lincoln, Montana","https://apps.opi.mt.gov/mtjobsforteachers/frmJobListingPublic.aspx","Lincoln, Montana","OPI Jobs for Teachers (statewide)","OPI fallback: title + raw location + posted date (not a stable OPI ID)","fallback:opi-fallbackopi jobs for teachers (statewide)lincoln, montanaelementary curriculumlincoln, montana2026-05-19#1"
"Science (Broadfield)",2026-08-11,"2026-05-19","Teacher","Great Falls","https://apps.opi.mt.gov/mtjobsforteachers/frmJobListingPublic.aspx","Great Falls","OPI Jobs for Teachers (statewide)","OPI fallback: title + raw location + posted date (not a stable OPI ID)","fallback:opi-fallbackopi jobs for teachers (statewide)great fallsscience (broadfield)great falls2026-05-19#1"
"Physical Ed",2026-08-11,"2026-05-19","Other","Frazer","https://apps.opi.mt.gov/mtjobsforteachers/frmJobListingPublic.aspx","Frazer","OPI Jobs for Teachers (statewide)","OPI fallback: title + raw location + posted date (not a stable OPI ID)","fallback:opi-fallbackopi jobs for teachers (statewide)frazerphysical edfrazer2026-05-19#1"
"Elementary Curriculum",2026-08-11,"2026-05-19","Other","Ryegate","https://apps.opi.mt.gov/mtjobsforteachers/frmJobListingPublic.aspx","Ryegate","OPI Jobs for Teachers (statewide)","OPI fallback: title + raw location + posted date (not a stable OPI ID)","fallback:opi-fallbackopi jobs for teachers (statewide)ryegateelementary curriculumryegate2026-05-19#1"
"Administrative - Principal",2026-08-11,"2026-05-19","Administration","Pryor","https://apps.opi.mt.gov/mtjobsforteachers/frmJobListingPublic.aspx","Pryor","OPI Jobs for Teachers (statewide)","OPI fallback: title + raw location + posted date (not a stable OPI ID)","fallback:opi-fallbackopi jobs for teachers (statewide)pryoradministrative - principalpryor2026-05-19#1"
"Special Education",2026-08-11,"2026-05-19","Other","Pryor, MT","https://apps.opi.mt.gov/mtjobsforteachers/frmJobListingPublic.aspx","Pryor, MT","OPI Jobs for Teachers (statewide)","OPI fallback: title + raw location + posted date (not a stable OPI ID)","fallback:opi-fallbackopi jobs for teachers (statewide)pryor, mtspecial educationpryor, mt2026-05-19#1"
"Art",2026-08-11,"2026-05-18","Other","Darby Montana","https://apps.opi.mt.gov/mtjobsforteachers/frmJobListingPublic.aspx","Darby Montana","OPI Jobs for Teachers (statewide)","OPI fallback: title + raw location + posted date (not a stable OPI ID)","fallback:opi-fallbackopi jobs for teachers (statewide)darby montanaartdarby montana2026-05-18#1"
"Elementary Curriculum",2026-08-11,"2026-05-18","Other","Cut Bank","https://apps.opi.mt.gov/mtjobsforteachers/frmJobListingPublic.aspx","Cut Bank","OPI Jobs for Teachers (statewide)","OPI fallback: title + raw location + posted date (not a stable OPI ID)","fallback:opi-fallbackopi jobs for teachers (statewide)cut bankelementary curriculumcut bank2026-05-18#1"
"Special Education",2026-08-11,"2026-05-18","Other","Cut Bank","https://apps.opi.mt.gov/mtjobsforteachers/frmJobListingPublic.aspx","Cut Bank","OPI Jobs for Teachers (statewide)","OPI fallback: title + raw location + posted date (not a stable OPI ID)","fallback:opi-fallbackopi jobs for teachers (statewide)cut bankspecial educationcut bank2026-05-18#1"
"Elementary Curriculum",2026-08-11,"2026-05-18","Other","Thompson Falls","https://apps.opi.mt.gov/mtjobsforteachers/frmJobListingPublic.aspx","Thompson Falls","OPI Jobs for Teachers (statewide)","OPI fallback: title + raw location + posted date (not a stable OPI ID)","fallback:opi-fallbackopi jobs for teachers (statewide)thompson fallselementary curriculumthompson falls2026-05-18#1"
"Music",2026-08-11,"2026-05-18","Other","Saint Ignatius","https://apps.opi.mt.gov/mtjobsforteachers/frmJobListingPublic.aspx","Saint Ignatius","OPI Jobs for Teachers (statewide)","OPI fallback: title + raw location + posted date (not a stable OPI ID)","fallback:opi-fallbackopi jobs for teachers (statewide)saint ignatiusmusicsaint ignatius2026-05-18#1"
"Elementary Curriculum",2026-08-11,"2026-05-18","Other","Geraldine","https://apps.opi.mt.gov/mtjobsforteachers/frmJobListingPublic.aspx","Geraldine","OPI Jobs for Teachers (statewide)","OPI fallback: title + raw location + posted date (not a stable OPI ID)","fallback:opi-fallbackopi jobs for teachers (statewide)geraldineelementary curriculumgeraldine2026-05-18#1"
"Coach",2026-08-11,"2026-05-18","Athletics","Missoula","https://apps.opi.mt.gov/mtjobsforteachers/frmJobListingPublic.aspx","Missoula","OPI Jobs for Teachers (statewide)","OPI fallback: title + raw location + posted date (not a stable OPI ID)","fallback:opi-fallbackopi jobs for teachers (statewide)missoulacoachmissoula2026-05-18#1"
"Science (Broadfield)",2026-08-11,"2026-05-18","Teacher","Gallatin Gateway","https://apps.opi.mt.gov/mtjobsforteachers/frmJobListingPublic.aspx","Gallatin Gateway","OPI Jobs for Teachers (statewide)","OPI fallback: title + raw location + posted date (not a stable OPI ID)","fallback:opi-fallbackopi jobs for teachers (statewide)gallatin gatewayscience (broadfield)gallatin gateway2026-05-18#1"
"Mathematics",2026-08-11,"2026-05-15","Teacher","Plevna, Montana","https://apps.opi.mt.gov/mtjobsforteachers/frmJobListingPublic.aspx","Plevna, Montana","OPI Jobs for Teachers (statewide)","OPI fallback: title + raw location + posted date (not a stable OPI ID)","fallback:opi-fallbackopi jobs for teachers (statewide)plevna, montanamathematicsplevna, montana2026-05-15#1"
"Paraprofessional - Instructional",2026-08-11,"2026-05-15","Paraprofessional","Condon","https://apps.opi.mt.gov/mtjobsforteachers/frmJobListingPublic.aspx","Condon","OPI Jobs for Teachers (statewide)","OPI fallback: title + raw location + posted date (not a stable OPI ID)","fallback:opi-fallbackopi jobs for teachers (statewide)condonparaprofessional - instructionalcondon2026-05-15#1"
"School Counseling",2026-08-11,"2026-05-15","Other","Livingston","https://apps.opi.mt.gov/mtjobsforteachers/frmJobListingPublic.aspx","Livingston","OPI Jobs for Teachers (statewide)","OPI fallback: title + raw location + posted date (not a stable OPI ID)","fallback:opi-fallbackopi jobs for teachers (statewide)livingstonschool counselinglivingston2026-05-15#1"
"Special Education",2026-08-11,"2026-05-15","Other","Condon","https://apps.opi.mt.gov/mtjobsforteachers/frmJobListingPublic.aspx","Condon","OPI Jobs for Teachers (statewide)","OPI fallback: title + raw location + posted date (not a stable OPI ID)","fallback:opi-fallbackopi jobs for teachers (statewide)condonspecial educationcondon2026-05-15#1"
"Science (Broadfield)",2026-08-11,"2026-05-15","Teacher","Plevna, Montana","https://apps.opi.mt.gov/mtjobsforteachers/frmJobListingPublic.aspx","Plevna, Montana","OPI Jobs for Teachers (statewide)","OPI fallback: title + raw location + posted date (not a stable OPI ID)","fallback:opi-fallbackopi jobs for teachers (statewide)plevna, montanascience (broadfield)plevna, montana2026-05-15#1"
"CTE – Industrial Technology Education",2026-08-11,"2026-05-14","Other","Rudyard/Gildford","https://apps.opi.mt.gov/mtjobsforteachers/frmJobListingPublic.aspx","Rudyard/Gildford","OPI Jobs for Teachers (statewide)","OPI fallback: title + raw location + posted date (not a stable OPI ID)","fallback:opi-fallbackopi jobs for teachers (statewide)rudyard/gildfordcte – industrial technology educationrudyard/gildford2026-05-14#1"
"CTE – Agricultural Education",2026-08-11,"2026-05-14","Other","Miles City MT","https://apps.opi.mt.gov/mtjobsforteachers/frmJobListingPublic.aspx","Miles City MT","OPI Jobs for Teachers (statewide)","OPI fallback: title + raw location + posted date (not a stable OPI ID)","fallback:opi-fallbackopi jobs for teachers (statewide)miles city mtcte – agricultural educationmiles city mt2026-05-14#1"
"World Languages",2026-08-11,"2026-05-14","Other","East Helena","https://apps.opi.mt.gov/mtjobsforteachers/frmJobListingPublic.aspx","East Helena","OPI Jobs for Teachers (statewide)","OPI fallback: title + raw location + posted date (not a stable OPI ID)","fallback:opi-fallbackopi jobs for teachers (statewide)east helenaworld languageseast helena2026-05-14#1"
"Mathematics",2026-08-11,"2026-05-13","Teacher","Sheridan, MT","https://apps.opi.mt.gov/mtjobsforteachers/frmJobListingPublic.aspx","Sheridan, MT","OPI Jobs for Teachers (statewide)","OPI fallback: title + raw location + posted date (not a stable OPI ID)","fallback:opi-fallbackopi jobs for teachers (statewide)sheridan, mtmathematicssheridan, mt2026-05-13#1"
"Elementary Curriculum",2026-08-11,"2026-05-13","Other","Geraldine","https://apps.opi.mt.gov/mtjobsforteachers/frmJobListingPublic.aspx","Geraldine","OPI Jobs for Teachers (statewide)","OPI fallback: title + raw location + posted date (not a stable OPI ID)","fallback:opi-fallbackopi jobs for teachers (statewide)geraldineelementary curriculumgeraldine2026-05-13#1"
"Special Education",2026-08-11,"2026-05-13","Other","East Helena","https://apps.opi.mt.gov/mtjobsforteachers/frmJobListingPublic.aspx","East Helena","OPI Jobs for Teachers (statewide)","OPI fallback: title + raw location + posted date (not a stable OPI ID)","fallback:opi-fallbackopi jobs for teachers (statewide)east helenaspecial educationeast helena2026-05-13#1"
"Other",2026-08-11,"2026-05-13","Other","Billings","https://apps.opi.mt.gov/mtjobsforteachers/frmJobListingPublic.aspx","Billings","OPI Jobs for Teachers (statewide)","OPI fallback: title + raw location + posted date (not a stable OPI ID)","fallback:opi-fallbackopi jobs for teachers (statewide)billingsotherbillings2026-05-13#1"
"Music",2026-08-11,"2026-05-13","Other","Billings","https://apps.opi.mt.gov/mtjobsforteachers/frmJobListingPublic.aspx","Billings","OPI Jobs for Teachers (statewide)","OPI fallback: title + raw location + posted date (not a stable OPI ID)","fallback:opi-fallbackopi jobs for teachers (statewide)billingsmusicbillings2026-05-13#1"
"Other",2026-08-11,"2026-05-13","Other","Clancy/Mt City","https://apps.opi.mt.gov/mtjobsforteachers/frmJobListingPublic.aspx","Clancy/Mt City","OPI Jobs for Teachers (statewide)","OPI fallback: title + raw location + posted date (not a stable OPI ID)","fallback:opi-fallbackopi jobs for teachers (statewide)clancy/mt cityotherclancy/mt city2026-05-13#1"
"Special Education",2026-08-11,"2026-05-13","Other","WIBAUX","https://apps.opi.mt.gov/mtjobsforteachers/frmJobListingPublic.aspx","WIBAUX","OPI Jobs for Teachers (statewide)","OPI fallback: title + raw location + posted date (not a stable OPI ID)","fallback:opi-fallbackopi jobs for teachers (statewide)wibauxspecial educationwibaux2026-05-13#1"
"CTE – Agricultural Education",2026-08-11,"2026-05-12","Other","Hobson","https://apps.opi.mt.gov/mtjobsforteachers/frmJobListingPublic.aspx","Hobson","OPI Jobs for Teachers (statewide)","OPI fallback: title + raw location + posted date (not a stable OPI ID)","fallback:opi-fallbackopi jobs for teachers (statewide)hobsoncte – agricultural educationhobson2026-05-12#1"
"Elementary Curriculum",2026-08-11,"2026-05-12","Other","Judith Gap","https://apps.opi.mt.gov/mtjobsforteachers/frmJobListingPublic.aspx","Judith Gap","OPI Jobs for Teachers (statewide)","OPI fallback: title + raw location + posted date (not a stable OPI ID)","fallback:opi-fallbackopi jobs for teachers (statewide)judith gapelementary curriculumjudith gap2026-05-12#1"
"Mathematics",2026-08-11,"2026-05-12","Teacher","Missoula","https://apps.opi.mt.gov/mtjobsforteachers/frmJobListingPublic.aspx","Missoula","OPI Jobs for Teachers (statewide)","OPI fallback: title + raw location + posted date (not a stable OPI ID)","fallback:opi-fallbackopi jobs for teachers (statewide)missoulamathematicsmissoula2026-05-12#1"
"Music",2026-08-11,"2026-05-12","Other","MISSOULA","https://apps.opi.mt.gov/mtjobsforteachers/frmJobListingPublic.aspx","MISSOULA","OPI Jobs for Teachers (statewide)","OPI fallback: title + raw location + posted date (not a stable OPI ID)","fallback:opi-fallbackopi jobs for teachers (statewide)missoulamusicmissoula2026-05-12#1"
"Paraprofessional - Special Education",2026-08-11,"2026-05-12","Paraprofessional","Stevensville","https://apps.opi.mt.gov/mtjobsforteachers/frmJobListingPublic.aspx","Stevensville","OPI Jobs for Teachers (statewide)","OPI fallback: title + raw location + posted date (not a stable OPI ID)","fallback:opi-fallbackopi jobs for teachers (statewide)stevensvilleparaprofessional - special educationstevensville2026-05-12#1"
"English",2026-08-11,"2026-05-12","Teacher","Missoula","https://apps.opi.mt.gov/mtjobsforteachers/frmJobListingPublic.aspx","Missoula","OPI Jobs for Teachers (statewide)","OPI fallback: title + raw location + posted date (not a stable OPI ID)","fallback:opi-fallbackopi jobs for teachers (statewide)missoulaenglishmissoula2026-05-12#1"
"Library",2026-08-11,"2026-05-11","Teacher","Wilsall","https://apps.opi.mt.gov/mtjobsforteachers/frmJobListingPublic.aspx","Wilsall","OPI Jobs for Teachers (statewide)","OPI fallback: title + raw location + posted date (not a stable OPI ID)","fallback:opi-fallbackopi jobs for teachers (statewide)wilsalllibrarywilsall2026-05-11#1"
"Elementary Curriculum",2026-08-11,"2026-05-11","Other","Big Sandy","https://apps.opi.mt.gov/mtjobsforteachers/frmJobListingPublic.aspx","Big Sandy","OPI Jobs for Teachers (statewide)","OPI fallback: title + raw location + posted date (not a stable OPI ID)","fallback:opi-fallbackopi jobs for teachers (statewide)big sandyelementary curriculumbig sandy2026-05-11#1"
"Elementary Curriculum",2026-08-11,"2026-05-11","Other","Geraldine","https://apps.opi.mt.gov/mtjobsforteachers/frmJobListingPublic.aspx","Geraldine","OPI Jobs for Teachers (statewide)","OPI fallback: title + raw location + posted date (not a stable OPI ID)","fallback:opi-fallbackopi jobs for teachers (statewide)geraldineelementary curriculumgeraldine2026-05-11#1"
"Social Studies (Broadfield)",2026-08-11,"2026-05-11","Other","Belfry","https://apps.opi.mt.gov/mtjobsforteachers/frmJobListingPublic.aspx","Belfry","OPI Jobs for Teachers (statewide)","OPI fallback: title + raw location + posted date (not a stable OPI ID)","fallback:opi-fallbackopi jobs for teachers (statewide)belfrysocial studies (broadfield)belfry2026-05-11#1"
"Special Education",2026-08-11,"2026-05-11","Other","Big Timber, MT","https://apps.opi.mt.gov/mtjobsforteachers/frmJobListingPublic.aspx","Big Timber, MT","OPI Jobs for Teachers (statewide)","OPI fallback: title + raw location + posted date (not a stable OPI ID)","fallback:opi-fallbackopi jobs for teachers (statewide)big timber, mtspecial educationbig timber, mt2026-05-11#1"
"Elementary Curriculum",2026-08-11,"2026-05-09","Other","4 miles north of Harlem","https://apps.opi.mt.gov/mtjobsforteachers/frmJobListingPublic.aspx","4 miles north of Harlem","OPI Jobs for Teachers (statewide)","OPI fallback: title + raw location + posted date (not a stable OPI ID)","fallback:opi-fallbackopi jobs for teachers (statewide)4 miles north of harlemelementary curriculum4 miles north of harlem2026-05-09#1"
"Paraprofessional - Instructional",2026-08-11,"2026-05-08","Paraprofessional","Montana City","https://apps.opi.mt.gov/mtjobsforteachers/frmJobListingPublic.aspx","Montana City","OPI Jobs for Teachers (statewide)","OPI fallback: title + raw location + posted date (not a stable OPI ID)","fallback:opi-fallbackopi jobs for teachers (statewide)montana cityparaprofessional - instructionalmontana city2026-05-08#1"
"Elementary Curriculum",2026-08-11,"2026-05-08","Other","Geraldine","https://apps.opi.mt.gov/mtjobsforteachers/frmJobListingPublic.aspx","Geraldine","OPI Jobs for Teachers (statewide)","OPI fallback: title + raw location + posted date (not a stable OPI ID)","fallback:opi-fallbackopi jobs for teachers (statewide)geraldineelementary curriculumgeraldine2026-05-08#1"
"Special Education",2026-08-11,"2026-05-07","Other","Lockwood","https://apps.opi.mt.gov/mtjobsforteachers/frmJobListingPublic.aspx","Lockwood","OPI Jobs for Teachers (statewide)","OPI fallback: title + raw location + posted date (not a stable OPI ID)","fallback:opi-fallbackopi jobs for teachers (statewide)lockwoodspecial educationlockwood2026-05-07#1"
"CTE – Agricultural Education",2026-08-11,"2026-05-07","Other","Sidney","https://apps.opi.mt.gov/mtjobsforteachers/frmJobListingPublic.aspx","Sidney","OPI Jobs for Teachers (statewide)","OPI fallback: title + raw location + posted date (not a stable OPI ID)","fallback:opi-fallbackopi jobs for teachers (statewide)sidneycte – agricultural educationsidney2026-05-07#1"
"Speech-Language Pathologist",2026-08-11,"2026-05-07","Support Services","Butte","https://apps.opi.mt.gov/mtjobsforteachers/frmJobListingPublic.aspx","Butte","OPI Jobs for Teachers (statewide)","OPI fallback: title + raw location + posted date (not a stable OPI ID)","fallback:opi-fallbackopi jobs for teachers (statewide)buttespeech-language pathologistbutte2026-05-07#1"
"CTE – Agricultural Education",2026-08-11,"2026-05-07","Other","Ekalaka","https://apps.opi.mt.gov/mtjobsforteachers/frmJobListingPublic.aspx","Ekalaka","OPI Jobs for Teachers (statewide)","OPI fallback: title + raw location + posted date (not a stable OPI ID)","fallback:opi-fallbackopi jobs for teachers (statewide)ekalakacte – agricultural educationekalaka2026-05-07#1"
"Special Education",2026-08-11,"2026-05-06","Other","Lockwood","https://apps.opi.mt.gov/mtjobsforteachers/frmJobListingPublic.aspx","Lockwood","OPI Jobs for Teachers (statewide)","OPI fallback: title + raw location + posted date (not a stable OPI ID)","fallback:opi-fallbackopi jobs for teachers (statewide)lockwoodspecial educationlockwood2026-05-06#1"
"Science (Broadfield)",2026-08-11,"2026-05-06","Teacher","Big Timber- Between Bozeman and Billings","https://apps.opi.mt.gov/mtjobsforteachers/frmJobListingPublic.aspx","Big Timber- Between Bozeman and Billings","OPI Jobs for Teachers (statewide)","OPI fallback: title + raw location + posted date (not a stable OPI ID)","fallback:opi-fallbackopi jobs for teachers (statewide)big timber- between bozeman and billingsscience (broadfield)big timber- between bozeman and billings2026-05-06#1"
"Science (Broadfield)",2026-08-11,"2026-05-06","Teacher","Big Timber- Between Bozeman and Billings","https://apps.opi.mt.gov/mtjobsforteachers/frmJobListingPublic.aspx","Big Timber- Between Bozeman and Billings","OPI Jobs for Teachers (statewide)","OPI fallback: title + raw location + posted date (not a stable OPI ID)","fallback:opi-fallbackopi jobs for teachers (statewide)big timber- between bozeman and billingsscience (broadfield)big timber- between bozeman and billings2026-05-06#2"
"Administrative - Principal",2026-08-11,"2026-05-06","Administration","Lodge Grass","https://apps.opi.mt.gov/mtjobsforteachers/frmJobListingPublic.aspx","Lodge Grass","OPI Jobs for Teachers (statewide)","OPI fallback: title + raw location + posted date (not a stable OPI ID)","fallback:opi-fallbackopi jobs for teachers (statewide)lodge grassadministrative - principallodge grass2026-05-06#1"
"Elementary Curriculum",2026-08-11,"2026-05-06","Other","Belt","https://apps.opi.mt.gov/mtjobsforteachers/frmJobListingPublic.aspx","Belt","OPI Jobs for Teachers (statewide)","OPI fallback: title + raw location + posted date (not a stable OPI ID)","fallback:opi-fallbackopi jobs for teachers (statewide)beltelementary curriculumbelt2026-05-06#1"
"Science (Broadfield)",2026-08-11,"2026-05-05","Teacher","Whitewater","https://apps.opi.mt.gov/mtjobsforteachers/frmJobListingPublic.aspx","Whitewater","OPI Jobs for Teachers (statewide)","OPI fallback: title + raw location + posted date (not a stable OPI ID)","fallback:opi-fallbackopi jobs for teachers (statewide)whitewaterscience (broadfield)whitewater2026-05-05#1"
"Elementary Curriculum",2026-08-11,"2026-05-05","Other","Chester","https://apps.opi.mt.gov/mtjobsforteachers/frmJobListingPublic.aspx","Chester","OPI Jobs for Teachers (statewide)","OPI fallback: title + raw location + posted date (not a stable OPI ID)","fallback:opi-fallbackopi jobs for teachers (statewide)chesterelementary curriculumchester2026-05-05#1"
"Physical Ed",2026-08-11,"2026-05-05","Other","Lodge Grass","https://apps.opi.mt.gov/mtjobsforteachers/frmJobListingPublic.aspx","Lodge Grass","OPI Jobs for Teachers (statewide)","OPI fallback: title + raw location + posted date (not a stable OPI ID)","fallback:opi-fallbackopi jobs for teachers (statewide)lodge grassphysical edlodge grass2026-05-05#1"
"Mathematics",2026-08-11,"2026-05-05","Teacher","Havre","https://apps.opi.mt.gov/mtjobsforteachers/frmJobListingPublic.aspx","Havre","OPI Jobs for Teachers (statewide)","OPI fallback: title + raw location + posted date (not a stable OPI ID)","fallback:opi-fallbackopi jobs for teachers (statewide)havremathematicshavre2026-05-05#1"
"English",2026-08-11,"2026-05-05","Teacher","Havre","https://apps.opi.mt.gov/mtjobsforteachers/frmJobListingPublic.aspx","Havre","OPI Jobs for Teachers (statewide)","OPI fallback: title + raw location + posted date (not a stable OPI ID)","fallback:opi-fallbackopi jobs for teachers (statewide)havreenglishhavre2026-05-05#1"
"Elementary Curriculum",2026-08-11,"2026-05-05","Other","Judith Gap","https://apps.opi.mt.gov/mtjobsforteachers/frmJobListingPublic.aspx","Judith Gap","OPI Jobs for Teachers (statewide)","OPI fallback: title + raw location + posted date (not a stable OPI ID)","fallback:opi-fallbackopi jobs for teachers (statewide)judith gapelementary curriculumjudith gap2026-05-05#1"
"Elementary Curriculum",2026-08-11,"2026-05-05","Other","Geraldine","https://apps.opi.mt.gov/mtjobsforteachers/frmJobListingPublic.aspx","Geraldine","OPI Jobs for Teachers (statewide)","OPI fallback: title + raw location + posted date (not a stable OPI ID)","fallback:opi-fallbackopi jobs for teachers (statewide)geraldineelementary curriculumgeraldine2026-05-05#1"
"School Psychologist",2026-08-11,"2026-05-05","Support Services","Bozeman","https://apps.opi.mt.gov/mtjobsforteachers/frmJobListingPublic.aspx","Bozeman","OPI Jobs for Teachers (statewide)","OPI fallback: title + raw location + posted date (not a stable OPI ID)","fallback:opi-fallbackopi jobs for teachers (statewide)bozemanschool psychologistbozeman2026-05-05#1"
"Speech-Language Pathologist",2026-08-11,"2026-05-05","Support Services","Billings, Shepherd, Worden, Custer, Hysham","https://apps.opi.mt.gov/mtjobsforteachers/frmJobListingPublic.aspx","Billings, Shepherd, Worden, Custer, Hysham","OPI Jobs for Teachers (statewide)","OPI fallback: title + raw location + posted date (not a stable OPI ID)","fallback:opi-fallbackopi jobs for teachers (statewide)billings, shepherd, worden, custer, hyshamspeech-language pathologistbillings, shepherd, worden, custer, hysham2026-05-05#1"
"Paraprofessional - Special Education",2026-08-11,"2026-05-05","Paraprofessional","Stevensville","https://apps.opi.mt.gov/mtjobsforteachers/frmJobListingPublic.aspx","Stevensville","OPI Jobs for Teachers (statewide)","OPI fallback: title + raw location + posted date (not a stable OPI ID)","fallback:opi-fallbackopi jobs for teachers (statewide)stevensvilleparaprofessional - special educationstevensville2026-05-05#1"
"Art",2026-08-11,"2026-05-05","Other","Lodge Grass","https://apps.opi.mt.gov/mtjobsforteachers/frmJobListingPublic.aspx","Lodge Grass","OPI Jobs for Teachers (statewide)","OPI fallback: title + raw location + posted date (not a stable OPI ID)","fallback:opi-fallbackopi jobs for teachers (statewide)lodge grassartlodge grass2026-05-05#1"
"Art",2026-08-11,"2026-05-05","Other","White Sulphur Springs","https://apps.opi.mt.gov/mtjobsforteachers/frmJobListingPublic.aspx","White Sulphur Springs","OPI Jobs for Teachers (statewide)","OPI fallback: title + raw location + posted date (not a stable OPI ID)","fallback:opi-fallbackopi jobs for teachers (statewide)white sulphur springsartwhite sulphur springs2026-05-05#1"
"Elementary Curriculum",2026-08-11,"2026-05-04","Other","Fairfield, MT","https://apps.opi.mt.gov/mtjobsforteachers/frmJobListingPublic.aspx","Fairfield, MT","OPI Jobs for Teachers (statewide)","OPI fallback: title + raw location + posted date (not a stable OPI ID)","fallback:opi-fallbackopi jobs for teachers (statewide)fairfield, mtelementary curriculumfairfield, mt2026-05-04#1"
"Other",2026-08-11,"2026-05-04","Other","Hays","https://apps.opi.mt.gov/mtjobsforteachers/frmJobListingPublic.aspx","Hays","OPI Jobs for Teachers (statewide)","OPI fallback: title + raw location + posted date (not a stable OPI ID)","fallback:opi-fallbackopi jobs for teachers (statewide)haysotherhays2026-05-04#1"
"English",2026-08-11,"2026-05-04","Teacher","Geyser","https://apps.opi.mt.gov/mtjobsforteachers/frmJobListingPublic.aspx","Geyser","OPI Jobs for Teachers (statewide)","OPI fallback: title + raw location + posted date (not a stable OPI ID)","fallback:opi-fallbackopi jobs for teachers (statewide)geyserenglishgeyser2026-05-04#1"
"Elementary Curriculum",2026-08-11,"2026-05-04","Other","Lewistown","https://apps.opi.mt.gov/mtjobsforteachers/frmJobListingPublic.aspx","Lewistown","OPI Jobs for Teachers (statewide)","OPI fallback: title + raw location + posted date (not a stable OPI ID)","fallback:opi-fallbackopi jobs for teachers (statewide)lewistownelementary curriculumlewistown2026-05-04#1"
"CTE – Agricultural Education",2026-08-11,"2026-05-04","Other","Ronan","https://apps.opi.mt.gov/mtjobsforteachers/frmJobListingPublic.aspx","Ronan","OPI Jobs for Teachers (statewide)","OPI fallback: title + raw location + posted date (not a stable OPI ID)","fallback:opi-fallbackopi jobs for teachers (statewide)ronancte – agricultural educationronan2026-05-04#1"
"World Languages",2026-08-11,"2026-05-04","Other","Big Sky","https://apps.opi.mt.gov/mtjobsforteachers/frmJobListingPublic.aspx","Big Sky","OPI Jobs for Teachers (statewide)","OPI fallback: title + raw location + posted date (not a stable OPI ID)","fallback:opi-fallbackopi jobs for teachers (statewide)big skyworld languagesbig sky2026-05-04#1"
"CTE – Industrial Technology Education",2026-08-11,"2026-05-01","Other","Missoula","https://apps.opi.mt.gov/mtjobsforteachers/frmJobListingPublic.aspx","Missoula","OPI Jobs for Teachers (statewide)","OPI fallback: title + raw location + posted date (not a stable OPI ID)","fallback:opi-fallbackopi jobs for teachers (statewide)missoulacte – industrial technology educationmissoula2026-05-01#1"
"Social Studies (Broadfield)",2026-08-11,"2026-05-01","Other","Lodge Grass","https://apps.opi.mt.gov/mtjobsforteachers/frmJobListingPublic.aspx","Lodge Grass","OPI Jobs for Teachers (statewide)","OPI fallback: title + raw location + posted date (not a stable OPI ID)","fallback:opi-fallbackopi jobs for teachers (statewide)lodge grasssocial studies (broadfield)lodge grass2026-05-01#1"
"Paraprofessional - Instructional",2026-08-11,"2026-05-01","Paraprofessional","Lodge Grass","https://apps.opi.mt.gov/mtjobsforteachers/frmJobListingPublic.aspx","Lodge Grass","OPI Jobs for Teachers (statewide)","OPI fallback: title + raw location + posted date (not a stable OPI ID)","fallback:opi-fallbackopi jobs for teachers (statewide)lodge grassparaprofessional - instructionallodge grass2026-05-01#1"
"Elementary Curriculum",2026-08-11,"2026-05-01","Other","Geraldine","https://apps.opi.mt.gov/mtjobsforteachers/frmJobListingPublic.aspx","Geraldine","OPI Jobs for Teachers (statewide)","OPI fallback: title + raw location + posted date (not a stable OPI ID)","fallback:opi-fallbackopi jobs for teachers (statewide)geraldineelementary curriculumgeraldine2026-05-01#1"
"Elementary Curriculum",2026-08-11,"2026-04-30","Other","Browning, MT","https://apps.opi.mt.gov/mtjobsforteachers/frmJobListingPublic.aspx","Browning, MT","OPI Jobs for Teachers (statewide)","OPI fallback: title + raw location + posted date (not a stable OPI ID)","fallback:opi-fallbackopi jobs for teachers (statewide)browning, mtelementary curriculumbrowning, mt2026-04-30#1"
"Coach",2026-08-11,"2026-04-30","Athletics","East Helena","https://apps.opi.mt.gov/mtjobsforteachers/frmJobListingPublic.aspx","East Helena","OPI Jobs for Teachers (statewide)","OPI fallback: title + raw location + posted date (not a stable OPI ID)","fallback:opi-fallbackopi jobs for teachers (statewide)east helenacoacheast helena2026-04-30#1"
"English",2026-08-11,"2026-04-30","Teacher","Browning, MT","https://apps.opi.mt.gov/mtjobsforteachers/frmJobListingPublic.aspx","Browning, MT","OPI Jobs for Teachers (statewide)","OPI fallback: title + raw location + posted date (not a stable OPI ID)","fallback:opi-fallbackopi jobs for teachers (statewide)browning, mtenglishbrowning, mt2026-04-30#1"
"Mathematics",2026-08-11,"2026-04-30","Teacher","Browning","https://apps.opi.mt.gov/mtjobsforteachers/frmJobListingPublic.aspx","Browning","OPI Jobs for Teachers (statewide)","OPI fallback: title + raw location + posted date (not a stable OPI ID)","fallback:opi-fallbackopi jobs for teachers (statewide)browningmathematicsbrowning2026-04-30#1"
"Administrative - Principal",2026-08-11,"2026-04-30","Administration","Browning","https://apps.opi.mt.gov/mtjobsforteachers/frmJobListingPublic.aspx","Browning","OPI Jobs for Teachers (statewide)","OPI fallback: title + raw location + posted date (not a stable OPI ID)","fallback:opi-fallbackopi jobs for teachers (statewide)browningadministrative - principalbrowning2026-04-30#1"
"Special Education",2026-08-11,"2026-04-30","Other","Browning","https://apps.opi.mt.gov/mtjobsforteachers/frmJobListingPublic.aspx","Browning","OPI Jobs for Teachers (statewide)","OPI fallback: title + raw location + posted date (not a stable OPI ID)","fallback:opi-fallbackopi jobs for teachers (statewide)browningspecial educationbrowning2026-04-30#1"
"Elementary Curriculum",2026-08-11,"2026-04-30","Other","Judith Gap","https://apps.opi.mt.gov/mtjobsforteachers/frmJobListingPublic.aspx","Judith Gap","OPI Jobs for Teachers (statewide)","OPI fallback: title + raw location + posted date (not a stable OPI ID)","fallback:opi-fallbackopi jobs for teachers (statewide)judith gapelementary curriculumjudith gap2026-04-30#1"
"Elementary Curriculum",2026-08-11,"2026-04-30","Other","Absarokee","https://apps.opi.mt.gov/mtjobsforteachers/frmJobListingPublic.aspx","Absarokee","OPI Jobs for Teachers (statewide)","OPI fallback: title + raw location + posted date (not a stable OPI ID)","fallback:opi-fallbackopi jobs for teachers (statewide)absarokeeelementary curriculumabsarokee2026-04-30#1"
"CTE – Family and Consumer Sciences",2026-08-11,"2026-04-30","Teacher","Absarokee","https://apps.opi.mt.gov/mtjobsforteachers/frmJobListingPublic.aspx","Absarokee","OPI Jobs for Teachers (statewide)","OPI fallback: title + raw location + posted date (not a stable OPI ID)","fallback:opi-fallbackopi jobs for teachers (statewide)absarokeecte – family and consumer sciencesabsarokee2026-04-30#1"
"Music",2026-08-11,"2026-04-30","Other","Dutton","https://apps.opi.mt.gov/mtjobsforteachers/frmJobListingPublic.aspx","Dutton","OPI Jobs for Teachers (statewide)","OPI fallback: title + raw location + posted date (not a stable OPI ID)","fallback:opi-fallbackopi jobs for teachers (statewide)duttonmusicdutton2026-04-30#1"
"Music",2026-08-11,"2026-04-29","Other","Nashua","https://apps.opi.mt.gov/mtjobsforteachers/frmJobListingPublic.aspx","Nashua","OPI Jobs for Teachers (statewide)","OPI fallback: title + raw location + posted date (not a stable OPI ID)","fallback:opi-fallbackopi jobs for teachers (statewide)nashuamusicnashua2026-04-29#1"
"Mathematics",2026-08-11,"2026-04-29","Teacher","Lodge Grass, Montana","https://apps.opi.mt.gov/mtjobsforteachers/frmJobListingPublic.aspx","Lodge Grass, Montana","OPI Jobs for Teachers (statewide)","OPI fallback: title + raw location + posted date (not a stable OPI ID)","fallback:opi-fallbackopi jobs for teachers (statewide)lodge grass, montanamathematicslodge grass, montana2026-04-29#1"
"Art",2026-08-11,"2026-04-29","Other","Nashua","https://apps.opi.mt.gov/mtjobsforteachers/frmJobListingPublic.aspx","Nashua","OPI Jobs for Teachers (statewide)","OPI fallback: title + raw location + posted date (not a stable OPI ID)","fallback:opi-fallbackopi jobs for teachers (statewide)nashuaartnashua2026-04-29#1"
"Library",2026-08-11,"2026-04-29","Teacher","Nashua","https://apps.opi.mt.gov/mtjobsforteachers/frmJobListingPublic.aspx","Nashua","OPI Jobs for Teachers (statewide)","OPI fallback: title + raw location + posted date (not a stable OPI ID)","fallback:opi-fallbackopi jobs for teachers (statewide)nashualibrarynashua2026-04-29#1"
"Mathematics",2026-08-11,"2026-04-29","Teacher","Fairview","https://apps.opi.mt.gov/mtjobsforteachers/frmJobListingPublic.aspx","Fairview","OPI Jobs for Teachers (statewide)","OPI fallback: title + raw location + posted date (not a stable OPI ID)","fallback:opi-fallbackopi jobs for teachers (statewide)fairviewmathematicsfairview2026-04-29#1"
"Elementary Curriculum",2026-08-11,"2026-04-29","Other","Judith Gap","https://apps.opi.mt.gov/mtjobsforteachers/frmJobListingPublic.aspx","Judith Gap","OPI Jobs for Teachers (statewide)","OPI fallback: title + raw location + posted date (not a stable OPI ID)","fallback:opi-fallbackopi jobs for teachers (statewide)judith gapelementary curriculumjudith gap2026-04-29#1"
"Elementary Curriculum",2026-08-11,"2026-04-29","Other","Judith Gap","https://apps.opi.mt.gov/mtjobsforteachers/frmJobListingPublic.aspx","Judith Gap","OPI Jobs for Teachers (statewide)","OPI fallback: title + raw location + posted date (not a stable OPI ID)","fallback:opi-fallbackopi jobs for teachers (statewide)judith gapelementary curriculumjudith gap2026-04-29#2"
"Elementary Curriculum",2026-08-11,"2026-04-28","Other","Lame Deer, MT","https://apps.opi.mt.gov/mtjobsforteachers/frmJobListingPublic.aspx","Lame Deer, MT","OPI Jobs for Teachers (statewide)","OPI fallback: title + raw location + posted date (not a stable OPI ID)","fallback:opi-fallbackopi jobs for teachers (statewide)lame deer, mtelementary curriculumlame deer, mt2026-04-28#1"
"Mathematics",2026-08-11,"2026-04-28","Teacher","Lame Deer, MT","https://apps.opi.mt.gov/mtjobsforteachers/frmJobListingPublic.aspx","Lame Deer, MT","OPI Jobs for Teachers (statewide)","OPI fallback: title + raw location + posted date (not a stable OPI ID)","fallback:opi-fallbackopi jobs for teachers (statewide)lame deer, mtmathematicslame deer, mt2026-04-28#1"
"Administrative - Sp Ed Director",2026-08-11,"2026-04-28","Administration","Lame Deer, MT","https://apps.opi.mt.gov/mtjobsforteachers/frmJobListingPublic.aspx","Lame Deer, MT","OPI Jobs for Teachers (statewide)","OPI fallback: title + raw location + posted date (not a stable OPI ID)","fallback:opi-fallbackopi jobs for teachers (statewide)lame deer, mtadministrative - sp ed directorlame deer, mt2026-04-28#1"
"Science (Broadfield)",2026-08-11,"2026-04-28","Teacher","Lame Deer, MT","https://apps.opi.mt.gov/mtjobsforteachers/frmJobListingPublic.aspx","Lame Deer, MT","OPI Jobs for Teachers (statewide)","OPI fallback: title + raw location + posted date (not a stable OPI ID)","fallback:opi-fallbackopi jobs for teachers (statewide)lame deer, mtscience (broadfield)lame deer, mt2026-04-28#1"
"Elementary Curriculum",2026-08-11,"2026-04-28","Other","Lambert","https://apps.opi.mt.gov/mtjobsforteachers/frmJobListingPublic.aspx","Lambert","OPI Jobs for Teachers (statewide)","OPI fallback: title + raw location + posted date (not a stable OPI ID)","fallback:opi-fallbackopi jobs for teachers (statewide)lambertelementary curriculumlambert2026-04-28#1"
"CTE – Industrial Technology Education",2026-08-11,"2026-04-28","Other","Frazer, MT","https://apps.opi.mt.gov/mtjobsforteachers/frmJobListingPublic.aspx","Frazer, MT","OPI Jobs for Teachers (statewide)","OPI fallback: title + raw location + posted date (not a stable OPI ID)","fallback:opi-fallbackopi jobs for teachers (statewide)frazer, mtcte – industrial technology educationfrazer, mt2026-04-28#1"
"Elementary Curriculum",2026-08-11,"2026-04-28","Other","Broadus","https://apps.opi.mt.gov/mtjobsforteachers/frmJobListingPublic.aspx","Broadus","OPI Jobs for Teachers (statewide)","OPI fallback: title + raw location + posted date (not a stable OPI ID)","fallback:opi-fallbackopi jobs for teachers (statewide)broaduselementary curriculumbroadus2026-04-28#1"
"CTE – Family and Consumer Sciences",2026-08-11,"2026-04-28","Teacher","Broadus","https://apps.opi.mt.gov/mtjobsforteachers/frmJobListingPublic.aspx","Broadus","OPI Jobs for Teachers (statewide)","OPI fallback: title + raw location + posted date (not a stable OPI ID)","fallback:opi-fallbackopi jobs for teachers (statewide)broaduscte – family and consumer sciencesbroadus2026-04-28#1"
"Elementary Curriculum",2026-08-11,"2026-04-28","Other","Shepherd","https://apps.opi.mt.gov/mtjobsforteachers/frmJobListingPublic.aspx","Shepherd","OPI Jobs for Teachers (statewide)","OPI fallback: title + raw location + posted date (not a stable OPI ID)","fallback:opi-fallbackopi jobs for teachers (statewide)shepherdelementary curriculumshepherd2026-04-28#1"
"Elementary Curriculum",2026-08-11,"2026-04-27","Other","Medicine Lake","https://apps.opi.mt.gov/mtjobsforteachers/frmJobListingPublic.aspx","Medicine Lake","OPI Jobs for Teachers (statewide)","OPI fallback: title + raw location + posted date (not a stable OPI ID)","fallback:opi-fallbackopi jobs for teachers (statewide)medicine lakeelementary curriculummedicine lake2026-04-27#1"
"Elementary Curriculum",2026-08-11,"2026-04-27","Other","Judith Gap","https://apps.opi.mt.gov/mtjobsforteachers/frmJobListingPublic.aspx","Judith Gap","OPI Jobs for Teachers (statewide)","OPI fallback: title + raw location + posted date (not a stable OPI ID)","fallback:opi-fallbackopi jobs for teachers (statewide)judith gapelementary curriculumjudith gap2026-04-27#1"
"Elementary Curriculum",2026-08-11,"2026-04-27","Other","Geraldine","https://apps.opi.mt.gov/mtjobsforteachers/frmJobListingPublic.aspx","Geraldine","OPI Jobs for Teachers (statewide)","OPI fallback: title + raw location + posted date (not a stable OPI ID)","fallback:opi-fallbackopi jobs for teachers (statewide)geraldineelementary curriculumgeraldine2026-04-27#1"
"Elementary Curriculum",2026-08-11,"2026-04-27","Other","Lewistown","https://apps.opi.mt.gov/mtjobsforteachers/frmJobListingPublic.aspx","Lewistown","OPI Jobs for Teachers (statewide)","OPI fallback: title + raw location + posted date (not a stable OPI ID)","fallback:opi-fallbackopi jobs for teachers (statewide)lewistownelementary curriculumlewistown2026-04-27#1"
"Elementary Curriculum",2026-08-11,"2026-04-27","Other","McLeod","https://apps.opi.mt.gov/mtjobsforteachers/frmJobListingPublic.aspx","McLeod","OPI Jobs for Teachers (statewide)","OPI fallback: title + raw location + posted date (not a stable OPI ID)","fallback:opi-fallbackopi jobs for teachers (statewide)mcleodelementary curriculummcleod2026-04-27#1"
"Elementary Curriculum",2026-08-11,"2026-04-27","Other","Melville","https://apps.opi.mt.gov/mtjobsforteachers/frmJobListingPublic.aspx","Melville","OPI Jobs for Teachers (statewide)","OPI fallback: title + raw location + posted date (not a stable OPI ID)","fallback:opi-fallbackopi jobs for teachers (statewide)melvilleelementary curriculummelville2026-04-27#1"
"Music",2026-08-11,"2026-04-27","Other","Winifred, MT","https://apps.opi.mt.gov/mtjobsforteachers/frmJobListingPublic.aspx","Winifred, MT","OPI Jobs for Teachers (statewide)","OPI fallback: title + raw location + posted date (not a stable OPI ID)","fallback:opi-fallbackopi jobs for teachers (statewide)winifred, mtmusicwinifred, mt2026-04-27#1"
"Special Education",2026-08-11,"2026-04-27","Other","Winifred, MT","https://apps.opi.mt.gov/mtjobsforteachers/frmJobListingPublic.aspx","Winifred, MT","OPI Jobs for Teachers (statewide)","OPI fallback: title + raw location + posted date (not a stable OPI ID)","fallback:opi-fallbackopi jobs for teachers (statewide)winifred, mtspecial educationwinifred, mt2026-04-27#1"
"Elementary Curriculum",2026-08-11,"2026-04-24","Other","Missoula","https://apps.opi.mt.gov/mtjobsforteachers/frmJobListingPublic.aspx","Missoula","OPI Jobs for Teachers (statewide)","OPI fallback: title + raw location + posted date (not a stable OPI ID)","fallback:opi-fallbackopi jobs for teachers (statewide)missoulaelementary curriculummissoula2026-04-24#1"
"Elementary Curriculum",2026-08-11,"2026-04-23","Other","Kalispell","https://apps.opi.mt.gov/mtjobsforteachers/frmJobListingPublic.aspx","Kalispell","OPI Jobs for Teachers (statewide)","OPI fallback: title + raw location + posted date (not a stable OPI ID)","fallback:opi-fallbackopi jobs for teachers (statewide)kalispellelementary curriculumkalispell2026-04-23#1"
"Science (Broadfield)",2026-08-11,"2026-04-23","Teacher","Billings - Billings Christian School","https://apps.opi.mt.gov/mtjobsforteachers/frmJobListingPublic.aspx","Billings - Billings Christian School","OPI Jobs for Teachers (statewide)","OPI fallback: title + raw location + posted date (not a stable OPI ID)","fallback:opi-fallbackopi jobs for teachers (statewide)billings - billings christian schoolscience (broadfield)billings - billings christian school2026-04-23#1"
"Elementary Curriculum",2026-08-11,"2026-04-23","Other","Billings - Billings Christian School","https://apps.opi.mt.gov/mtjobsforteachers/frmJobListingPublic.aspx","Billings - Billings Christian School","OPI Jobs for Teachers (statewide)","OPI fallback: title + raw location + posted date (not a stable OPI ID)","fallback:opi-fallbackopi jobs for teachers (statewide)billings - billings christian schoolelementary curriculumbillings - billings christian school2026-04-23#1"
"Elementary Curriculum",2026-08-11,"2026-04-23","Other","Billings - Billings Christian School","https://apps.opi.mt.gov/mtjobsforteachers/frmJobListingPublic.aspx","Billings - Billings Christian School","OPI Jobs for Teachers (statewide)","OPI fallback: title + raw location + posted date (not a stable OPI ID)","fallback:opi-fallbackopi jobs for teachers (statewide)billings - billings christian schoolelementary curriculumbillings - billings christian school2026-04-23#2"
"Administrative - Principal",2026-08-11,"2026-04-23","Administration","Billings - Billings Christian School","https://apps.opi.mt.gov/mtjobsforteachers/frmJobListingPublic.aspx","Billings - Billings Christian School","OPI Jobs for Teachers (statewide)","OPI fallback: title + raw location + posted date (not a stable OPI ID)","fallback:opi-fallbackopi jobs for teachers (statewide)billings - billings christian schooladministrative - principalbillings - billings christian school2026-04-23#1"
"Music",2026-08-11,"2026-04-23","Other","Billings - Billings Christian School","https://apps.opi.mt.gov/mtjobsforteachers/frmJobListingPublic.aspx","Billings - Billings Christian School","OPI Jobs for Teachers (statewide)","OPI fallback: title + raw location + posted date (not a stable OPI ID)","fallback:opi-fallbackopi jobs for teachers (statewide)billings - billings christian schoolmusicbillings - billings christian school2026-04-23#1"
"Elementary Curriculum",2026-08-11,"2026-04-23","Other","Ronan","https://apps.opi.mt.gov/mtjobsforteachers/frmJobListingPublic.aspx","Ronan","OPI Jobs for Teachers (statewide)","OPI fallback: title + raw location + posted date (not a stable OPI ID)","fallback:opi-fallbackopi jobs for teachers (statewide)ronanelementary curriculumronan2026-04-23#1"
"Speech-Language Pathologist",2026-08-11,"2026-04-22","Support Services","Belgrade","https://apps.opi.mt.gov/mtjobsforteachers/frmJobListingPublic.aspx","Belgrade","OPI Jobs for Teachers (statewide)","OPI fallback: title + raw location + posted date (not a stable OPI ID)","fallback:opi-fallbackopi jobs for teachers (statewide)belgradespeech-language pathologistbelgrade2026-04-22#1"
"School Counseling",2026-08-11,"2026-04-21","Other","Hot Springs","https://apps.opi.mt.gov/mtjobsforteachers/frmJobListingPublic.aspx","Hot Springs","OPI Jobs for Teachers (statewide)","OPI fallback: title + raw location + posted date (not a stable OPI ID)","fallback:opi-fallbackopi jobs for teachers (statewide)hot springsschool counselinghot springs2026-04-21#1"
"Special Education",2026-08-11,"2026-04-21","Other","Bozeman","https://apps.opi.mt.gov/mtjobsforteachers/frmJobListingPublic.aspx","Bozeman","OPI Jobs for Teachers (statewide)","OPI fallback: title + raw location + posted date (not a stable OPI ID)","fallback:opi-fallbackopi jobs for teachers (statewide)bozemanspecial educationbozeman2026-04-21#1"
"Elementary Curriculum",2026-08-11,"2026-04-20","Other","Northwest of Cut Bank, MT","https://apps.opi.mt.gov/mtjobsforteachers/frmJobListingPublic.aspx","Northwest of Cut Bank, MT","OPI Jobs for Teachers (statewide)","OPI fallback: title + raw location + posted date (not a stable OPI ID)","fallback:opi-fallbackopi jobs for teachers (statewide)northwest of cut bank, mtelementary curriculumnorthwest of cut bank, mt2026-04-20#1"
"Special Education",2026-08-11,"2026-04-20","Other","WYOLA","https://apps.opi.mt.gov/mtjobsforteachers/frmJobListingPublic.aspx","WYOLA","OPI Jobs for Teachers (statewide)","OPI fallback: title + raw location + posted date (not a stable OPI ID)","fallback:opi-fallbackopi jobs for teachers (statewide)wyolaspecial educationwyola2026-04-20#1"
"Social Studies (Broadfield)",2026-08-11,"2026-04-20","Other","Bainville","https://apps.opi.mt.gov/mtjobsforteachers/frmJobListingPublic.aspx","Bainville","OPI Jobs for Teachers (statewide)","OPI fallback: title + raw location + posted date (not a stable OPI ID)","fallback:opi-fallbackopi jobs for teachers (statewide)bainvillesocial studies (broadfield)bainville2026-04-20#1"
"School Counseling",2026-08-11,"2026-04-20","Other","Fairview","https://apps.opi.mt.gov/mtjobsforteachers/frmJobListingPublic.aspx","Fairview","OPI Jobs for Teachers (statewide)","OPI fallback: title + raw location + posted date (not a stable OPI ID)","fallback:opi-fallbackopi jobs for teachers (statewide)fairviewschool counselingfairview2026-04-20#1"
"Elementary Curriculum",2026-08-11,"2026-04-20","Other","Geraldine","https://apps.opi.mt.gov/mtjobsforteachers/frmJobListingPublic.aspx","Geraldine","OPI Jobs for Teachers (statewide)","OPI fallback: title + raw location + posted date (not a stable OPI ID)","fallback:opi-fallbackopi jobs for teachers (statewide)geraldineelementary curriculumgeraldine2026-04-20#1"
"CTE – Agricultural Education",2026-08-11,"2026-04-20","Other","Reed Point","https://apps.opi.mt.gov/mtjobsforteachers/frmJobListingPublic.aspx","Reed Point","OPI Jobs for Teachers (statewide)","OPI fallback: title + raw location + posted date (not a stable OPI ID)","fallback:opi-fallbackopi jobs for teachers (statewide)reed pointcte – agricultural educationreed point2026-04-20#1"
"Elementary Curriculum",2026-08-11,"2026-04-17","Other","Fortine","https://apps.opi.mt.gov/mtjobsforteachers/frmJobListingPublic.aspx","Fortine","OPI Jobs for Teachers (statewide)","OPI fallback: title + raw location + posted date (not a stable OPI ID)","fallback:opi-fallbackopi jobs for teachers (statewide)fortineelementary curriculumfortine2026-04-17#1"
"Elementary Curriculum",2026-08-11,"2026-04-17","Other","Harlowton District","https://apps.opi.mt.gov/mtjobsforteachers/frmJobListingPublic.aspx","Harlowton District","OPI Jobs for Teachers (statewide)","OPI fallback: title + raw location + posted date (not a stable OPI ID)","fallback:opi-fallbackopi jobs for teachers (statewide)harlowton districtelementary curriculumharlowton district2026-04-17#1"
"Science (Broadfield)",2026-08-11,"2026-04-17","Teacher","Shepherd","https://apps.opi.mt.gov/mtjobsforteachers/frmJobListingPublic.aspx","Shepherd","OPI Jobs for Teachers (statewide)","OPI fallback: title + raw location + posted date (not a stable OPI ID)","fallback:opi-fallbackopi jobs for teachers (statewide)shepherdscience (broadfield)shepherd2026-04-17#1"
"Music",2026-08-11,"2026-04-17","Other","Billings","https://apps.opi.mt.gov/mtjobsforteachers/frmJobListingPublic.aspx","Billings","OPI Jobs for Teachers (statewide)","OPI fallback: title + raw location + posted date (not a stable OPI ID)","fallback:opi-fallbackopi jobs for teachers (statewide)billingsmusicbillings2026-04-17#1"
"Art",2026-08-11,"2026-04-17","Other","Shepherd","https://apps.opi.mt.gov/mtjobsforteachers/frmJobListingPublic.aspx","Shepherd","OPI Jobs for Teachers (statewide)","OPI fallback: title + raw location + posted date (not a stable OPI ID)","fallback:opi-fallbackopi jobs for teachers (statewide)shepherdartshepherd2026-04-17#1"
"Music",2026-08-11,"2026-04-17","Other","Shepherd","https://apps.opi.mt.gov/mtjobsforteachers/frmJobListingPublic.aspx","Shepherd","OPI Jobs for Teachers (statewide)","OPI fallback: title + raw location + posted date (not a stable OPI ID)","fallback:opi-fallbackopi jobs for teachers (statewide)shepherdmusicshepherd2026-04-17#1"
"Physical Ed",2026-08-11,"2026-04-16","Other","Geyser, Montana","https://apps.opi.mt.gov/mtjobsforteachers/frmJobListingPublic.aspx","Geyser, Montana","OPI Jobs for Teachers (statewide)","OPI fallback: title + raw location + posted date (not a stable OPI ID)","fallback:opi-fallbackopi jobs for teachers (statewide)geyser, montanaphysical edgeyser, montana2026-04-16#1"
"Elementary Curriculum",2026-08-11,"2026-04-16","Other","Shelby","https://apps.opi.mt.gov/mtjobsforteachers/frmJobListingPublic.aspx","Shelby","OPI Jobs for Teachers (statewide)","OPI fallback: title + raw location + posted date (not a stable OPI ID)","fallback:opi-fallbackopi jobs for teachers (statewide)shelbyelementary curriculumshelby2026-04-16#1"
"Elementary Curriculum",2026-08-11,"2026-04-16","Other","RUDYARD","https://apps.opi.mt.gov/mtjobsforteachers/frmJobListingPublic.aspx","RUDYARD","OPI Jobs for Teachers (statewide)","OPI fallback: title + raw location + posted date (not a stable OPI ID)","fallback:opi-fallbackopi jobs for teachers (statewide)rudyardelementary curriculumrudyard2026-04-16#1"
"History",2026-08-11,"2026-04-16","Other","Lima","https://apps.opi.mt.gov/mtjobsforteachers/frmJobListingPublic.aspx","Lima","OPI Jobs for Teachers (statewide)","OPI fallback: title + raw location + posted date (not a stable OPI ID)","fallback:opi-fallbackopi jobs for teachers (statewide)limahistorylima2026-04-16#1"
"Elementary Curriculum",2026-08-11,"2026-04-16","Other","Belfry","https://apps.opi.mt.gov/mtjobsforteachers/frmJobListingPublic.aspx","Belfry","OPI Jobs for Teachers (statewide)","OPI fallback: title + raw location + posted date (not a stable OPI ID)","fallback:opi-fallbackopi jobs for teachers (statewide)belfryelementary curriculumbelfry2026-04-16#1"
"Music",2026-08-11,"2026-04-16","Other","Malta","https://apps.opi.mt.gov/mtjobsforteachers/frmJobListingPublic.aspx","Malta","OPI Jobs for Teachers (statewide)","OPI fallback: title + raw location + posted date (not a stable OPI ID)","fallback:opi-fallbackopi jobs for teachers (statewide)maltamusicmalta2026-04-16#1"
"School Counseling",2026-08-11,"2026-04-16","Other","Kalispell","https://apps.opi.mt.gov/mtjobsforteachers/frmJobListingPublic.aspx","Kalispell","OPI Jobs for Teachers (statewide)","OPI fallback: title + raw location + posted date (not a stable OPI ID)","fallback:opi-fallbackopi jobs for teachers (statewide)kalispellschool counselingkalispell2026-04-16#1"
"School Psychologist",2026-08-11,"2026-04-16","Support Services","Kalispell","https://apps.opi.mt.gov/mtjobsforteachers/frmJobListingPublic.aspx","Kalispell","OPI Jobs for Teachers (statewide)","OPI fallback: title + raw location + posted date (not a stable OPI ID)","fallback:opi-fallbackopi jobs for teachers (statewide)kalispellschool psychologistkalispell2026-04-16#1"
"Special Education",2026-08-11,"2026-04-16","Other","Kalispell","https://apps.opi.mt.gov/mtjobsforteachers/frmJobListingPublic.aspx","Kalispell","OPI Jobs for Teachers (statewide)","OPI fallback: title + raw location + posted date (not a stable OPI ID)","fallback:opi-fallbackopi jobs for teachers (statewide)kalispellspecial educationkalispell2026-04-16#1"
"Special Education",2026-08-11,"2026-04-16","Other","Kalispell","https://apps.opi.mt.gov/mtjobsforteachers/frmJobListingPublic.aspx","Kalispell","OPI Jobs for Teachers (statewide)","OPI fallback: title + raw location + posted date (not a stable OPI ID)","fallback:opi-fallbackopi jobs for teachers (statewide)kalispellspecial educationkalispell2026-04-16#2"
"Special Education",2026-08-11,"2026-04-16","Other","Kalispell","https://apps.opi.mt.gov/mtjobsforteachers/frmJobListingPublic.aspx","Kalispell","OPI Jobs for Teachers (statewide)","OPI fallback: title + raw location + posted date (not a stable OPI ID)","fallback:opi-fallbackopi jobs for teachers (statewide)kalispellspecial educationkalispell2026-04-16#3"
"Special Education",2026-08-11,"2026-04-16","Other","Kalispell","https://apps.opi.mt.gov/mtjobsforteachers/frmJobListingPublic.aspx","Kalispell","OPI Jobs for Teachers (statewide)","OPI fallback: title + raw location + posted date (not a stable OPI ID)","fallback:opi-fallbackopi jobs for teachers (statewide)kalispellspecial educationkalispell2026-04-16#4"
"Special Education",2026-08-11,"2026-04-16","Other","Kalispell","https://apps.opi.mt.gov/mtjobsforteachers/frmJobListingPublic.aspx","Kalispell","OPI Jobs for Teachers (statewide)","OPI fallback: title + raw location + posted date (not a stable OPI ID)","fallback:opi-fallbackopi jobs for teachers (statewide)kalispellspecial educationkalispell2026-04-16#5"
"Music",2026-08-11,"2026-04-16","Other","Kalispell","https://apps.opi.mt.gov/mtjobsforteachers/frmJobListingPublic.aspx","Kalispell","OPI Jobs for Teachers (statewide)","OPI fallback: title + raw location + posted date (not a stable OPI ID)","fallback:opi-fallbackopi jobs for teachers (statewide)kalispellmusickalispell2026-04-16#1"
"CTE – Industrial Technology Education",2026-08-11,"2026-04-16","Other","Kalispell","https://apps.opi.mt.gov/mtjobsforteachers/frmJobListingPublic.aspx","Kalispell","OPI Jobs for Teachers (statewide)","OPI fallback: title + raw location + posted date (not a stable OPI ID)","fallback:opi-fallbackopi jobs for teachers (statewide)kalispellcte – industrial technology educationkalispell2026-04-16#1"
"Special Education",2026-08-11,"2026-04-16","Other","Lima","https://apps.opi.mt.gov/mtjobsforteachers/frmJobListingPublic.aspx","Lima","OPI Jobs for Teachers (statewide)","OPI fallback: title + raw location + posted date (not a stable OPI ID)","fallback:opi-fallbackopi jobs for teachers (statewide)limaspecial educationlima2026-04-16#1"
"Administrative - Principal",2026-08-11,"2026-04-15","Administration","Philipsburg","https://apps.opi.mt.gov/mtjobsforteachers/frmJobListingPublic.aspx","Philipsburg","OPI Jobs for Teachers (statewide)","OPI fallback: title + raw location + posted date (not a stable OPI ID)","fallback:opi-fallbackopi jobs for teachers (statewide)philipsburgadministrative - principalphilipsburg2026-04-15#1"
"Elementary Curriculum",2026-08-11,"2026-04-15","Other","Philipsburg","https://apps.opi.mt.gov/mtjobsforteachers/frmJobListingPublic.aspx","Philipsburg","OPI Jobs for Teachers (statewide)","OPI fallback: title + raw location + posted date (not a stable OPI ID)","fallback:opi-fallbackopi jobs for teachers (statewide)philipsburgelementary curriculumphilipsburg2026-04-15#1"
"Traffic Education",2026-08-11,"2026-04-15","Other","Philipsburg","https://apps.opi.mt.gov/mtjobsforteachers/frmJobListingPublic.aspx","Philipsburg","OPI Jobs for Teachers (statewide)","OPI fallback: title + raw location + posted date (not a stable OPI ID)","fallback:opi-fallbackopi jobs for teachers (statewide)philipsburgtraffic educationphilipsburg2026-04-15#1"
"Elementary Curriculum",2026-08-11,"2026-04-15","Other","Lavina","https://apps.opi.mt.gov/mtjobsforteachers/frmJobListingPublic.aspx","Lavina","OPI Jobs for Teachers (statewide)","OPI fallback: title + raw location + posted date (not a stable OPI ID)","fallback:opi-fallbackopi jobs for teachers (statewide)lavinaelementary curriculumlavina2026-04-15#1"
"Music",2026-08-11,"2026-04-15","Other","Frazer","https://apps.opi.mt.gov/mtjobsforteachers/frmJobListingPublic.aspx","Frazer","OPI Jobs for Teachers (statewide)","OPI fallback: title + raw location + posted date (not a stable OPI ID)","fallback:opi-fallbackopi jobs for teachers (statewide)frazermusicfrazer2026-04-15#1"
"Science (Broadfield)",2026-08-11,"2026-04-14","Teacher","Westby","https://apps.opi.mt.gov/mtjobsforteachers/frmJobListingPublic.aspx","Westby","OPI Jobs for Teachers (statewide)","OPI fallback: title + raw location + posted date (not a stable OPI ID)","fallback:opi-fallbackopi jobs for teachers (statewide)westbyscience (broadfield)westby2026-04-14#1"
"Elementary Curriculum",2026-08-11,"2026-04-14","Other","Westby","https://apps.opi.mt.gov/mtjobsforteachers/frmJobListingPublic.aspx","Westby","OPI Jobs for Teachers (statewide)","OPI fallback: title + raw location + posted date (not a stable OPI ID)","fallback:opi-fallbackopi jobs for teachers (statewide)westbyelementary curriculumwestby2026-04-14#1"
"Elementary Curriculum",2026-08-11,"2026-04-14","Other","Wibaux","https://apps.opi.mt.gov/mtjobsforteachers/frmJobListingPublic.aspx","Wibaux","OPI Jobs for Teachers (statewide)","OPI fallback: title + raw location + posted date (not a stable OPI ID)","fallback:opi-fallbackopi jobs for teachers (statewide)wibauxelementary curriculumwibaux2026-04-14#1"
"CTE – Family and Consumer Sciences",2026-08-11,"2026-04-14","Teacher","Wibaux","https://apps.opi.mt.gov/mtjobsforteachers/frmJobListingPublic.aspx","Wibaux","OPI Jobs for Teachers (statewide)","OPI fallback: title + raw location + posted date (not a stable OPI ID)","fallback:opi-fallbackopi jobs for teachers (statewide)wibauxcte – family and consumer scienceswibaux2026-04-14#1"
"CTE – Agricultural Education",2026-08-11,"2026-04-14","Other","Wibaux","https://apps.opi.mt.gov/mtjobsforteachers/frmJobListingPublic.aspx","Wibaux","OPI Jobs for Teachers (statewide)","OPI fallback: title + raw location + posted date (not a stable OPI ID)","fallback:opi-fallbackopi jobs for teachers (statewide)wibauxcte – agricultural educationwibaux2026-04-14#1"
"School Psychologist",2026-08-11,"2026-04-14","Support Services","Browning","https://apps.opi.mt.gov/mtjobsforteachers/frmJobListingPublic.aspx","Browning","OPI Jobs for Teachers (statewide)","OPI fallback: title + raw location + posted date (not a stable OPI ID)","fallback:opi-fallbackopi jobs for teachers (statewide)browningschool psychologistbrowning2026-04-14#1"
"Social Studies (Broadfield)",2026-08-11,"2026-04-14","Other","Westby","https://apps.opi.mt.gov/mtjobsforteachers/frmJobListingPublic.aspx","Westby","OPI Jobs for Teachers (statewide)","OPI fallback: title + raw location + posted date (not a stable OPI ID)","fallback:opi-fallbackopi jobs for teachers (statewide)westbysocial studies (broadfield)westby2026-04-14#1"
"Elementary Curriculum",2026-08-11,"2026-04-14","Other","Geraldine","https://apps.opi.mt.gov/mtjobsforteachers/frmJobListingPublic.aspx","Geraldine","OPI Jobs for Teachers (statewide)","OPI fallback: title + raw location + posted date (not a stable OPI ID)","fallback:opi-fallbackopi jobs for teachers (statewide)geraldineelementary curriculumgeraldine2026-04-14#1"
"Elementary Curriculum",2026-08-11,"2026-04-14","Other","BRUSETT","https://apps.opi.mt.gov/mtjobsforteachers/frmJobListingPublic.aspx","BRUSETT","OPI Jobs for Teachers (statewide)","OPI fallback: title + raw location + posted date (not a stable OPI ID)","fallback:opi-fallbackopi jobs for teachers (statewide)brusettelementary curriculumbrusett2026-04-14#1"
"Elementary Curriculum",2026-08-11,"2026-04-14","Other","BRUSETT","https://apps.opi.mt.gov/mtjobsforteachers/frmJobListingPublic.aspx","BRUSETT","OPI Jobs for Teachers (statewide)","OPI fallback: title + raw location + posted date (not a stable OPI ID)","fallback:opi-fallbackopi jobs for teachers (statewide)brusettelementary curriculumbrusett2026-04-14#2"
"Elementary Curriculum",2026-08-11,"2026-04-14","Other","Geraldine","https://apps.opi.mt.gov/mtjobsforteachers/frmJobListingPublic.aspx","Geraldine","OPI Jobs for Teachers (statewide)","OPI fallback: title + raw location + posted date (not a stable OPI ID)","fallback:opi-fallbackopi jobs for teachers (statewide)geraldineelementary curriculumgeraldine2026-04-14#2"
"English",2026-08-11,"2026-04-14","Teacher","Hardin","https://apps.opi.mt.gov/mtjobsforteachers/frmJobListingPublic.aspx","Hardin","OPI Jobs for Teachers (statewide)","OPI fallback: title + raw location + posted date (not a stable OPI ID)","fallback:opi-fallbackopi jobs for teachers (statewide)hardinenglishhardin2026-04-14#1"
"Speech-Language Pathologist",2026-08-11,"2026-04-14","Support Services","Kalispell","https://apps.opi.mt.gov/mtjobsforteachers/frmJobListingPublic.aspx","Kalispell","OPI Jobs for Teachers (statewide)","OPI fallback: title + raw location + posted date (not a stable OPI ID)","fallback:opi-fallbackopi jobs for teachers (statewide)kalispellspeech-language pathologistkalispell2026-04-14#1"
"Elementary Curriculum",2026-08-11,"2026-04-13","Other","Conrad","https://apps.opi.mt.gov/mtjobsforteachers/frmJobListingPublic.aspx","Conrad","OPI Jobs for Teachers (statewide)","OPI fallback: title + raw location + posted date (not a stable OPI ID)","fallback:opi-fallbackopi jobs for teachers (statewide)conradelementary curriculumconrad2026-04-13#1"
"Science (Broadfield)",2026-08-11,"2026-04-13","Teacher","Ronan","https://apps.opi.mt.gov/mtjobsforteachers/frmJobListingPublic.aspx","Ronan","OPI Jobs for Teachers (statewide)","OPI fallback: title + raw location + posted date (not a stable OPI ID)","fallback:opi-fallbackopi jobs for teachers (statewide)ronanscience (broadfield)ronan2026-04-13#1"
"Elementary Curriculum",2026-08-11,"2026-04-13","Other","Absarokee","https://apps.opi.mt.gov/mtjobsforteachers/frmJobListingPublic.aspx","Absarokee","OPI Jobs for Teachers (statewide)","OPI fallback: title + raw location + posted date (not a stable OPI ID)","fallback:opi-fallbackopi jobs for teachers (statewide)absarokeeelementary curriculumabsarokee2026-04-13#1"
"CTE – Agricultural Education",2026-08-11,"2026-04-11","Other","Gardiner","https://apps.opi.mt.gov/mtjobsforteachers/frmJobListingPublic.aspx","Gardiner","OPI Jobs for Teachers (statewide)","OPI fallback: title + raw location + posted date (not a stable OPI ID)","fallback:opi-fallbackopi jobs for teachers (statewide)gardinercte – agricultural educationgardiner2026-04-11#1"
"CTE – Family and Consumer Sciences",2026-08-11,"2026-04-11","Teacher","Gardiner","https://apps.opi.mt.gov/mtjobsforteachers/frmJobListingPublic.aspx","Gardiner","OPI Jobs for Teachers (statewide)","OPI fallback: title + raw location + posted date (not a stable OPI ID)","fallback:opi-fallbackopi jobs for teachers (statewide)gardinercte – family and consumer sciencesgardiner2026-04-11#1"
"Elementary Curriculum",2026-08-11,"2026-04-11","Other","Gardiner","https://apps.opi.mt.gov/mtjobsforteachers/frmJobListingPublic.aspx","Gardiner","OPI Jobs for Teachers (statewide)","OPI fallback: title + raw location + posted date (not a stable OPI ID)","fallback:opi-fallbackopi jobs for teachers (statewide)gardinerelementary curriculumgardiner2026-04-11#1"
"Special Education",2026-08-11,"2026-04-10","Other","Rocky Boy","https://apps.opi.mt.gov/mtjobsforteachers/frmJobListingPublic.aspx","Rocky Boy","OPI Jobs for Teachers (statewide)","OPI fallback: title + raw location + posted date (not a stable OPI ID)","fallback:opi-fallbackopi jobs for teachers (statewide)rocky boyspecial educationrocky boy2026-04-10#1"
"Elementary Curriculum",2026-08-11,"2026-04-10","Other","Geraldine","https://apps.opi.mt.gov/mtjobsforteachers/frmJobListingPublic.aspx","Geraldine","OPI Jobs for Teachers (statewide)","OPI fallback: title + raw location + posted date (not a stable OPI ID)","fallback:opi-fallbackopi jobs for teachers (statewide)geraldineelementary curriculumgeraldine2026-04-10#1"
"Interpreter",2026-08-11,"2026-04-09","Support Services","Townsend, MT","https://apps.opi.mt.gov/mtjobsforteachers/frmJobListingPublic.aspx","Townsend, MT","OPI Jobs for Teachers (statewide)","OPI fallback: title + raw location + posted date (not a stable OPI ID)","fallback:opi-fallbackopi jobs for teachers (statewide)townsend, mtinterpretertownsend, mt2026-04-09#1"
"Coach",2026-08-11,"2026-04-09","Athletics","Boulder","https://apps.opi.mt.gov/mtjobsforteachers/frmJobListingPublic.aspx","Boulder","OPI Jobs for Teachers (statewide)","OPI fallback: title + raw location + posted date (not a stable OPI ID)","fallback:opi-fallbackopi jobs for teachers (statewide)bouldercoachboulder2026-04-09#1"
"CTE – Business and Marketing Education",2026-08-11,"2026-04-09","Other","Hot Springs","https://apps.opi.mt.gov/mtjobsforteachers/frmJobListingPublic.aspx","Hot Springs","OPI Jobs for Teachers (statewide)","OPI fallback: title + raw location + posted date (not a stable OPI ID)","fallback:opi-fallbackopi jobs for teachers (statewide)hot springscte – business and marketing educationhot springs2026-04-09#1"
"Elementary Curriculum",2026-08-11,"2026-04-09","Other","Hot Springs","https://apps.opi.mt.gov/mtjobsforteachers/frmJobListingPublic.aspx","Hot Springs","OPI Jobs for Teachers (statewide)","OPI fallback: title + raw location + posted date (not a stable OPI ID)","fallback:opi-fallbackopi jobs for teachers (statewide)hot springselementary curriculumhot springs2026-04-09#1"
"CTE – Family and Consumer Sciences",2026-08-11,"2026-04-09","Teacher","Hot Springs","https://apps.opi.mt.gov/mtjobsforteachers/frmJobListingPublic.aspx","Hot Springs","OPI Jobs for Teachers (statewide)","OPI fallback: title + raw location + posted date (not a stable OPI ID)","fallback:opi-fallbackopi jobs for teachers (statewide)hot springscte – family and consumer scienceshot springs2026-04-09#1"
"Library",2026-08-11,"2026-04-09","Teacher","Hot Springs","https://apps.opi.mt.gov/mtjobsforteachers/frmJobListingPublic.aspx","Hot Springs","OPI Jobs for Teachers (statewide)","OPI fallback: title + raw location + posted date (not a stable OPI ID)","fallback:opi-fallbackopi jobs for teachers (statewide)hot springslibraryhot springs2026-04-09#1"
"Special Education",2026-08-11,"2026-04-09","Other","CORVALLIS","https://apps.opi.mt.gov/mtjobsforteachers/frmJobListingPublic.aspx","CORVALLIS","OPI Jobs for Teachers (statewide)","OPI fallback: title + raw location + posted date (not a stable OPI ID)","fallback:opi-fallbackopi jobs for teachers (statewide)corvallisspecial educationcorvallis2026-04-09#1"
"Special Education",2026-08-11,"2026-04-09","Other","Malta, MT","https://apps.opi.mt.gov/mtjobsforteachers/frmJobListingPublic.aspx","Malta, MT","OPI Jobs for Teachers (statewide)","OPI fallback: title + raw location + posted date (not a stable OPI ID)","fallback:opi-fallbackopi jobs for teachers (statewide)malta, mtspecial educationmalta, mt2026-04-09#1"
"Music",2026-08-11,"2026-04-09","Other","Hardin","https://apps.opi.mt.gov/mtjobsforteachers/frmJobListingPublic.aspx","Hardin","OPI Jobs for Teachers (statewide)","OPI fallback: title + raw location + posted date (not a stable OPI ID)","fallback:opi-fallbackopi jobs for teachers (statewide)hardinmusichardin2026-04-09#1"
"English",2026-08-11,"2026-04-08","Teacher","Roy, Montana","https://apps.opi.mt.gov/mtjobsforteachers/frmJobListingPublic.aspx","Roy, Montana","OPI Jobs for Teachers (statewide)","OPI fallback: title + raw location + posted date (not a stable OPI ID)","fallback:opi-fallbackopi jobs for teachers (statewide)roy, montanaenglishroy, montana2026-04-08#1"
"Special Education",2026-08-11,"2026-04-08","Other","Shepherd MT","https://apps.opi.mt.gov/mtjobsforteachers/frmJobListingPublic.aspx","Shepherd MT","OPI Jobs for Teachers (statewide)","OPI fallback: title + raw location + posted date (not a stable OPI ID)","fallback:opi-fallbackopi jobs for teachers (statewide)shepherd mtspecial educationshepherd mt2026-04-08#1"
"CTE – Industrial Technology Education",2026-08-11,"2026-04-08","Other","Kalispell","https://apps.opi.mt.gov/mtjobsforteachers/frmJobListingPublic.aspx","Kalispell","OPI Jobs for Teachers (statewide)","OPI fallback: title + raw location + posted date (not a stable OPI ID)","fallback:opi-fallbackopi jobs for teachers (statewide)kalispellcte – industrial technology educationkalispell2026-04-08#1"
"English",2026-08-11,"2026-04-07","Teacher","Big Sandy","https://apps.opi.mt.gov/mtjobsforteachers/frmJobListingPublic.aspx","Big Sandy","OPI Jobs for Teachers (statewide)","OPI fallback: title + raw location + posted date (not a stable OPI ID)","fallback:opi-fallbackopi jobs for teachers (statewide)big sandyenglishbig sandy2026-04-07#1"
"Elementary Curriculum",2026-08-11,"2026-04-07","Other","Geraldine","https://apps.opi.mt.gov/mtjobsforteachers/frmJobListingPublic.aspx","Geraldine","OPI Jobs for Teachers (statewide)","OPI fallback: title + raw location + posted date (not a stable OPI ID)","fallback:opi-fallbackopi jobs for teachers (statewide)geraldineelementary curriculumgeraldine2026-04-07#1"
"Elementary Curriculum",2026-08-11,"2026-04-07","Other","Loring Colony","https://apps.opi.mt.gov/mtjobsforteachers/frmJobListingPublic.aspx","Loring Colony","OPI Jobs for Teachers (statewide)","OPI fallback: title + raw location + posted date (not a stable OPI ID)","fallback:opi-fallbackopi jobs for teachers (statewide)loring colonyelementary curriculumloring colony2026-04-07#1"
"Paraprofessional - Special Education",2026-08-11,"2026-04-07","Paraprofessional","Pray/Emigrant","https://apps.opi.mt.gov/mtjobsforteachers/frmJobListingPublic.aspx","Pray/Emigrant","OPI Jobs for Teachers (statewide)","OPI fallback: title + raw location + posted date (not a stable OPI ID)","fallback:opi-fallbackopi jobs for teachers (statewide)pray/emigrantparaprofessional - special educationpray/emigrant2026-04-07#1"
"Speech-Language Pathologist",2026-08-11,"2026-04-07","Support Services","Absarokee","https://apps.opi.mt.gov/mtjobsforteachers/frmJobListingPublic.aspx","Absarokee","OPI Jobs for Teachers (statewide)","OPI fallback: title + raw location + posted date (not a stable OPI ID)","fallback:opi-fallbackopi jobs for teachers (statewide)absarokeespeech-language pathologistabsarokee2026-04-07#1"
"Elementary Curriculum",2026-08-11,"2026-04-07","Other","Pray/Emigrant","https://apps.opi.mt.gov/mtjobsforteachers/frmJobListingPublic.aspx","Pray/Emigrant","OPI Jobs for Teachers (statewide)","OPI fallback: title + raw location + posted date (not a stable OPI ID)","fallback:opi-fallbackopi jobs for teachers (statewide)pray/emigrantelementary curriculumpray/emigrant2026-04-07#1"
"Elementary Curriculum",2026-08-11,"2026-04-07","Other","Pray/Emigrant","https://apps.opi.mt.gov/mtjobsforteachers/frmJobListingPublic.aspx","Pray/Emigrant","OPI Jobs for Teachers (statewide)","OPI fallback: title + raw location + posted date (not a stable OPI ID)","fallback:opi-fallbackopi jobs for teachers (statewide)pray/emigrantelementary curriculumpray/emigrant2026-04-07#2"
"Elementary Curriculum",2026-08-11,"2026-04-06","Other","Trout Creek","https://apps.opi.mt.gov/mtjobsforteachers/frmJobListingPublic.aspx","Trout Creek","OPI Jobs for Teachers (statewide)","OPI fallback: title + raw location + posted date (not a stable OPI ID)","fallback:opi-fallbackopi jobs for teachers (statewide)trout creekelementary curriculumtrout creek2026-04-06#1"
"Elementary Curriculum",2026-08-11,"2026-04-06","Other","Trout Creek","https://apps.opi.mt.gov/mtjobsforteachers/frmJobListingPublic.aspx","Trout Creek","OPI Jobs for Teachers (statewide)","OPI fallback: title + raw location + posted date (not a stable OPI ID)","fallback:opi-fallbackopi jobs for teachers (statewide)trout creekelementary curriculumtrout creek2026-04-06#2"
"Music",2026-08-11,"2026-04-03","Other","Lambert","https://apps.opi.mt.gov/mtjobsforteachers/frmJobListingPublic.aspx","Lambert","OPI Jobs for Teachers (statewide)","OPI fallback: title + raw location + posted date (not a stable OPI ID)","fallback:opi-fallbackopi jobs for teachers (statewide)lambertmusiclambert2026-04-03#1"
"Other",2026-08-11,"2026-04-02","Other","Superior Montana","https://apps.opi.mt.gov/mtjobsforteachers/frmJobListingPublic.aspx","Superior Montana","OPI Jobs for Teachers (statewide)","OPI fallback: title + raw location + posted date (not a stable OPI ID)","fallback:opi-fallbackopi jobs for teachers (statewide)superior montanaothersuperior montana2026-04-02#1"
"Special Education",2026-08-11,"2026-04-02","Other","Ronan","https://apps.opi.mt.gov/mtjobsforteachers/frmJobListingPublic.aspx","Ronan","OPI Jobs for Teachers (statewide)","OPI fallback: title + raw location + posted date (not a stable OPI ID)","fallback:opi-fallbackopi jobs for teachers (statewide)ronanspecial educationronan2026-04-02#1"
"Elementary Curriculum",2026-08-11,"2026-04-01","Other","Geraldine","https://apps.opi.mt.gov/mtjobsforteachers/frmJobListingPublic.aspx","Geraldine","OPI Jobs for Teachers (statewide)","OPI fallback: title + raw location + posted date (not a stable OPI ID)","fallback:opi-fallbackopi jobs for teachers (statewide)geraldineelementary curriculumgeraldine2026-04-01#1"
"Mathematics",2026-08-11,"2026-04-01","Teacher","Missoula","https://apps.opi.mt.gov/mtjobsforteachers/frmJobListingPublic.aspx","Missoula","OPI Jobs for Teachers (statewide)","OPI fallback: title + raw location + posted date (not a stable OPI ID)","fallback:opi-fallbackopi jobs for teachers (statewide)missoulamathematicsmissoula2026-04-01#1"
"Music",2026-08-11,"2026-04-01","Other","Missoula","https://apps.opi.mt.gov/mtjobsforteachers/frmJobListingPublic.aspx","Missoula","OPI Jobs for Teachers (statewide)","OPI fallback: title + raw location + posted date (not a stable OPI ID)","fallback:opi-fallbackopi jobs for teachers (statewide)missoulamusicmissoula2026-04-01#1"
"Music",2026-08-11,"2026-03-31","Other","Circle","https://apps.opi.mt.gov/mtjobsforteachers/frmJobListingPublic.aspx","Circle","OPI Jobs for Teachers (statewide)","OPI fallback: title + raw location + posted date (not a stable OPI ID)","fallback:opi-fallbackopi jobs for teachers (statewide)circlemusiccircle2026-03-31#1"
"Elementary Curriculum",2026-08-11,"2026-03-31","Other","Circle","https://apps.opi.mt.gov/mtjobsforteachers/frmJobListingPublic.aspx","Circle","OPI Jobs for Teachers (statewide)","OPI fallback: title + raw location + posted date (not a stable OPI ID)","fallback:opi-fallbackopi jobs for teachers (statewide)circleelementary curriculumcircle2026-03-31#1"
"Music",2026-08-11,"2026-03-31","Other","Belt","https://apps.opi.mt.gov/mtjobsforteachers/frmJobListingPublic.aspx","Belt","OPI Jobs for Teachers (statewide)","OPI fallback: title + raw location + posted date (not a stable OPI ID)","fallback:opi-fallbackopi jobs for teachers (statewide)beltmusicbelt2026-03-31#1"
"Elementary Curriculum",2026-08-11,"2026-03-31","Other","Harrison","https://apps.opi.mt.gov/mtjobsforteachers/frmJobListingPublic.aspx","Harrison","OPI Jobs for Teachers (statewide)","OPI fallback: title + raw location + posted date (not a stable OPI ID)","fallback:opi-fallbackopi jobs for teachers (statewide)harrisonelementary curriculumharrison2026-03-31#1"
"Library",2026-08-11,"2026-03-31","Teacher","Thompson Falls","https://apps.opi.mt.gov/mtjobsforteachers/frmJobListingPublic.aspx","Thompson Falls","OPI Jobs for Teachers (statewide)","OPI fallback: title + raw location + posted date (not a stable OPI ID)","fallback:opi-fallbackopi jobs for teachers (statewide)thompson fallslibrarythompson falls2026-03-31#1"
"Elementary Curriculum",2026-08-11,"2026-03-30","Other","Ramsay","https://apps.opi.mt.gov/mtjobsforteachers/frmJobListingPublic.aspx","Ramsay","OPI Jobs for Teachers (statewide)","OPI fallback: title + raw location + posted date (not a stable OPI ID)","fallback:opi-fallbackopi jobs for teachers (statewide)ramsayelementary curriculumramsay2026-03-30#1"
"Elementary Curriculum",2026-08-11,"2026-03-30","Other","Hardin","https://apps.opi.mt.gov/mtjobsforteachers/frmJobListingPublic.aspx","Hardin","OPI Jobs for Teachers (statewide)","OPI fallback: title + raw location + posted date (not a stable OPI ID)","fallback:opi-fallbackopi jobs for teachers (statewide)hardinelementary curriculumhardin2026-03-30#1"
"Elementary Curriculum",2026-08-11,"2026-03-30","Other","Geraldine","https://apps.opi.mt.gov/mtjobsforteachers/frmJobListingPublic.aspx","Geraldine","OPI Jobs for Teachers (statewide)","OPI fallback: title + raw location + posted date (not a stable OPI ID)","fallback:opi-fallbackopi jobs for teachers (statewide)geraldineelementary curriculumgeraldine2026-03-30#1"
"Special Education",2026-08-11,"2026-03-30","Other","Three Forks","https://apps.opi.mt.gov/mtjobsforteachers/frmJobListingPublic.aspx","Three Forks","OPI Jobs for Teachers (statewide)","OPI fallback: title + raw location + posted date (not a stable OPI ID)","fallback:opi-fallbackopi jobs for teachers (statewide)three forksspecial educationthree forks2026-03-30#1"
"Science (Broadfield)",2026-08-11,"2026-03-27","Teacher","Fairview","https://apps.opi.mt.gov/mtjobsforteachers/frmJobListingPublic.aspx","Fairview","OPI Jobs for Teachers (statewide)","OPI fallback: title + raw location + posted date (not a stable OPI ID)","fallback:opi-fallbackopi jobs for teachers (statewide)fairviewscience (broadfield)fairview2026-03-27#1"
"Elementary Curriculum",2026-08-11,"2026-03-27","Other","Fairview","https://apps.opi.mt.gov/mtjobsforteachers/frmJobListingPublic.aspx","Fairview","OPI Jobs for Teachers (statewide)","OPI fallback: title + raw location + posted date (not a stable OPI ID)","fallback:opi-fallbackopi jobs for teachers (statewide)fairviewelementary curriculumfairview2026-03-27#1"
"Elementary Curriculum",2026-08-11,"2026-03-27","Other","Belfry","https://apps.opi.mt.gov/mtjobsforteachers/frmJobListingPublic.aspx","Belfry","OPI Jobs for Teachers (statewide)","OPI fallback: title + raw location + posted date (not a stable OPI ID)","fallback:opi-fallbackopi jobs for teachers (statewide)belfryelementary curriculumbelfry2026-03-27#1"
"Music",2026-08-11,"2026-03-27","Other","Missoula","https://apps.opi.mt.gov/mtjobsforteachers/frmJobListingPublic.aspx","Missoula","OPI Jobs for Teachers (statewide)","OPI fallback: title + raw location + posted date (not a stable OPI ID)","fallback:opi-fallbackopi jobs for teachers (statewide)missoulamusicmissoula2026-03-27#1"
"CTE – Agricultural Education",2026-08-11,"2026-03-27","Other","Custer","https://apps.opi.mt.gov/mtjobsforteachers/frmJobListingPublic.aspx","Custer","OPI Jobs for Teachers (statewide)","OPI fallback: title + raw location + posted date (not a stable OPI ID)","fallback:opi-fallbackopi jobs for teachers (statewide)custercte – agricultural educationcuster2026-03-27#1"
"Computer Science",2026-08-11,"2026-03-26","Teacher","Shepherd","https://apps.opi.mt.gov/mtjobsforteachers/frmJobListingPublic.aspx","Shepherd","OPI Jobs for Teachers (statewide)","OPI fallback: title + raw location + posted date (not a stable OPI ID)","fallback:opi-fallbackopi jobs for teachers (statewide)shepherdcomputer scienceshepherd2026-03-26#1"
"School Counseling",2026-08-11,"2026-03-26","Other","Wibaux","https://apps.opi.mt.gov/mtjobsforteachers/frmJobListingPublic.aspx","Wibaux","OPI Jobs for Teachers (statewide)","OPI fallback: title + raw location + posted date (not a stable OPI ID)","fallback:opi-fallbackopi jobs for teachers (statewide)wibauxschool counselingwibaux2026-03-26#1"
"Elementary Curriculum",2026-08-11,"2026-03-26","Other","Choteau","https://apps.opi.mt.gov/mtjobsforteachers/frmJobListingPublic.aspx","Choteau","OPI Jobs for Teachers (statewide)","OPI fallback: title + raw location + posted date (not a stable OPI ID)","fallback:opi-fallbackopi jobs for teachers (statewide)choteauelementary curriculumchoteau2026-03-26#1"
"Elementary Curriculum",2026-08-11,"2026-03-26","Other","Ramsay","https://apps.opi.mt.gov/mtjobsforteachers/frmJobListingPublic.aspx","Ramsay","OPI Jobs for Teachers (statewide)","OPI fallback: title + raw location + posted date (not a stable OPI ID)","fallback:opi-fallbackopi jobs for teachers (statewide)ramsayelementary curriculumramsay2026-03-26#1"
"Elementary Curriculum",2026-08-11,"2026-03-26","Other","St. Ignatius - 40 miles North of Missoula!","https://apps.opi.mt.gov/mtjobsforteachers/frmJobListingPublic.aspx","St. Ignatius - 40 miles North of Missoula!","OPI Jobs for Teachers (statewide)","OPI fallback: title + raw location + posted date (not a stable OPI ID)","fallback:opi-fallbackopi jobs for teachers (statewide)st. ignatius - 40 miles north of missoula!elementary curriculumst. ignatius - 40 miles north of missoula!2026-03-26#1"
"English",2026-08-11,"2026-03-25","Teacher","Chinook","https://apps.opi.mt.gov/mtjobsforteachers/frmJobListingPublic.aspx","Chinook","OPI Jobs for Teachers (statewide)","OPI fallback: title + raw location + posted date (not a stable OPI ID)","fallback:opi-fallbackopi jobs for teachers (statewide)chinookenglishchinook2026-03-25#1"
"Elementary Curriculum",2026-08-11,"2026-03-24","Other","Dodson","https://apps.opi.mt.gov/mtjobsforteachers/frmJobListingPublic.aspx","Dodson","OPI Jobs for Teachers (statewide)","OPI fallback: title + raw location + posted date (not a stable OPI ID)","fallback:opi-fallbackopi jobs for teachers (statewide)dodsonelementary curriculumdodson2026-03-24#1"
"Mathematics",2026-08-11,"2026-03-24","Teacher","Hysham","https://apps.opi.mt.gov/mtjobsforteachers/frmJobListingPublic.aspx","Hysham","OPI Jobs for Teachers (statewide)","OPI fallback: title + raw location + posted date (not a stable OPI ID)","fallback:opi-fallbackopi jobs for teachers (statewide)hyshammathematicshysham2026-03-24#1"
"Special Education",2026-08-11,"2026-03-23","Other","Opheim","https://apps.opi.mt.gov/mtjobsforteachers/frmJobListingPublic.aspx","Opheim","OPI Jobs for Teachers (statewide)","OPI fallback: title + raw location + posted date (not a stable OPI ID)","fallback:opi-fallbackopi jobs for teachers (statewide)opheimspecial educationopheim2026-03-23#1"
"Elementary Curriculum",2026-08-11,"2026-03-23","Other","Geraldine","https://apps.opi.mt.gov/mtjobsforteachers/frmJobListingPublic.aspx","Geraldine","OPI Jobs for Teachers (statewide)","OPI fallback: title + raw location + posted date (not a stable OPI ID)","fallback:opi-fallbackopi jobs for teachers (statewide)geraldineelementary curriculumgeraldine2026-03-23#1"
"Physical Ed",2026-08-11,"2026-03-23","Other","Moore","https://apps.opi.mt.gov/mtjobsforteachers/frmJobListingPublic.aspx","Moore","OPI Jobs for Teachers (statewide)","OPI fallback: title + raw location + posted date (not a stable OPI ID)","fallback:opi-fallbackopi jobs for teachers (statewide)moorephysical edmoore2026-03-23#1"
"Elementary Curriculum",2026-08-11,"2026-03-23","Other","Moore","https://apps.opi.mt.gov/mtjobsforteachers/frmJobListingPublic.aspx","Moore","OPI Jobs for Teachers (statewide)","OPI fallback: title + raw location + posted date (not a stable OPI ID)","fallback:opi-fallbackopi jobs for teachers (statewide)mooreelementary curriculummoore2026-03-23#1"
"School Counseling",2026-08-11,"2026-03-19","Other","Sunburst","https://apps.opi.mt.gov/mtjobsforteachers/frmJobListingPublic.aspx","Sunburst","OPI Jobs for Teachers (statewide)","OPI fallback: title + raw location + posted date (not a stable OPI ID)","fallback:opi-fallbackopi jobs for teachers (statewide)sunburstschool counselingsunburst2026-03-19#1"
"Elementary Curriculum",2026-08-11,"2026-03-19","Other","Ramsay","https://apps.opi.mt.gov/mtjobsforteachers/frmJobListingPublic.aspx","Ramsay","OPI Jobs for Teachers (statewide)","OPI fallback: title + raw location + posted date (not a stable OPI ID)","fallback:opi-fallbackopi jobs for teachers (statewide)ramsayelementary curriculumramsay2026-03-19#1"
"Elementary Curriculum",2026-08-11,"2026-03-19","Other","Geraldine","https://apps.opi.mt.gov/mtjobsforteachers/frmJobListingPublic.aspx","Geraldine","OPI Jobs for Teachers (statewide)","OPI fallback: title + raw location + posted date (not a stable OPI ID)","fallback:opi-fallbackopi jobs for teachers (statewide)geraldineelementary curriculumgeraldine2026-03-19#1"
"Instructional Coach",2026-08-11,"2026-03-19","Athletics","Kalispell","https://apps.opi.mt.gov/mtjobsforteachers/frmJobListingPublic.aspx","Kalispell","OPI Jobs for Teachers (statewide)","OPI fallback: title + raw location + posted date (not a stable OPI ID)","fallback:opi-fallbackopi jobs for teachers (statewide)kalispellinstructional coachkalispell2026-03-19#1"
"School Counseling",2026-08-11,"2026-03-18","Other","Conrad","https://apps.opi.mt.gov/mtjobsforteachers/frmJobListingPublic.aspx","Conrad","OPI Jobs for Teachers (statewide)","OPI fallback: title + raw location + posted date (not a stable OPI ID)","fallback:opi-fallbackopi jobs for teachers (statewide)conradschool counselingconrad2026-03-18#1"
"School Counseling",2026-08-11,"2026-03-18","Other","Charlo","https://apps.opi.mt.gov/mtjobsforteachers/frmJobListingPublic.aspx","Charlo","OPI Jobs for Teachers (statewide)","OPI fallback: title + raw location + posted date (not a stable OPI ID)","fallback:opi-fallbackopi jobs for teachers (statewide)charloschool counselingcharlo2026-03-18#1"
"Elementary Curriculum",2026-08-11,"2026-03-18","Other","Geraldine","https://apps.opi.mt.gov/mtjobsforteachers/frmJobListingPublic.aspx","Geraldine","OPI Jobs for Teachers (statewide)","OPI fallback: title + raw location + posted date (not a stable OPI ID)","fallback:opi-fallbackopi jobs for teachers (statewide)geraldineelementary curriculumgeraldine2026-03-18#1"
"Other",2026-08-11,"2026-03-17","Other","Plentywood, MT","https://apps.opi.mt.gov/mtjobsforteachers/frmJobListingPublic.aspx","Plentywood, MT","OPI Jobs for Teachers (statewide)","OPI fallback: title + raw location + posted date (not a stable OPI ID)","fallback:opi-fallbackopi jobs for teachers (statewide)plentywood, mtotherplentywood, mt2026-03-17#1"
"English",2026-08-11,"2026-03-17","Teacher","Plentywood, MT","https://apps.opi.mt.gov/mtjobsforteachers/frmJobListingPublic.aspx","Plentywood, MT","OPI Jobs for Teachers (statewide)","OPI fallback: title + raw location + posted date (not a stable OPI ID)","fallback:opi-fallbackopi jobs for teachers (statewide)plentywood, mtenglishplentywood, mt2026-03-17#1"
"Mathematics",2026-08-11,"2026-03-17","Teacher","Plentywood, MT","https://apps.opi.mt.gov/mtjobsforteachers/frmJobListingPublic.aspx","Plentywood, MT","OPI Jobs for Teachers (statewide)","OPI fallback: title + raw location + posted date (not a stable OPI ID)","fallback:opi-fallbackopi jobs for teachers (statewide)plentywood, mtmathematicsplentywood, mt2026-03-17#1"
"Social Studies (Broadfield)",2026-08-11,"2026-03-17","Other","Charlo","https://apps.opi.mt.gov/mtjobsforteachers/frmJobListingPublic.aspx","Charlo","OPI Jobs for Teachers (statewide)","OPI fallback: title + raw location + posted date (not a stable OPI ID)","fallback:opi-fallbackopi jobs for teachers (statewide)charlosocial studies (broadfield)charlo2026-03-17#1"
"Elementary Curriculum",2026-08-11,"2026-03-17","Other","Roy, Montana","https://apps.opi.mt.gov/mtjobsforteachers/frmJobListingPublic.aspx","Roy, Montana","OPI Jobs for Teachers (statewide)","OPI fallback: title + raw location + posted date (not a stable OPI ID)","fallback:opi-fallbackopi jobs for teachers (statewide)roy, montanaelementary curriculumroy, montana2026-03-17#1"
"English",2026-08-11,"2026-03-17","Teacher","Plentywood, MT","https://apps.opi.mt.gov/mtjobsforteachers/frmJobListingPublic.aspx","Plentywood, MT","OPI Jobs for Teachers (statewide)","OPI fallback: title + raw location + posted date (not a stable OPI ID)","fallback:opi-fallbackopi jobs for teachers (statewide)plentywood, mtenglishplentywood, mt2026-03-17#2"
"Social Studies (Broadfield)",2026-08-11,"2026-03-16","Other","Plevna, Montana","https://apps.opi.mt.gov/mtjobsforteachers/frmJobListingPublic.aspx","Plevna, Montana","OPI Jobs for Teachers (statewide)","OPI fallback: title + raw location + posted date (not a stable OPI ID)","fallback:opi-fallbackopi jobs for teachers (statewide)plevna, montanasocial studies (broadfield)plevna, montana2026-03-16#1"
"Art",2026-08-11,"2026-03-16","Other","Sheridan, MT","https://apps.opi.mt.gov/mtjobsforteachers/frmJobListingPublic.aspx","Sheridan, MT","OPI Jobs for Teachers (statewide)","OPI fallback: title + raw location + posted date (not a stable OPI ID)","fallback:opi-fallbackopi jobs for teachers (statewide)sheridan, mtartsheridan, mt2026-03-16#1"
"CTE – Family and Consumer Sciences",2026-08-11,"2026-03-16","Teacher","Sheridan, MT","https://apps.opi.mt.gov/mtjobsforteachers/frmJobListingPublic.aspx","Sheridan, MT","OPI Jobs for Teachers (statewide)","OPI fallback: title + raw location + posted date (not a stable OPI ID)","fallback:opi-fallbackopi jobs for teachers (statewide)sheridan, mtcte – family and consumer sciencessheridan, mt2026-03-16#1"
"Elementary Curriculum",2026-08-11,"2026-03-16","Other","Bainville","https://apps.opi.mt.gov/mtjobsforteachers/frmJobListingPublic.aspx","Bainville","OPI Jobs for Teachers (statewide)","OPI fallback: title + raw location + posted date (not a stable OPI ID)","fallback:opi-fallbackopi jobs for teachers (statewide)bainvilleelementary curriculumbainville2026-03-16#1"
"Art",2026-08-11,"2026-03-16","Other","Bainville","https://apps.opi.mt.gov/mtjobsforteachers/frmJobListingPublic.aspx","Bainville","OPI Jobs for Teachers (statewide)","OPI fallback: title + raw location + posted date (not a stable OPI ID)","fallback:opi-fallbackopi jobs for teachers (statewide)bainvilleartbainville2026-03-16#1"
"Elementary Curriculum",2026-08-11,"2026-03-16","Other","St. Ignatius - 40 miles North of Missoula!","https://apps.opi.mt.gov/mtjobsforteachers/frmJobListingPublic.aspx","St. Ignatius - 40 miles North of Missoula!","OPI Jobs for Teachers (statewide)","OPI fallback: title + raw location + posted date (not a stable OPI ID)","fallback:opi-fallbackopi jobs for teachers (statewide)st. ignatius - 40 miles north of missoula!elementary curriculumst. ignatius - 40 miles north of missoula!2026-03-16#1"
"Art",2026-08-11,"2026-03-16","Other","Belgrade","https://apps.opi.mt.gov/mtjobsforteachers/frmJobListingPublic.aspx","Belgrade","OPI Jobs for Teachers (statewide)","OPI fallback: title + raw location + posted date (not a stable OPI ID)","fallback:opi-fallbackopi jobs for teachers (statewide)belgradeartbelgrade2026-03-16#1"
"Music",2026-08-11,"2026-03-15","Other","Fromberg","https://apps.opi.mt.gov/mtjobsforteachers/frmJobListingPublic.aspx","Fromberg","OPI Jobs for Teachers (statewide)","OPI fallback: title + raw location + posted date (not a stable OPI ID)","fallback:opi-fallbackopi jobs for teachers (statewide)frombergmusicfromberg2026-03-15#1"
"CTE – Family and Consumer Sciences",2026-08-11,"2026-03-15","Teacher","Fromberg","https://apps.opi.mt.gov/mtjobsforteachers/frmJobListingPublic.aspx","Fromberg","OPI Jobs for Teachers (statewide)","OPI fallback: title + raw location + posted date (not a stable OPI ID)","fallback:opi-fallbackopi jobs for teachers (statewide)frombergcte – family and consumer sciencesfromberg2026-03-15#1"
"Elementary Curriculum",2026-08-11,"2026-03-15","Other","Fromberg","https://apps.opi.mt.gov/mtjobsforteachers/frmJobListingPublic.aspx","Fromberg","OPI Jobs for Teachers (statewide)","OPI fallback: title + raw location + posted date (not a stable OPI ID)","fallback:opi-fallbackopi jobs for teachers (statewide)frombergelementary curriculumfromberg2026-03-15#1"
"Music",2026-08-11,"2026-03-15","Other","Fromberg","https://apps.opi.mt.gov/mtjobsforteachers/frmJobListingPublic.aspx","Fromberg","OPI Jobs for Teachers (statewide)","OPI fallback: title + raw location + posted date (not a stable OPI ID)","fallback:opi-fallbackopi jobs for teachers (statewide)frombergmusicfromberg2026-03-15#2"
"English",2026-08-11,"2026-03-15","Teacher","Fromberg","https://apps.opi.mt.gov/mtjobsforteachers/frmJobListingPublic.aspx","Fromberg","OPI Jobs for Teachers (statewide)","OPI fallback: title + raw location + posted date (not a stable OPI ID)","fallback:opi-fallbackopi jobs for teachers (statewide)frombergenglishfromberg2026-03-15#1"
"Elementary Curriculum",2026-08-11,"2026-03-13","Other","Hardin","https://apps.opi.mt.gov/mtjobsforteachers/frmJobListingPublic.aspx","Hardin","OPI Jobs for Teachers (statewide)","OPI fallback: title + raw location + posted date (not a stable OPI ID)","fallback:opi-fallbackopi jobs for teachers (statewide)hardinelementary curriculumhardin2026-03-13#1"
"Speech-Language Pathologist",2026-08-11,"2026-03-13","Support Services","Polson","https://apps.opi.mt.gov/mtjobsforteachers/frmJobListingPublic.aspx","Polson","OPI Jobs for Teachers (statewide)","OPI fallback: title + raw location + posted date (not a stable OPI ID)","fallback:opi-fallbackopi jobs for teachers (statewide)polsonspeech-language pathologistpolson2026-03-13#1"
"CTE – Agricultural Education",2026-08-11,"2026-03-12","Other","Gardiner","https://apps.opi.mt.gov/mtjobsforteachers/frmJobListingPublic.aspx","Gardiner","OPI Jobs for Teachers (statewide)","OPI fallback: title + raw location + posted date (not a stable OPI ID)","fallback:opi-fallbackopi jobs for teachers (statewide)gardinercte – agricultural educationgardiner2026-03-12#1"
"Music",2026-08-11,"2026-03-11","Other","Great Falls","https://apps.opi.mt.gov/mtjobsforteachers/frmJobListingPublic.aspx","Great Falls","OPI Jobs for Teachers (statewide)","OPI fallback: title + raw location + posted date (not a stable OPI ID)","fallback:opi-fallbackopi jobs for teachers (statewide)great fallsmusicgreat falls2026-03-11#1"
"Elementary Curriculum",2026-08-11,"2026-03-11","Other","RUDYARD","https://apps.opi.mt.gov/mtjobsforteachers/frmJobListingPublic.aspx","RUDYARD","OPI Jobs for Teachers (statewide)","OPI fallback: title + raw location + posted date (not a stable OPI ID)","fallback:opi-fallbackopi jobs for teachers (statewide)rudyardelementary curriculumrudyard2026-03-11#1"
"Music",2026-08-11,"2026-03-11","Other","Sheridan, MT","https://apps.opi.mt.gov/mtjobsforteachers/frmJobListingPublic.aspx","Sheridan, MT","OPI Jobs for Teachers (statewide)","OPI fallback: title + raw location + posted date (not a stable OPI ID)","fallback:opi-fallbackopi jobs for teachers (statewide)sheridan, mtmusicsheridan, mt2026-03-11#1"
"Reading",2026-08-11,"2026-03-11","Other","Lodge Grass","https://apps.opi.mt.gov/mtjobsforteachers/frmJobListingPublic.aspx","Lodge Grass","OPI Jobs for Teachers (statewide)","OPI fallback: title + raw location + posted date (not a stable OPI ID)","fallback:opi-fallbackopi jobs for teachers (statewide)lodge grassreadinglodge grass2026-03-11#1"
"Mathematics",2026-08-11,"2026-03-10","Teacher","Miles City, MT","https://apps.opi.mt.gov/mtjobsforteachers/frmJobListingPublic.aspx","Miles City, MT","OPI Jobs for Teachers (statewide)","OPI fallback: title + raw location + posted date (not a stable OPI ID)","fallback:opi-fallbackopi jobs for teachers (statewide)miles city, mtmathematicsmiles city, mt2026-03-10#1"
"CTE – Business and Marketing Education",2026-08-11,"2026-03-10","Other","Miles City, MT","https://apps.opi.mt.gov/mtjobsforteachers/frmJobListingPublic.aspx","Miles City, MT","OPI Jobs for Teachers (statewide)","OPI fallback: title + raw location + posted date (not a stable OPI ID)","fallback:opi-fallbackopi jobs for teachers (statewide)miles city, mtcte – business and marketing educationmiles city, mt2026-03-10#1"
"Elementary Curriculum",2026-08-11,"2026-03-10","Other","Big Sky","https://apps.opi.mt.gov/mtjobsforteachers/frmJobListingPublic.aspx","Big Sky","OPI Jobs for Teachers (statewide)","OPI fallback: title + raw location + posted date (not a stable OPI ID)","fallback:opi-fallbackopi jobs for teachers (statewide)big skyelementary curriculumbig sky2026-03-10#1"
"CTE – Family and Consumer Sciences",2026-08-11,"2026-03-09","Teacher","Broadus","https://apps.opi.mt.gov/mtjobsforteachers/frmJobListingPublic.aspx","Broadus","OPI Jobs for Teachers (statewide)","OPI fallback: title + raw location + posted date (not a stable OPI ID)","fallback:opi-fallbackopi jobs for teachers (statewide)broaduscte – family and consumer sciencesbroadus2026-03-09#1"
"English",2026-08-11,"2026-03-06","Teacher","MELSTONE","https://apps.opi.mt.gov/mtjobsforteachers/frmJobListingPublic.aspx","MELSTONE","OPI Jobs for Teachers (statewide)","OPI fallback: title + raw location + posted date (not a stable OPI ID)","fallback:opi-fallbackopi jobs for teachers (statewide)melstoneenglishmelstone2026-03-06#1"
"Science (Broadfield)",2026-08-11,"2026-03-06","Teacher","Harrison","https://apps.opi.mt.gov/mtjobsforteachers/frmJobListingPublic.aspx","Harrison","OPI Jobs for Teachers (statewide)","OPI fallback: title + raw location + posted date (not a stable OPI ID)","fallback:opi-fallbackopi jobs for teachers (statewide)harrisonscience (broadfield)harrison2026-03-06#1"
"English",2026-08-11,"2026-03-06","Teacher","MELSTONE","https://apps.opi.mt.gov/mtjobsforteachers/frmJobListingPublic.aspx","MELSTONE","OPI Jobs for Teachers (statewide)","OPI fallback: title + raw location + posted date (not a stable OPI ID)","fallback:opi-fallbackopi jobs for teachers (statewide)melstoneenglishmelstone2026-03-06#2"
"Science (Broadfield)",2026-08-11,"2026-03-05","Teacher","Harrison","https://apps.opi.mt.gov/mtjobsforteachers/frmJobListingPublic.aspx","Harrison","OPI Jobs for Teachers (statewide)","OPI fallback: title + raw location + posted date (not a stable OPI ID)","fallback:opi-fallbackopi jobs for teachers (statewide)harrisonscience (broadfield)harrison2026-03-05#1"
"Music",2026-08-11,"2026-03-04","Other","Scobey","https://apps.opi.mt.gov/mtjobsforteachers/frmJobListingPublic.aspx","Scobey","OPI Jobs for Teachers (statewide)","OPI fallback: title + raw location + posted date (not a stable OPI ID)","fallback:opi-fallbackopi jobs for teachers (statewide)scobeymusicscobey2026-03-04#1"
"Music",2026-08-11,"2026-03-04","Other","Scobey","https://apps.opi.mt.gov/mtjobsforteachers/frmJobListingPublic.aspx","Scobey","OPI Jobs for Teachers (statewide)","OPI fallback: title + raw location + posted date (not a stable OPI ID)","fallback:opi-fallbackopi jobs for teachers (statewide)scobeymusicscobey2026-03-04#2"
"Music",2026-08-11,"2026-03-04","Other","Scobey","https://apps.opi.mt.gov/mtjobsforteachers/frmJobListingPublic.aspx","Scobey","OPI Jobs for Teachers (statewide)","OPI fallback: title + raw location + posted date (not a stable OPI ID)","fallback:opi-fallbackopi jobs for teachers (statewide)scobeymusicscobey2026-03-04#3"
"Science (Broadfield)",2026-08-11,"2026-03-04","Teacher","Scobey","https://apps.opi.mt.gov/mtjobsforteachers/frmJobListingPublic.aspx","Scobey","OPI Jobs for Teachers (statewide)","OPI fallback: title + raw location + posted date (not a stable OPI ID)","fallback:opi-fallbackopi jobs for teachers (statewide)scobeyscience (broadfield)scobey2026-03-04#1"
"Science (Broadfield)",2026-08-11,"2026-03-04","Teacher","Scobey","https://apps.opi.mt.gov/mtjobsforteachers/frmJobListingPublic.aspx","Scobey","OPI Jobs for Teachers (statewide)","OPI fallback: title + raw location + posted date (not a stable OPI ID)","fallback:opi-fallbackopi jobs for teachers (statewide)scobeyscience (broadfield)scobey2026-03-04#2"
"Physical Ed",2026-08-11,"2026-03-04","Other","SCOBEY","https://apps.opi.mt.gov/mtjobsforteachers/frmJobListingPublic.aspx","SCOBEY","OPI Jobs for Teachers (statewide)","OPI fallback: title + raw location + posted date (not a stable OPI ID)","fallback:opi-fallbackopi jobs for teachers (statewide)scobeyphysical edscobey2026-03-04#1"
"Physical Ed",2026-08-11,"2026-03-04","Other","SCOBEY","https://apps.opi.mt.gov/mtjobsforteachers/frmJobListingPublic.aspx","SCOBEY","OPI Jobs for Teachers (statewide)","OPI fallback: title + raw location + posted date (not a stable OPI ID)","fallback:opi-fallbackopi jobs for teachers (statewide)scobeyphysical edscobey2026-03-04#2"
"Physical Ed",2026-08-11,"2026-03-04","Other","SCOBEY","https://apps.opi.mt.gov/mtjobsforteachers/frmJobListingPublic.aspx","SCOBEY","OPI Jobs for Teachers (statewide)","OPI fallback: title + raw location + posted date (not a stable OPI ID)","fallback:opi-fallbackopi jobs for teachers (statewide)scobeyphysical edscobey2026-03-04#3"
"Elementary Curriculum",2026-08-11,"2026-03-04","Other","SCOBEY","https://apps.opi.mt.gov/mtjobsforteachers/frmJobListingPublic.aspx","SCOBEY","OPI Jobs for Teachers (statewide)","OPI fallback: title + raw location + posted date (not a stable OPI ID)","fallback:opi-fallbackopi jobs for teachers (statewide)scobeyelementary curriculumscobey2026-03-04#1"
"Art",2026-08-11,"2026-03-04","Other","Scobey","https://apps.opi.mt.gov/mtjobsforteachers/frmJobListingPublic.aspx","Scobey","OPI Jobs for Teachers (statewide)","OPI fallback: title + raw location + posted date (not a stable OPI ID)","fallback:opi-fallbackopi jobs for teachers (statewide)scobeyartscobey2026-03-04#1"
"Art",2026-08-11,"2026-03-04","Other","Scobey","https://apps.opi.mt.gov/mtjobsforteachers/frmJobListingPublic.aspx","Scobey","OPI Jobs for Teachers (statewide)","OPI fallback: title + raw location + posted date (not a stable OPI ID)","fallback:opi-fallbackopi jobs for teachers (statewide)scobeyartscobey2026-03-04#2"
"CTE – Family and Consumer Sciences",2026-08-11,"2026-03-04","Teacher","Scobey","https://apps.opi.mt.gov/mtjobsforteachers/frmJobListingPublic.aspx","Scobey","OPI Jobs for Teachers (statewide)","OPI fallback: title + raw location + posted date (not a stable OPI ID)","fallback:opi-fallbackopi jobs for teachers (statewide)scobeycte – family and consumer sciencesscobey2026-03-04#1"
"CTE – Family and Consumer Sciences",2026-08-11,"2026-03-04","Teacher","Scobey","https://apps.opi.mt.gov/mtjobsforteachers/frmJobListingPublic.aspx","Scobey","OPI Jobs for Teachers (statewide)","OPI fallback: title + raw location + posted date (not a stable OPI ID)","fallback:opi-fallbackopi jobs for teachers (statewide)scobeycte – family and consumer sciencesscobey2026-03-04#2"
"Special Education",2026-08-11,"2026-03-04","Other","Scobey","https://apps.opi.mt.gov/mtjobsforteachers/frmJobListingPublic.aspx","Scobey","OPI Jobs for Teachers (statewide)","OPI fallback: title + raw location + posted date (not a stable OPI ID)","fallback:opi-fallbackopi jobs for teachers (statewide)scobeyspecial educationscobey2026-03-04#1"
"Special Education",2026-08-11,"2026-03-04","Other","Scobey","https://apps.opi.mt.gov/mtjobsforteachers/frmJobListingPublic.aspx","Scobey","OPI Jobs for Teachers (statewide)","OPI fallback: title + raw location + posted date (not a stable OPI ID)","fallback:opi-fallbackopi jobs for teachers (statewide)scobeyspecial educationscobey2026-03-04#2"
"CTE – Family and Consumer Sciences",2026-08-11,"2026-03-04","Teacher","Scobey","https://apps.opi.mt.gov/mtjobsforteachers/frmJobListingPublic.aspx","Scobey","OPI Jobs for Teachers (statewide)","OPI fallback: title + raw location + posted date (not a stable OPI ID)","fallback:opi-fallbackopi jobs for teachers (statewide)scobeycte – family and consumer sciencesscobey2026-03-04#3"
"CTE – Family and Consumer Sciences",2026-08-11,"2026-03-04","Teacher","Scobey","https://apps.opi.mt.gov/mtjobsforteachers/frmJobListingPublic.aspx","Scobey","OPI Jobs for Teachers (statewide)","OPI fallback: title + raw location + posted date (not a stable OPI ID)","fallback:opi-fallbackopi jobs for teachers (statewide)scobeycte – family and consumer sciencesscobey2026-03-04#4"
"Elementary Curriculum",2026-08-11,"2026-03-04","Other","Geraldine","https://apps.opi.mt.gov/mtjobsforteachers/frmJobListingPublic.aspx","Geraldine","OPI Jobs for Teachers (statewide)","OPI fallback: title + raw location + posted date (not a stable OPI ID)","fallback:opi-fallbackopi jobs for teachers (statewide)geraldineelementary curriculumgeraldine2026-03-04#1"
"Art",2026-08-11,"2026-03-04","Other","Scobey","https://apps.opi.mt.gov/mtjobsforteachers/frmJobListingPublic.aspx","Scobey","OPI Jobs for Teachers (statewide)","OPI fallback: title + raw location + posted date (not a stable OPI ID)","fallback:opi-fallbackopi jobs for teachers (statewide)scobeyartscobey2026-03-04#3"
"Mathematics",2026-08-11,"2026-03-04","Teacher","Scobey","https://apps.opi.mt.gov/mtjobsforteachers/frmJobListingPublic.aspx","Scobey","OPI Jobs for Teachers (statewide)","OPI fallback: title + raw location + posted date (not a stable OPI ID)","fallback:opi-fallbackopi jobs for teachers (statewide)scobeymathematicsscobey2026-03-04#1"
"Mathematics",2026-08-11,"2026-03-04","Teacher","Scobey","https://apps.opi.mt.gov/mtjobsforteachers/frmJobListingPublic.aspx","Scobey","OPI Jobs for Teachers (statewide)","OPI fallback: title + raw location + posted date (not a stable OPI ID)","fallback:opi-fallbackopi jobs for teachers (statewide)scobeymathematicsscobey2026-03-04#2"
"Elementary Curriculum",2026-08-11,"2026-03-02","Other","Lewistown","https://apps.opi.mt.gov/mtjobsforteachers/frmJobListingPublic.aspx","Lewistown","OPI Jobs for Teachers (statewide)","OPI fallback: title + raw location + posted date (not a stable OPI ID)","fallback:opi-fallbackopi jobs for teachers (statewide)lewistownelementary curriculumlewistown2026-03-02#1"
"Special Education",2026-08-11,"2026-03-02","Other","RICHEY","https://apps.opi.mt.gov/mtjobsforteachers/frmJobListingPublic.aspx","RICHEY","OPI Jobs for Teachers (statewide)","OPI fallback: title + raw location + posted date (not a stable OPI ID)","fallback:opi-fallbackopi jobs for teachers (statewide)richeyspecial educationrichey2026-03-02#1"
"Elementary Curriculum",2026-08-11,"2026-03-02","Other","Belfry","https://apps.opi.mt.gov/mtjobsforteachers/frmJobListingPublic.aspx","Belfry","OPI Jobs for Teachers (statewide)","OPI fallback: title + raw location + posted date (not a stable OPI ID)","fallback:opi-fallbackopi jobs for teachers (statewide)belfryelementary curriculumbelfry2026-03-02#1"
"Special Education",2026-08-11,"2026-03-02","Other","RICHEY","https://apps.opi.mt.gov/mtjobsforteachers/frmJobListingPublic.aspx","RICHEY","OPI Jobs for Teachers (statewide)","OPI fallback: title + raw location + posted date (not a stable OPI ID)","fallback:opi-fallbackopi jobs for teachers (statewide)richeyspecial educationrichey2026-03-02#2"
"Special Education",2026-08-11,"2026-03-02","Other","RICHEY","https://apps.opi.mt.gov/mtjobsforteachers/frmJobListingPublic.aspx","RICHEY","OPI Jobs for Teachers (statewide)","OPI fallback: title + raw location + posted date (not a stable OPI ID)","fallback:opi-fallbackopi jobs for teachers (statewide)richeyspecial educationrichey2026-03-02#3"
"Special Education",2026-08-11,"2026-03-02","Other","Lodge Grass, MT","https://apps.opi.mt.gov/mtjobsforteachers/frmJobListingPublic.aspx","Lodge Grass, MT","OPI Jobs for Teachers (statewide)","OPI fallback: title + raw location + posted date (not a stable OPI ID)","fallback:opi-fallbackopi jobs for teachers (statewide)lodge grass, mtspecial educationlodge grass, mt2026-03-02#1"
"Elementary Curriculum",2026-08-11,"2026-02-23","Other","St. Ignatius - 40 miles North of Missoula!","https://apps.opi.mt.gov/mtjobsforteachers/frmJobListingPublic.aspx","St. Ignatius - 40 miles North of Missoula!","OPI Jobs for Teachers (statewide)","OPI fallback: title + raw location + posted date (not a stable OPI ID)","fallback:opi-fallbackopi jobs for teachers (statewide)st. ignatius - 40 miles north of missoula!elementary curriculumst. ignatius - 40 miles north of missoula!2026-02-23#1"
"Elementary Curriculum",2026-08-11,"2026-02-23","Other","St. Ignatius - 40 miles North of Missoula!","https://apps.opi.mt.gov/mtjobsforteachers/frmJobListingPublic.aspx","St. Ignatius - 40 miles North of Missoula!","OPI Jobs for Teachers (statewide)","OPI fallback: title + raw location + posted date (not a stable OPI ID)","fallback:opi-fallbackopi jobs for teachers (statewide)st. ignatius - 40 miles north of missoula!elementary curriculumst. ignatius - 40 miles north of missoula!2026-02-23#2"
"Physical Ed",2026-08-11,"2026-02-23","Other","Opheim","https://apps.opi.mt.gov/mtjobsforteachers/frmJobListingPublic.aspx","Opheim","OPI Jobs for Teachers (statewide)","OPI fallback: title + raw location + posted date (not a stable OPI ID)","fallback:opi-fallbackopi jobs for teachers (statewide)opheimphysical edopheim2026-02-23#1"
"Elementary Curriculum",2026-08-11,"2026-02-20","Other","Geraldine","https://apps.opi.mt.gov/mtjobsforteachers/frmJobListingPublic.aspx","Geraldine","OPI Jobs for Teachers (statewide)","OPI fallback: title + raw location + posted date (not a stable OPI ID)","fallback:opi-fallbackopi jobs for teachers (statewide)geraldineelementary curriculumgeraldine2026-02-20#1"
"Elementary Curriculum",2026-08-11,"2026-02-19","Other","Turner","https://apps.opi.mt.gov/mtjobsforteachers/frmJobListingPublic.aspx","Turner","OPI Jobs for Teachers (statewide)","OPI fallback: title + raw location + posted date (not a stable OPI ID)","fallback:opi-fallbackopi jobs for teachers (statewide)turnerelementary curriculumturner2026-02-19#1"
"Elementary Curriculum",2026-08-11,"2026-02-19","Other","Harlowton District","https://apps.opi.mt.gov/mtjobsforteachers/frmJobListingPublic.aspx","Harlowton District","OPI Jobs for Teachers (statewide)","OPI fallback: title + raw location + posted date (not a stable OPI ID)","fallback:opi-fallbackopi jobs for teachers (statewide)harlowton districtelementary curriculumharlowton district2026-02-19#1"
"School Counseling",2026-08-11,"2026-02-17","Other","Ashland","https://apps.opi.mt.gov/mtjobsforteachers/frmJobListingPublic.aspx","Ashland","OPI Jobs for Teachers (statewide)","OPI fallback: title + raw location + posted date (not a stable OPI ID)","fallback:opi-fallbackopi jobs for teachers (statewide)ashlandschool counselingashland2026-02-17#1"
"Elementary Curriculum",2026-08-11,"2026-02-17","Other","Bloomfield, MT","https://apps.opi.mt.gov/mtjobsforteachers/frmJobListingPublic.aspx","Bloomfield, MT","OPI Jobs for Teachers (statewide)","OPI fallback: title + raw location + posted date (not a stable OPI ID)","fallback:opi-fallbackopi jobs for teachers (statewide)bloomfield, mtelementary curriculumbloomfield, mt2026-02-17#1"
"Elementary Curriculum",2026-08-11,"2026-02-17","Other","Glendive","https://apps.opi.mt.gov/mtjobsforteachers/frmJobListingPublic.aspx","Glendive","OPI Jobs for Teachers (statewide)","OPI fallback: title + raw location + posted date (not a stable OPI ID)","fallback:opi-fallbackopi jobs for teachers (statewide)glendiveelementary curriculumglendive2026-02-17#1"
"Special Education",2026-08-11,"2026-02-16","Other","Nashua","https://apps.opi.mt.gov/mtjobsforteachers/frmJobListingPublic.aspx","Nashua","OPI Jobs for Teachers (statewide)","OPI fallback: title + raw location + posted date (not a stable OPI ID)","fallback:opi-fallbackopi jobs for teachers (statewide)nashuaspecial educationnashua2026-02-16#1"
"Social Studies (Broadfield)",2026-08-11,"2026-02-16","Other","Savage","https://apps.opi.mt.gov/mtjobsforteachers/frmJobListingPublic.aspx","Savage","OPI Jobs for Teachers (statewide)","OPI fallback: title + raw location + posted date (not a stable OPI ID)","fallback:opi-fallbackopi jobs for teachers (statewide)savagesocial studies (broadfield)savage2026-02-16#1"
"Elementary Curriculum",2026-08-11,"2026-02-16","Other","Geraldine","https://apps.opi.mt.gov/mtjobsforteachers/frmJobListingPublic.aspx","Geraldine","OPI Jobs for Teachers (statewide)","OPI fallback: title + raw location + posted date (not a stable OPI ID)","fallback:opi-fallbackopi jobs for teachers (statewide)geraldineelementary curriculumgeraldine2026-02-16#1"
"Elementary Curriculum",2026-08-11,"2026-02-16","Other","Broadus","https://apps.opi.mt.gov/mtjobsforteachers/frmJobListingPublic.aspx","Broadus","OPI Jobs for Teachers (statewide)","OPI fallback: title + raw location + posted date (not a stable OPI ID)","fallback:opi-fallbackopi jobs for teachers (statewide)broaduselementary curriculumbroadus2026-02-16#1"
"Speech-Language Pathologist",2026-08-11,"2026-02-13","Support Services","Laurel","https://apps.opi.mt.gov/mtjobsforteachers/frmJobListingPublic.aspx","Laurel","OPI Jobs for Teachers (statewide)","OPI fallback: title + raw location + posted date (not a stable OPI ID)","fallback:opi-fallbackopi jobs for teachers (statewide)laurelspeech-language pathologistlaurel2026-02-13#1"
"Special Education",2026-08-11,"2026-02-13","Other","Laurel","https://apps.opi.mt.gov/mtjobsforteachers/frmJobListingPublic.aspx","Laurel","OPI Jobs for Teachers (statewide)","OPI fallback: title + raw location + posted date (not a stable OPI ID)","fallback:opi-fallbackopi jobs for teachers (statewide)laurelspecial educationlaurel2026-02-13#1"
"Elementary Curriculum",2026-08-11,"2026-02-12","Other","Plentywood, MT","https://apps.opi.mt.gov/mtjobsforteachers/frmJobListingPublic.aspx","Plentywood, MT","OPI Jobs for Teachers (statewide)","OPI fallback: title + raw location + posted date (not a stable OPI ID)","fallback:opi-fallbackopi jobs for teachers (statewide)plentywood, mtelementary curriculumplentywood, mt2026-02-12#1"
"Science (Broadfield)",2026-08-11,"2026-02-12","Teacher","Plentywood, MT","https://apps.opi.mt.gov/mtjobsforteachers/frmJobListingPublic.aspx","Plentywood, MT","OPI Jobs for Teachers (statewide)","OPI fallback: title + raw location + posted date (not a stable OPI ID)","fallback:opi-fallbackopi jobs for teachers (statewide)plentywood, mtscience (broadfield)plentywood, mt2026-02-12#1"
"Music",2026-08-11,"2026-02-12","Other","Plentywood, MT","https://apps.opi.mt.gov/mtjobsforteachers/frmJobListingPublic.aspx","Plentywood, MT","OPI Jobs for Teachers (statewide)","OPI fallback: title + raw location + posted date (not a stable OPI ID)","fallback:opi-fallbackopi jobs for teachers (statewide)plentywood, mtmusicplentywood, mt2026-02-12#1"
"CTE – Family and Consumer Sciences",2026-08-11,"2026-02-12","Teacher","Plentywood, MT","https://apps.opi.mt.gov/mtjobsforteachers/frmJobListingPublic.aspx","Plentywood, MT","OPI Jobs for Teachers (statewide)","OPI fallback: title + raw location + posted date (not a stable OPI ID)","fallback:opi-fallbackopi jobs for teachers (statewide)plentywood, mtcte – family and consumer sciencesplentywood, mt2026-02-12#1"
"CTE – Agricultural Education",2026-08-11,"2026-02-12","Other","Lodge Grass","https://apps.opi.mt.gov/mtjobsforteachers/frmJobListingPublic.aspx","Lodge Grass","OPI Jobs for Teachers (statewide)","OPI fallback: title + raw location + posted date (not a stable OPI ID)","fallback:opi-fallbackopi jobs for teachers (statewide)lodge grasscte – agricultural educationlodge grass2026-02-12#1"
"Coach",2026-08-11,"2026-02-12","Athletics","Roundup","https://apps.opi.mt.gov/mtjobsforteachers/frmJobListingPublic.aspx","Roundup","OPI Jobs for Teachers (statewide)","OPI fallback: title + raw location + posted date (not a stable OPI ID)","fallback:opi-fallbackopi jobs for teachers (statewide)roundupcoachroundup2026-02-12#1"
