"title","date_posted","position","location","url","District","Archive_Date"
"Associate Principal (Interim 26/27)","2026-08-04",NA,"Castle Rock Middle School","https://www.applitrack.com/billings/onlineapp/default.aspx","Billings Public Schools","2026-08-07"
"Assistant Boys Soccer Coach","2026-08-03",NA,"Senior High School","https://www.applitrack.com/billings/onlineapp/default.aspx","Billings Public Schools","2026-08-07"
"Football Assistant Coach","2026-08-03",NA,"Medicine Crow Middle School","https://www.applitrack.com/billings/onlineapp/default.aspx","Billings Public Schools","2026-08-07"
"Speech and Debate Assistant Coach","2026-08-05",NA,"Skyview High School","https://www.applitrack.com/billings/onlineapp/default.aspx","Billings Public Schools","2026-08-07"
"Wrestling Coach","2026-05-28",NA,"Castle Rock Middle School","https://www.applitrack.com/billings/onlineapp/default.aspx","Billings Public Schools","2026-08-07"
"Baseball Assistant Coach","2026-06-22",NA,"Senior High School","https://www.applitrack.com/billings/onlineapp/default.aspx","Billings Public Schools","2026-08-07"
"Assistant Boys Soccer Coach","2026-07-07",NA,"Skyview High School","https://www.applitrack.com/billings/onlineapp/default.aspx","Billings Public Schools","2026-08-07"
"Football Assistant Coach","2026-07-15",NA,"Riverside Middle School","https://www.applitrack.com/billings/onlineapp/default.aspx","Billings Public Schools","2026-08-07"
"Speech and Debate Assistant Coach","2026-04-24",NA,"Senior High School","https://www.applitrack.com/billings/onlineapp/default.aspx","Billings Public Schools","2026-08-07"
"Football Assistant Coach","2026-05-12",NA,"Lewis & Clark Middle School","https://www.applitrack.com/billings/onlineapp/default.aspx","Billings Public Schools","2026-08-07"
"Elementary Teachers and Long-Term Assignments (K-5) (2026-2027 School Year)",NA,NA,"August 2026","https://www.applitrack.com/billings/onlineapp/default.aspx","Billings Public Schools","2026-08-07"
"Adaptive Music Specialist (Elementary)",NA,NA,"August 2026","https://www.applitrack.com/billings/onlineapp/default.aspx","Billings Public Schools","2026-08-07"
"JROTC Air Force Instructor",NA,NA,"August 2026","https://www.applitrack.com/billings/onlineapp/default.aspx","Billings Public Schools","2026-08-07"
"Family Consumer Science Teacher","2026-06-22",NA,"Senior High School","https://www.applitrack.com/billings/onlineapp/default.aspx","Billings Public Schools","2026-08-07"
"Math Teacher LTA","2026-07-28",NA,"Senior High School","https://www.applitrack.com/billings/onlineapp/default.aspx","Billings Public Schools","2026-08-07"
"Counselor LTA","2026-04-24",NA,"Medicine Crow Middle School","https://www.applitrack.com/billings/onlineapp/default.aspx","Billings Public Schools","2026-08-07"
"Social Worker (Special Education)","2026-06-10",NA,"Various","https://www.applitrack.com/billings/onlineapp/default.aspx","Billings Public Schools","2026-08-07"
"Speech Language Pathologist","2025-11-24",NA,"Various","https://www.applitrack.com/billings/onlineapp/default.aspx","Billings Public Schools","2026-08-07"
"Custodian I","2026-08-05",NA,"Various","https://www.applitrack.com/billings/onlineapp/default.aspx","Billings Public Schools","2026-08-07"
"Custodian III","2026-08-04",NA,"Various","https://www.applitrack.com/billings/onlineapp/default.aspx","Billings Public Schools","2026-08-07"
"Custodian III","2026-07-29",NA,"Various","https://www.applitrack.com/billings/onlineapp/default.aspx","Billings Public Schools","2026-08-07"
"Painter","2026-04-15",NA,"Various","https://www.applitrack.com/billings/onlineapp/default.aspx","Billings Public Schools","2026-08-07"
"Math Teacher","2026-08-04",NA,"Riverside Middle School","https://www.applitrack.com/billings/onlineapp/default.aspx","Billings Public Schools","2026-08-07"
"Social Studies Teacher (LTA)","2026-07-27",NA,"Riverside Middle School","https://www.applitrack.com/billings/onlineapp/default.aspx","Billings Public Schools","2026-08-07"
"Technical Education Teacher","2026-08-06",NA,"Castle Rock Middle School","https://www.applitrack.com/billings/onlineapp/default.aspx","Billings Public Schools","2026-08-07"
"Attendance Clerk","2026-08-04",NA,"Will James Middle School","https://www.applitrack.com/billings/onlineapp/default.aspx","Billings Public Schools","2026-08-07"
"Attendance Clerk","2026-08-05",NA,"Riverside Middle School","https://www.applitrack.com/billings/onlineapp/default.aspx","Billings Public Schools","2026-08-07"
"Human Resources Benefits Specialist","2026-08-03",NA,"Lincoln Center","https://www.applitrack.com/billings/onlineapp/default.aspx","Billings Public Schools","2026-08-07"
"Administrative Assistant II (Special Education)","2026-08-05",NA,"West High School","https://www.applitrack.com/billings/onlineapp/default.aspx","Billings Public Schools","2026-08-07"
"Administrative Assistant II","2026-07-23",NA,"Senior High School","https://www.applitrack.com/billings/onlineapp/default.aspx","Billings Public Schools","2026-08-07"
"Administrative Assistant III","2026-07-22",NA,"Lincoln Center","https://www.applitrack.com/billings/onlineapp/default.aspx","Billings Public Schools","2026-08-07"
"Special Education Teacher LTA","2025-11-19",NA,"Various","https://www.applitrack.com/billings/onlineapp/default.aspx","Billings Public Schools","2026-08-07"
"Special Education Teacher K-12 (26/27)","2026-08-05",NA,"Various","https://www.applitrack.com/billings/onlineapp/default.aspx","Billings Public Schools","2026-08-07"
"SUBSTITUTE LUNCH DRIVERS and SUBSTITUTE LUNCH DRIVER HELPERS",NA,NA,"Right away","https://www.applitrack.com/billings/onlineapp/default.aspx","Billings Public Schools","2026-08-07"
"SUBSTITUTE CROSSWALK GUARD","2023-02-03",NA,"Various","https://www.applitrack.com/billings/onlineapp/default.aspx","Billings Public Schools","2026-08-07"
"SUBSTITUTE CUSTODIAN","2024-08-15",NA,"Various","https://www.applitrack.com/billings/onlineapp/default.aspx","Billings Public Schools","2026-08-07"
"Substitute Instructional Paraprofessional (Classroom)","2023-04-21",NA,"Various","https://www.applitrack.com/billings/onlineapp/default.aspx","Billings Public Schools","2026-08-07"
"Substitute Secretary","2023-04-21",NA,"Various","https://www.applitrack.com/billings/onlineapp/default.aspx","Billings Public Schools","2026-08-07"
"Substitute Special Needs Assistant","2023-04-21",NA,"Various","https://www.applitrack.com/billings/onlineapp/default.aspx","Billings Public Schools","2026-08-07"
"SUBSTITUTE GENERAL DUTY ASSISTANT","2023-02-03",NA,"Various","https://www.applitrack.com/billings/onlineapp/default.aspx","Billings Public Schools","2026-08-07"
"Substitute Special Education Bus Assistants","2023-04-21",NA,"Various","https://www.applitrack.com/billings/onlineapp/default.aspx","Billings Public Schools","2026-08-07"
"SUBSTITUTE TEACHERS","2024-11-14",NA,"Various","https://www.applitrack.com/billings/onlineapp/default.aspx","Billings Public Schools","2026-08-07"
"Printer Foreman",NA,NA,"August 2026","https://www.applitrack.com/billings/onlineapp/default.aspx","Billings Public Schools","2026-08-07"
"Crosswalk Guard","2026-07-27",NA,"McKinley Elementary","https://www.applitrack.com/billings/onlineapp/default.aspx","Billings Public Schools","2026-08-07"
"Crosswalk Guard","2026-06-17",NA,"Ponderosa Elementary","https://www.applitrack.com/billings/onlineapp/default.aspx","Billings Public Schools","2026-08-07"
"Crosswalk Guard","2026-08-05",NA,"Boulder Elementary","https://www.applitrack.com/billings/onlineapp/default.aspx","Billings Public Schools","2026-08-07"
"Crosswalk Guard","2025-08-25",NA,"Castle Rock Middle School","https://www.applitrack.com/billings/onlineapp/default.aspx","Billings Public Schools","2026-08-07"
"Crosswalk Guard","2026-03-27",NA,"Bitterroot Elementary","https://www.applitrack.com/billings/onlineapp/default.aspx","Billings Public Schools","2026-08-07"
"Crosswalk Guard","2026-08-06",NA,"Meadowlark Elementary","https://www.applitrack.com/billings/onlineapp/default.aspx","Billings Public Schools","2026-08-07"
"Crosswalk Guard","2026-08-05",NA,"Miles Avenue Elementary","https://www.applitrack.com/billings/onlineapp/default.aspx","Billings Public Schools","2026-08-07"
"Crosswalk Guard","2026-08-05",NA,"Burlington Elementary","https://www.applitrack.com/billings/onlineapp/default.aspx","Billings Public Schools","2026-08-07"
"EARLY CHILDHOOD INTERVENTION (ECI) FAMILY SUPPORT SPECIALIST (FSS)","2026-04-08",NA,"ECI - Early Childhood Intervention","https://www.applitrack.com/billings/onlineapp/default.aspx","Billings Public Schools","2026-08-07"
"EARLY CHILDHOOD INTERVENTION (ECI) FAMILY SUPPORT SPECIALIST (FSS)","2026-05-22",NA,"ECI - Early Childhood Intervention","https://www.applitrack.com/billings/onlineapp/default.aspx","Billings Public Schools","2026-08-07"
"General Duty Assistant (GDA)","2026-05-05",NA,"Alkali Creek Elementary","https://www.applitrack.com/billings/onlineapp/default.aspx","Billings Public Schools","2026-08-07"
"General Duty Assistant (GDA)","2026-06-17",NA,"Ponderosa Elementary","https://www.applitrack.com/billings/onlineapp/default.aspx","Billings Public Schools","2026-08-07"
"General Duty Assistant (GDA)","2026-02-20",NA,"Rose Park Elementary","https://www.applitrack.com/billings/onlineapp/default.aspx","Billings Public Schools","2026-08-07"
"General Duty Assistant (GDA)","2026-02-25",NA,"Beartooth Elementary","https://www.applitrack.com/billings/onlineapp/default.aspx","Billings Public Schools","2026-08-07"
"General Duty Assistant (GDA)","2026-08-06",NA,"Meadowlark Elementary","https://www.applitrack.com/billings/onlineapp/default.aspx","Billings Public Schools","2026-08-07"
"General Duty Assistant (GDA)","2026-03-09",NA,"Big Sky Elementary","https://www.applitrack.com/billings/onlineapp/default.aspx","Billings Public Schools","2026-08-07"
"General Duty Assistant (GDA)","2026-03-16",NA,"Orchard Elementary","https://www.applitrack.com/billings/onlineapp/default.aspx","Billings Public Schools","2026-08-07"
"General Duty Assistant (GDA)","2026-03-27",NA,"Bitterroot Elementary","https://www.applitrack.com/billings/onlineapp/default.aspx","Billings Public Schools","2026-08-07"
"General Duty Assistant (GDA)","2026-01-16",NA,"Central Heights Elementary","https://www.applitrack.com/billings/onlineapp/default.aspx","Billings Public Schools","2026-08-07"
"General Duty Assistant (GDA)","2026-01-22",NA,"Broadwater Elementary","https://www.applitrack.com/billings/onlineapp/default.aspx","Billings Public Schools","2026-08-07"
"General Duty Assistant (GDA)","2025-11-11",NA,"Broadwater Elementary","https://www.applitrack.com/billings/onlineapp/default.aspx","Billings Public Schools","2026-08-07"
"General Duty Assistant (GDA)","2025-08-25",NA,"Castle Rock Middle School","https://www.applitrack.com/billings/onlineapp/default.aspx","Billings Public Schools","2026-08-07"
"General Duty Assistant (GDA)","2026-08-05",NA,"Burlington Elementary","https://www.applitrack.com/billings/onlineapp/default.aspx","Billings Public Schools","2026-08-07"
"General Duty Assistant (GDA)","2026-08-05",NA,"Boulder Elementary","https://www.applitrack.com/billings/onlineapp/default.aspx","Billings Public Schools","2026-08-07"
"General Duty Assistant (GDA)","2026-06-16",NA,"Arrowhead Elementary","https://www.applitrack.com/billings/onlineapp/default.aspx","Billings Public Schools","2026-08-07"
"General Duty Assistant (GDA)","2026-07-20",NA,"Eagle Cliffs Elementary","https://www.applitrack.com/billings/onlineapp/default.aspx","Billings Public Schools","2026-08-07"
"General Duty Assistant (GDA)","2026-07-27",NA,"McKinley Elementary","https://www.applitrack.com/billings/onlineapp/default.aspx","Billings Public Schools","2026-08-07"
"General Duty Assistant (GDA)","2026-08-05",NA,"Miles Avenue Elementary","https://www.applitrack.com/billings/onlineapp/default.aspx","Billings Public Schools","2026-08-07"
"Instructional Paraprofessional (IPP) (Special Education)","2026-01-06",NA,"Various","https://www.applitrack.com/billings/onlineapp/default.aspx","Billings Public Schools","2026-08-07"
"Interpreter for the Deaf I","2026-03-31",NA,"Various","https://www.applitrack.com/billings/onlineapp/default.aspx","Billings Public Schools","2026-08-07"
"Substitute LPN (Licensed Practical Nurse)","2025-05-30",NA,"Various","https://www.applitrack.com/billings/onlineapp/default.aspx","Billings Public Schools","2026-08-07"
"Sensory Communication Facilitator","2026-08-05",NA,"Various","https://www.applitrack.com/billings/onlineapp/default.aspx","Billings Public Schools","2026-08-07"
"Special Education Bus Assistant","2026-07-23",NA,"Various","https://www.applitrack.com/billings/onlineapp/default.aspx","Billings Public Schools","2026-08-07"
"Special Needs Assistants (SNA)","2026-08-03",NA,"Various","https://www.applitrack.com/billings/onlineapp/default.aspx","Billings Public Schools","2026-08-07"
"School Psychologist","2026-06-08",NA,"Various","https://www.applitrack.com/mcpsmt/onlineapp/default.aspx","Missoula County Public Schools","2026-08-07"
"Early Literacy Teacher ~ Long-term Substitute","2026-08-06",NA,"Jeannette Rankin Elementary School","https://www.applitrack.com/mcpsmt/onlineapp/default.aspx","Missoula County Public Schools","2026-08-07"
"Mathematics Teacher ~ Long-term Substitute (2 positions)","2026-06-11",NA,"Sentinel High School","https://www.applitrack.com/mcpsmt/onlineapp/default.aspx","Missoula County Public Schools","2026-08-07"
"Music - Choir Teacher ~ 1 year only (reposted)","2026-03-27",NA,"CS Porter Middle School","https://www.applitrack.com/mcpsmt/onlineapp/default.aspx","Missoula County Public Schools","2026-08-07"
"Sp Ed Extended Resource Teacher (K-2)","2026-07-29",NA,"Lowell Elementary School","https://www.applitrack.com/mcpsmt/onlineapp/default.aspx","Missoula County Public Schools","2026-08-07"
"Assistant Volleyball Coach - Expansion Team - Big Sky High School","2026-08-03",NA,"Big Sky High School","https://www.applitrack.com/mcpsmt/onlineapp/default.aspx","Missoula County Public Schools","2026-08-07"
"Assistant Dance Coach - Expansion - Sentinel High School","2026-08-03",NA,"Sentinel High School","https://www.applitrack.com/mcpsmt/onlineapp/default.aspx","Missoula County Public Schools","2026-08-07"
"Assistant Boys Soccer Coach - Expansion - Big Sky High School (2 Positions)","2026-06-30",NA,"Big Sky High School","https://www.applitrack.com/mcpsmt/onlineapp/default.aspx","Missoula County Public Schools","2026-08-07"
"Assistant Football Coach- Big Sky High School","2026-06-30",NA,"Big Sky High School","https://www.applitrack.com/mcpsmt/onlineapp/default.aspx","Missoula County Public Schools","2026-08-07"
"Soccer Coach - CS Porter Middle School","2026-06-09",NA,"CS Porter Middle School","https://www.applitrack.com/mcpsmt/onlineapp/default.aspx","Missoula County Public Schools","2026-08-07"
"Soccer Coach - Meadow Hill Middle School","2026-06-09",NA,"Meadow Hill Middle School","https://www.applitrack.com/mcpsmt/onlineapp/default.aspx","Missoula County Public Schools","2026-08-07"
"Custodian + Activities Coordinator - Hellgate High School","2026-03-24",NA,"Hellgate High School","https://www.applitrack.com/mcpsmt/onlineapp/default.aspx","Missoula County Public Schools","2026-08-07"
"Custodian - CS Porter Middle School","2026-07-07",NA,"CS Porter Middle School","https://www.applitrack.com/mcpsmt/onlineapp/default.aspx","Missoula County Public Schools","2026-08-07"
"Custodian - Franklin Elementary School","2026-08-03",NA,"Franklin Elementary School","https://www.applitrack.com/mcpsmt/onlineapp/default.aspx","Missoula County Public Schools","2026-08-07"
"Part-Time Custodian - Washington Middle School","2026-08-05",NA,"Washington Middle School","https://www.applitrack.com/mcpsmt/onlineapp/default.aspx","Missoula County Public Schools","2026-08-07"
"Part-Time Custodian - Russell Elementary School","2026-08-05",NA,"Russell Elementary School","https://www.applitrack.com/mcpsmt/onlineapp/default.aspx","Missoula County Public Schools","2026-08-07"
"Custodian - Washington Middle School","2026-08-05",NA,"Washington Middle School","https://www.applitrack.com/mcpsmt/onlineapp/default.aspx","Missoula County Public Schools","2026-08-07"
"Custodian ~ Seeley-Swan High School","2026-06-15",NA,"Seeley-Swan High School","https://www.applitrack.com/mcpsmt/onlineapp/default.aspx","Missoula County Public Schools","2026-08-07"
"Custodian - District - Various Locations","2026-05-13",NA,"Various","https://www.applitrack.com/mcpsmt/onlineapp/default.aspx","Missoula County Public Schools","2026-08-07"
"Assistant Head Cook - Sentinel High School","2026-01-05",NA,"Sentinel High School","https://www.applitrack.com/mcpsmt/onlineapp/default.aspx","Missoula County Public Schools","2026-08-07"
"Cook/Cashier - Washington Middle School","2026-08-05",NA,"Washington Middle School","https://www.applitrack.com/mcpsmt/onlineapp/default.aspx","Missoula County Public Schools","2026-08-07"
"Food Prep/Cashier - Sentinel High School","2026-05-05",NA,"Sentinel High School","https://www.applitrack.com/mcpsmt/onlineapp/default.aspx","Missoula County Public Schools","2026-08-07"
"Noon Duty - Lewis and Clark Elementary - 2 Days/Week","2026-08-04",NA,"Lewis & Clark Elementary School","https://www.applitrack.com/mcpsmt/onlineapp/default.aspx","Missoula County Public Schools","2026-08-07"
"Noon Duty - Washington Middle School - (4) Positions","2026-08-03",NA,"Washington Middle School","https://www.applitrack.com/mcpsmt/onlineapp/default.aspx","Missoula County Public Schools","2026-08-07"
"Noon Duty - Jeannette Rankin Elementary School","2026-08-03",NA,"Jeannette Rankin Elementary School","https://www.applitrack.com/mcpsmt/onlineapp/default.aspx","Missoula County Public Schools","2026-08-07"
"Noon Duty - Franklin Elementary School - (3) Positions","2026-07-27",NA,"Franklin Elementary School","https://www.applitrack.com/mcpsmt/onlineapp/default.aspx","Missoula County Public Schools","2026-08-07"
"Noon Duty - Meadow Hill Middle School - (2) Positions","2026-07-28",NA,"Meadow Hill Middle School","https://www.applitrack.com/mcpsmt/onlineapp/default.aspx","Missoula County Public Schools","2026-08-07"
"Noon Duty - Rattlesnake Elementary School - (2) Positions","2026-07-29",NA,"Rattlesnake Elementary School","https://www.applitrack.com/mcpsmt/onlineapp/default.aspx","Missoula County Public Schools","2026-08-07"
"Noon Duty - Lewis and Clark Elementary School","2026-07-29",NA,"Lewis & Clark Elementary School","https://www.applitrack.com/mcpsmt/onlineapp/default.aspx","Missoula County Public Schools","2026-08-07"
"Paraeducator 2 - Sentinel High School","2026-07-29",NA,"Sentinel High School","https://www.applitrack.com/mcpsmt/onlineapp/default.aspx","Missoula County Public Schools","2026-08-07"
"Paraeducator 2 - Washington Middle School","2026-08-03",NA,"Washington Middle School","https://www.applitrack.com/mcpsmt/onlineapp/default.aspx","Missoula County Public Schools","2026-08-07"
"Paraeducator 2 - Lowell Elementary School","2026-08-03",NA,"Lowell Elementary School","https://www.applitrack.com/mcpsmt/onlineapp/default.aspx","Missoula County Public Schools","2026-08-07"
"Paraeducator 1 - Title - 2026-2027 CYO - Lowell Elementary School","2026-07-27",NA,"Lowell Elementary School","https://www.applitrack.com/mcpsmt/onlineapp/default.aspx","Missoula County Public Schools","2026-08-07"
"Paraeducator 2 - MCPS District","2026-08-05",NA,"Admin Building","https://www.applitrack.com/mcpsmt/onlineapp/default.aspx","Missoula County Public Schools","2026-08-07"
"Sign Language Interpreter","2026-07-01",NA,"Admin Building","https://www.applitrack.com/mcpsmt/onlineapp/default.aspx","Missoula County Public Schools","2026-08-07"
"Temporary Building Substitute - Hawthorne Elementary School","2026-08-04",NA,"Hawthorne Elementary School","https://www.applitrack.com/mcpsmt/onlineapp/default.aspx","Missoula County Public Schools","2026-08-07"
"Substitute Nurse RN and LPN 2025-2026","2025-09-26",NA,"Various","https://www.applitrack.com/mcpsmt/onlineapp/default.aspx","Missoula County Public Schools","2026-08-07"
"Substitute Healthcare Assistant","2025-10-21",NA,"Various","https://www.applitrack.com/mcpsmt/onlineapp/default.aspx","Missoula County Public Schools","2026-08-07"
"Substitute Teacher / Para 2026-27","2026-08-04",NA,"Various","https://www.applitrack.com/mcpsmt/onlineapp/default.aspx","Missoula County Public Schools","2026-08-07"
"Community Liaison - Part-Time - Paxson Elementary School","2026-08-04",NA,"Paxson Elementary School","https://www.applitrack.com/mcpsmt/onlineapp/default.aspx","Missoula County Public Schools","2026-08-07"
"Native American Student Specialist","2026-08-03",NA,"Admin Building","https://www.applitrack.com/mcpsmt/onlineapp/default.aspx","Missoula County Public Schools","2026-08-07"
"Warehouse Worker - MCPS District","2026-07-22",NA,"Admin Building","https://www.applitrack.com/mcpsmt/onlineapp/default.aspx","Missoula County Public Schools","2026-08-07"
"Security and Communications Foreman","2026-08-04",NA,"Maintenance Shop","https://www.applitrack.com/mcpsmt/onlineapp/default.aspx","Missoula County Public Schools","2026-08-07"
"Substitute School Bus Driver","2026-01-23",NA,"Admin Building","https://www.applitrack.com/mcpsmt/onlineapp/default.aspx","Missoula County Public Schools","2026-08-07"
"CMR Fall Athletic Events Coordinator",NA,NA,"08/10/2026","https://www.applitrack.com/greatfalls/onlineapp/default.aspx","Great Falls Public Schools","2026-08-07"
"Cheerleading Advisor - CMR","2026-08-05",NA,"C M Russell High School","https://www.applitrack.com/greatfalls/onlineapp/default.aspx","Great Falls Public Schools","2026-08-07"
"Assistant Forensics/Debate Coach - GFHS","2025-09-03",NA,"Great Falls High","https://www.applitrack.com/greatfalls/onlineapp/default.aspx","Great Falls Public Schools","2026-08-07"
"Crossing Guards and Sub Crossing Guards Job #3465","2025-09-23",NA,"District-wide","https://www.applitrack.com/greatfalls/onlineapp/default.aspx","Great Falls Public Schools","2026-08-07"
"Crossing Guards and Sub Crossing Guards","2026-08-06",NA,"District-wide","https://www.applitrack.com/greatfalls/onlineapp/default.aspx","Great Falls Public Schools","2026-08-07"
"Elementary Teacher","2026-07-23",NA,"District-wide","https://www.applitrack.com/greatfalls/onlineapp/default.aspx","Great Falls Public Schools","2026-08-07"
"Elementary Instrumental Music Teacher - Strings","2026-04-09",NA,"District-wide","https://www.applitrack.com/greatfalls/onlineapp/default.aspx","Great Falls Public Schools","2026-08-07"
"Elementary General Music Teacher oyo","2026-02-06",NA,"Various","https://www.applitrack.com/greatfalls/onlineapp/default.aspx","Great Falls Public Schools","2026-08-07"
"Health Enhancement Teacher Elementary MS/WH","2026-08-06",NA,"Morningside/Whittier","https://www.applitrack.com/greatfalls/onlineapp/default.aspx","Great Falls Public Schools","2026-08-07"
"Special Education Teacher on Special Assignment, PK-6","2026-02-18",NA,"District-wide","https://www.applitrack.com/greatfalls/onlineapp/default.aspx","Great Falls Public Schools","2026-08-07"
"Special Education Teacher - Elementary","2025-10-01",NA,"Various","https://www.applitrack.com/greatfalls/onlineapp/default.aspx","Great Falls Public Schools","2026-08-07"
"Food Service Employees-various","2026-08-05",NA,"District-wide","https://www.applitrack.com/greatfalls/onlineapp/default.aspx","Great Falls Public Schools","2026-08-07"
"Secondary Teacher 9-12",NA,NA,NA,"https://www.applitrack.com/greatfalls/onlineapp/default.aspx","Great Falls Public Schools","2026-08-07"
"Math Teacher oyo CMR","2026-06-23",NA,"C M Russell High School","https://www.applitrack.com/greatfalls/onlineapp/default.aspx","Great Falls Public Schools","2026-08-07"
"Broadfield Science Teacher This position is oyo","2026-03-13",NA,"Great Falls High","https://www.applitrack.com/greatfalls/onlineapp/default.aspx","Great Falls Public Schools","2026-08-07"
"Special Education Teacher on Special Assignment, 7-12","2026-02-18",NA,"District-wide","https://www.applitrack.com/greatfalls/onlineapp/default.aspx","Great Falls Public Schools","2026-08-07"
"Special Education Teacher – High School","2025-10-01",NA,"Various","https://www.applitrack.com/greatfalls/onlineapp/default.aspx","Great Falls Public Schools","2026-08-07"
"Youth Development Specialist, Indigenous Education","2025-07-18",NA,"Paris Gibson Education Center","https://www.applitrack.com/greatfalls/onlineapp/default.aspx","Great Falls Public Schools","2026-08-07"
"Custodian - Swing Shift","2026-08-06",NA,"District-wide","https://www.applitrack.com/greatfalls/onlineapp/default.aspx","Great Falls Public Schools","2026-08-07"
"Board Certified Behavior Analyst (BCBA)",NA,NA,NA,"https://www.applitrack.com/greatfalls/onlineapp/default.aspx","Great Falls Public Schools","2026-08-07"
"Occupational Therapist","2026-07-09",NA,"District-wide","https://www.applitrack.com/greatfalls/onlineapp/default.aspx","Great Falls Public Schools","2026-08-07"
"Physical Therapist","2026-02-26",NA,"District-wide","https://www.applitrack.com/greatfalls/onlineapp/default.aspx","Great Falls Public Schools","2026-08-07"
"Speech and Language Pathologist","2026-07-15",NA,"District-wide","https://www.applitrack.com/greatfalls/onlineapp/default.aspx","Great Falls Public Schools","2026-08-07"
"Secondary Teacher 7-8",NA,NA,NA,"https://www.applitrack.com/greatfalls/onlineapp/default.aspx","Great Falls Public Schools","2026-08-07"
"Middle School Band Teacher","2026-04-17",NA,"East Middle School","https://www.applitrack.com/greatfalls/onlineapp/default.aspx","Great Falls Public Schools","2026-08-07"
"Science Teacher - EMS","2026-07-07",NA,"East Middle School","https://www.applitrack.com/greatfalls/onlineapp/default.aspx","Great Falls Public Schools","2026-08-07"
"Special Education Teacher – Middle School","2025-10-01",NA,"East & North Middle Schools","https://www.applitrack.com/greatfalls/onlineapp/default.aspx","Great Falls Public Schools","2026-08-07"
"Academic Achievement Center Para Educator",NA,NA,NA,"https://www.applitrack.com/greatfalls/onlineapp/default.aspx","Great Falls Public Schools","2026-08-07"
"Attendance Office Aide - CMR","2026-07-27",NA,"C M Russell High School","https://www.applitrack.com/greatfalls/onlineapp/default.aspx","Great Falls Public Schools","2026-08-07"
"Campus Supervisor","2024-03-21",NA,"North Middle School","https://www.applitrack.com/greatfalls/onlineapp/default.aspx","Great Falls Public Schools","2026-08-07"
"CORE School Teacher Assistant","2026-02-01",NA,"Core School","https://www.applitrack.com/greatfalls/onlineapp/default.aspx","Great Falls Public Schools","2026-08-07"
"Lifeguards/Swim Instructor/ Supervisor/Cashier","2026-01-06",NA,"Great Falls High","https://www.applitrack.com/greatfalls/onlineapp/default.aspx","Great Falls Public Schools","2026-08-07"
"Special Education Para Educator/Substitutes","2026-08-06",NA,"District-wide","https://www.applitrack.com/greatfalls/onlineapp/default.aspx","Great Falls Public Schools","2026-08-07"
"Teacher Aide / Overload Teacher Aide / Substitute Teacher Aides","2026-08-06",NA,"District-wide","https://www.applitrack.com/greatfalls/onlineapp/default.aspx","Great Falls Public Schools","2026-08-07"
"Teacher Aide assigned to the Curriculum Library","2026-01-13",NA,"Various","https://www.applitrack.com/greatfalls/onlineapp/default.aspx","Great Falls Public Schools","2026-08-07"
"Teacher Aide - NMS","2024-09-12",NA,"North Middle School","https://www.applitrack.com/greatfalls/onlineapp/default.aspx","Great Falls Public Schools","2026-08-07"
"Teacher Aide - EMS","2024-10-18",NA,"East Middle School","https://www.applitrack.com/greatfalls/onlineapp/default.aspx","Great Falls Public Schools","2026-08-07"
"School Psychologist","2026-06-05",NA,"District-wide","https://www.applitrack.com/greatfalls/onlineapp/default.aspx","Great Falls Public Schools","2026-08-07"
"Administrative Assistant - Food Service","2026-06-08",NA,"District Offices Building","https://www.applitrack.com/greatfalls/onlineapp/default.aspx","Great Falls Public Schools","2026-08-07"
"Secretary II - High School Office","2026-07-27",NA,"C M Russell High School","https://www.applitrack.com/greatfalls/onlineapp/default.aspx","Great Falls Public Schools","2026-08-07"
"Secretary II - GFHS","2026-08-05",NA,"Great Falls High","https://www.applitrack.com/greatfalls/onlineapp/default.aspx","Great Falls Public Schools","2026-08-07"
"Secretary II; Indigenous Education Department","2026-06-05",NA,"Indian Education Center","https://www.applitrack.com/greatfalls/onlineapp/default.aspx","Great Falls Public Schools","2026-08-07"
"Secretary II – Central Reception","2026-08-05",NA,"District Offices Building","https://www.applitrack.com/greatfalls/onlineapp/default.aspx","Great Falls Public Schools","2026-08-07"
"Substitute Teachers","2026-08-06",NA,"District-wide","https://www.applitrack.com/greatfalls/onlineapp/default.aspx","Great Falls Public Schools","2026-08-07"
"Substitute Teachers","2025-10-22",NA,"District-wide","https://www.applitrack.com/greatfalls/onlineapp/default.aspx","Great Falls Public Schools","2026-08-07"
"Information Security Specialist","2026-04-14",NA,"District Offices Building","https://www.applitrack.com/greatfalls/onlineapp/default.aspx","Great Falls Public Schools","2026-08-07"
"Baseball Head Coach - JV","2026-06-15",NA,"Capital High School","https://www.applitrack.com/helena/onlineapp/default.aspx","Helena Public Schools","2026-08-07"
"Baseball Head Coach - JV","2026-06-15",NA,"Helena High School","https://www.applitrack.com/helena/onlineapp/default.aspx","Helena Public Schools","2026-08-07"
"Baseball Assistant Coach","2026-06-15",NA,"Helena High School","https://www.applitrack.com/helena/onlineapp/default.aspx","Helena Public Schools","2026-08-07"
"Baseball Assistant Coach","2026-06-15",NA,"Capital High School","https://www.applitrack.com/helena/onlineapp/default.aspx","Helena Public Schools","2026-08-07"
"Assistant Wrestling Coach","2026-06-15",NA,"Capital High School","https://www.applitrack.com/helena/onlineapp/default.aspx","Helena Public Schools","2026-08-07"
"Head Swim Coach","2026-05-04",NA,"All High Schools","https://www.applitrack.com/helena/onlineapp/default.aspx","Helena Public Schools","2026-08-07"
"Assistant Speech and Debate Coach","2026-05-20",NA,"Capital High School","https://www.applitrack.com/helena/onlineapp/default.aspx","Helena Public Schools","2026-08-07"
"Assistant Softball Coach","2026-08-03",NA,"Helena High School","https://www.applitrack.com/helena/onlineapp/default.aspx","Helena Public Schools","2026-08-07"
"Head Tennis Coach","2026-08-03",NA,"Capital High School","https://www.applitrack.com/helena/onlineapp/default.aspx","Helena Public Schools","2026-08-07"
"Head Cheer Coach","2026-08-03",NA,"Capital High School","https://www.applitrack.com/helena/onlineapp/default.aspx","Helena Public Schools","2026-08-07"
"Assistant Girls Soccer Coach","2026-08-05",NA,"Capital High School","https://www.applitrack.com/helena/onlineapp/default.aspx","Helena Public Schools","2026-08-07"
"Long Term Substitute High School Counselor","2026-07-31",NA,"Project for Alternative Learning (PAL)","https://www.applitrack.com/helena/onlineapp/default.aspx","Helena Public Schools","2026-08-07"
"Payroll Systems Supervisor",NA,NA,NA,"https://www.applitrack.com/helena/onlineapp/default.aspx","Helena Public Schools","2026-08-07"
"Benefits Coordinator",NA,NA,NA,"https://www.applitrack.com/helena/onlineapp/default.aspx","Helena Public Schools","2026-08-07"
"Certified Occupational Therapist Assistant (COTA)","2026-07-17",NA,"All Schools","https://www.applitrack.com/helena/onlineapp/default.aspx","Helena Public Schools","2026-08-07"
"Safety and Security Infrastructure Technician",NA,NA,NA,"https://www.applitrack.com/helena/onlineapp/default.aspx","Helena Public Schools","2026-08-07"
"Substitute Custodians",NA,NA,NA,"https://www.applitrack.com/helena/onlineapp/default.aspx","Helena Public Schools","2026-08-07"
"Evening Float Custodian","2026-06-05",NA,"Capital High School","https://www.applitrack.com/helena/onlineapp/default.aspx","Helena Public Schools","2026-08-07"
"Evening Custodians","2026-06-18",NA,"Capital High School","https://www.applitrack.com/helena/onlineapp/default.aspx","Helena Public Schools","2026-08-07"
"Evening Float Custodian","2026-07-16",NA,"C.R. Anderson Middle School","https://www.applitrack.com/helena/onlineapp/default.aspx","Helena Public Schools","2026-08-07"
"Evening Float Custodian","2026-07-16",NA,"Helena High School","https://www.applitrack.com/helena/onlineapp/default.aspx","Helena Public Schools","2026-08-07"
"General Secretary - Library",NA,NA,NA,"https://www.applitrack.com/helena/onlineapp/default.aspx","Helena Public Schools","2026-08-07"
"General Secretary - Attendance",NA,NA,NA,"https://www.applitrack.com/helena/onlineapp/default.aspx","Helena Public Schools","2026-08-07"
"Administrative Secretary - Transportation","2026-07-31",NA,"Transportation","https://www.applitrack.com/helena/onlineapp/default.aspx","Helena Public Schools","2026-08-07"
"General Secretary- Counseling","2026-07-24",NA,"Capital High School","https://www.applitrack.com/helena/onlineapp/default.aspx","Helena Public Schools","2026-08-07"
"Special Education Teacher",NA,NA,NA,"https://www.applitrack.com/helena/onlineapp/default.aspx","Helena Public Schools","2026-08-07"
"Physical Therapist","2026-06-11",NA,"District Wide","https://www.applitrack.com/helena/onlineapp/default.aspx","Helena Public Schools","2026-08-07"
"Occupational Therapist","2026-07-17",NA,"District Wide","https://www.applitrack.com/helena/onlineapp/default.aspx","Helena Public Schools","2026-08-07"
"Substitute Teachers (26-27 School Year)","2026-07-13",NA,"District Wide","https://www.applitrack.com/helena/onlineapp/default.aspx","Helena Public Schools","2026-08-07"
"Substitute Para Educators (Teacher Assistants)","2026-07-13",NA,"District Wide","https://www.applitrack.com/helena/onlineapp/default.aspx","Helena Public Schools","2026-08-07"
"SACC Lead Teacher",NA,NA,NA,"https://www.applitrack.com/helena/onlineapp/default.aspx","Helena Public Schools","2026-08-07"
"General Education Para Educator (Teacher Assistant)","2026-06-23",NA,"Capital High School","https://www.applitrack.com/helena/onlineapp/default.aspx","Helena Public Schools","2026-08-07"
"School Aged Child Care (SACC) Para Educators (Assistant)","2026-07-07",NA,"District Wide","https://www.applitrack.com/helena/onlineapp/default.aspx","Helena Public Schools","2026-08-07"
"Level I (Special Education) Para Educator (Teacher Assistant) 2026-2027","2026-06-08",NA,"District Wide","https://www.applitrack.com/helena/onlineapp/default.aspx","Helena Public Schools","2026-08-07"
"Assistant Wrestling Coaches","2026-06-08",NA,"East Helena High School","https://www.applitrack.com/ehps/onlineapp/default.aspx","East Helena Public Schools","2026-08-07"
"Math Teacher","2026-05-29",NA,"District Wide","https://www.applitrack.com/ehps/onlineapp/default.aspx","East Helena Public Schools","2026-08-07"
"Middle School Teacher-Intervention Specialist","2026-08-20",NA,"East Valley Middle School","https://www.applitrack.com/ehps/onlineapp/default.aspx","East Helena Public Schools","2026-08-07"
"Paraprofessional","2026-08-06",NA,"District Wide","https://www.applitrack.com/ehps/onlineapp/default.aspx","East Helena Public Schools","2026-08-07"
"Drivers Education Teacher","2025-01-02",NA,"East Helena High School","https://www.applitrack.com/ehps/onlineapp/default.aspx","East Helena Public Schools","2026-08-07"
"6-12 Math Teacher","2026-05-29",NA,"East Helena High School","https://www.applitrack.com/ehps/onlineapp/default.aspx","East Helena Public Schools","2026-08-07"
"Science Teacher","2026-06-15",NA,"East Helena High School","https://www.applitrack.com/ehps/onlineapp/default.aspx","East Helena Public Schools","2026-08-07"
"Foreign Language Teacher","2026-06-01",NA,"East Valley Middle School","https://www.applitrack.com/ehps/onlineapp/default.aspx","East Helena Public Schools","2026-08-07"
"Kitchen Aid","2026-08-06",NA,"District Wide","https://www.applitrack.com/ehps/onlineapp/default.aspx","East Helena Public Schools","2026-08-07"
"Custodian","2026-06-15",NA,"District Wide","https://www.applitrack.com/ehps/onlineapp/default.aspx","East Helena Public Schools","2026-08-07"
"Substitutes","2026-06-15",NA,"District Wide","https://www.applitrack.com/ehps/onlineapp/default.aspx","East Helena Public Schools","2026-08-07"
"Instructional Tutor","2026-06-23",NA,"Radley Elementary","https://www.applitrack.com/ehps/onlineapp/default.aspx","East Helena Public Schools","2026-08-07"
"Head Athletic Coach | Girls Soccer",NA,NA,NA,"https://www.applitrack.com/lockwoodschool/onlineapp/default.aspx","Lockwood Schools","2026-08-07"
"Head Athletic Coach | Boys Soccer",NA,NA,NA,"https://www.applitrack.com/lockwoodschool/onlineapp/default.aspx","Lockwood Schools","2026-08-07"
"Athletic Coach | Middle School Volleyball (Multiple Positions Available)",NA,NA,NA,"https://www.applitrack.com/lockwoodschool/onlineapp/default.aspx","Lockwood Schools","2026-08-07"
"Athletic Coach | Middle School Cross Country",NA,NA,NA,"https://www.applitrack.com/lockwoodschool/onlineapp/default.aspx","Lockwood Schools","2026-08-07"
"High School Art Teacher","2026-06-26",NA,"Lockwood Schools K-12","https://www.applitrack.com/lockwoodschool/onlineapp/default.aspx","Lockwood Schools","2026-08-07"
"High School English Teacher","2026-07-21",NA,"Lockwood Schools K-12","https://www.applitrack.com/lockwoodschool/onlineapp/default.aspx","Lockwood Schools","2026-08-07"
"Mathematics Teacher (Grades 9-12)","2026-07-09",NA,"Lockwood Schools K-12","https://www.applitrack.com/lockwoodschool/onlineapp/default.aspx","Lockwood Schools","2026-08-07"
"Special Education Teacher (Grades K-12)","2026-02-23",NA,"Lockwood Schools K-12","https://www.applitrack.com/lockwoodschool/onlineapp/default.aspx","Lockwood Schools","2026-08-07"
"Custodian","2024-07-24",NA,"Lockwood Schools K-12","https://www.applitrack.com/lockwoodschool/onlineapp/default.aspx","Lockwood Schools","2026-08-07"
"Part-Time Crosswalk Guard","2025-08-21",NA,"Lockwood Schools K-12","https://www.applitrack.com/lockwoodschool/onlineapp/default.aspx","Lockwood Schools","2026-08-07"
"High School Paraprofessional (Non-Instructional)",NA,NA,"08/2026","https://www.applitrack.com/lockwoodschool/onlineapp/default.aspx","Lockwood Schools","2026-08-07"
"Paraprofessional (Non-Instructional)",NA,NA,NA,"https://www.applitrack.com/lockwoodschool/onlineapp/default.aspx","Lockwood Schools","2026-08-07"
"Speech-Language Pathologist (K12) | Part-Time","2026-08-05",NA,"Lockwood Schools K-12","https://www.applitrack.com/lockwoodschool/onlineapp/default.aspx","Lockwood Schools","2026-08-07"
"Substitute Teachers, Paras, Secretary","2024-07-24",NA,"Lockwood Schools K-12","https://www.applitrack.com/lockwoodschool/onlineapp/default.aspx","Lockwood Schools","2026-08-07"
"Bus Aide",NA,NA,NA,"https://www.applitrack.com/lockwoodschool/onlineapp/default.aspx","Lockwood Schools","2026-08-07"
"Daycare Aide | Part-Time",NA,NA,NA,"https://www.applitrack.com/lockwoodschool/onlineapp/default.aspx","Lockwood Schools","2026-08-07"
"High School Assistant Football Coach",NA,NA,"2026-27 School Year","https://www.applitrack.com/havre/onlineapp/default.aspx","Havre Public Schools","2026-08-07"
"High School Assistant Swim Coach",NA,NA,"2026-27 School Year","https://www.applitrack.com/havre/onlineapp/default.aspx","Havre Public Schools","2026-08-07"
"High School Assistant Band Director",NA,NA,"2026-27 School Year","https://www.applitrack.com/havre/onlineapp/default.aspx","Havre Public Schools","2026-08-07"
"Elementary Special Education Teacher",NA,NA,"2026-27 School Year","https://www.applitrack.com/havre/onlineapp/default.aspx","Havre Public Schools","2026-08-07"
"Helper - School Food Service",NA,NA,"02/25/2026","https://www.applitrack.com/havre/onlineapp/default.aspx","Havre Public Schools","2026-08-07"
"Substitute Food Service Helper",NA,NA,NA,"https://www.applitrack.com/havre/onlineapp/default.aspx","Havre Public Schools","2026-08-07"
"High School English Teacher","2026-04-29",NA,"Havre High School","https://www.applitrack.com/havre/onlineapp/default.aspx","Havre Public Schools","2026-08-07"
"High School Math Teacher","2026-01-16",NA,"Havre High School","https://www.applitrack.com/havre/onlineapp/default.aspx","Havre Public Schools","2026-08-07"
"Middle School Teacher",NA,NA,"2026-27 School Year","https://www.applitrack.com/havre/onlineapp/default.aspx","Havre Public Schools","2026-08-07"
"Middle School English Language Arts Teacher",NA,NA,"2026-27 School Year","https://www.applitrack.com/havre/onlineapp/default.aspx","Havre Public Schools","2026-08-07"
"Speech Language Pathologist","2025-03-18",NA,"District Wide","https://www.applitrack.com/havre/onlineapp/default.aspx","Havre Public Schools","2026-08-07"
"Substitute Teacher","2024-08-21",NA,"District Wide","https://www.applitrack.com/havre/onlineapp/default.aspx","Havre Public Schools","2026-08-07"
"Relief Bus Driver",NA,NA,NA,"https://www.applitrack.com/havre/onlineapp/default.aspx","Havre Public Schools","2026-08-07"
"Paraprofessional","2024-08-21",NA,"District Wide","https://www.applitrack.com/havre/onlineapp/default.aspx","Havre Public Schools","2026-08-07"
"Assistant Girls Basketball Coach (DCHS)","2026-07-09",NA,"Dawson County High School","https://www.applitrack.com/glendiveschools/onlineapp/default.aspx","Glendive Public Schools","2026-08-07"
"High Needs Intensive Special Education Paraprofessional (Grades K-2)","2026-07-30",NA,"Jefferson Elementary School","https://www.applitrack.com/glendiveschools/onlineapp/default.aspx","Glendive Public Schools","2026-08-07"
"Substitute Teacher / Paraprofessional","2026-07-09",NA,"Glendive Public Schools","https://www.applitrack.com/glendiveschools/onlineapp/default.aspx","Glendive Public Schools","2026-08-07"
"Substitute Cook","2026-07-09",NA,"Glendive Public Schools","https://www.applitrack.com/glendiveschools/onlineapp/default.aspx","Glendive Public Schools","2026-08-07"
"High School Drivers Education Teacher","2026-07-09",NA,"Dawson County High School","https://www.applitrack.com/glendiveschools/onlineapp/default.aspx","Glendive Public Schools","2026-08-07"
"High School Special Education Teacher","2026-07-27",NA,"Glendive Public Schools","https://www.applitrack.com/glendiveschools/onlineapp/default.aspx","Glendive Public Schools","2026-08-07"
"Middle School Special Education Teacher","2026-08-03",NA,"Washington Middle School","https://www.applitrack.com/glendiveschools/onlineapp/default.aspx","Glendive Public Schools","2026-08-07"
"High Needs Intensive Special Education Paraprofessional (Grades 9-12)","2026-07-30",NA,"Dawson County High School","https://www.applitrack.com/glendiveschools/onlineapp/default.aspx","Glendive Public Schools","2026-08-07"
"School Psychologist","2026-07-09",NA,"Glendive Public Schools","https://www.applitrack.com/glendiveschools/onlineapp/default.aspx","Glendive Public Schools","2026-08-07"
"Head Track Coach (DCHS)","2026-07-09",NA,"Dawson County High School","https://www.applitrack.com/glendiveschools/onlineapp/default.aspx","Glendive Public Schools","2026-08-07"
"Assistant Flag Football Coach (DCHS)","2026-07-09",NA,"Dawson County High School","https://www.applitrack.com/glendiveschools/onlineapp/default.aspx","Glendive Public Schools","2026-08-07"
"Custodian - LES (Part Time - 7 hour)","2026-07-29",NA,"Lincoln Elementary School","https://www.applitrack.com/glendiveschools/onlineapp/default.aspx","Glendive Public Schools","2026-08-07"
"Temporary Custodian (GPS)","2026-07-09",NA,"Glendive Public Schools","https://www.applitrack.com/glendiveschools/onlineapp/default.aspx","Glendive Public Schools","2026-08-07"
"Custodian - WMS (Part Time)","2026-07-09",NA,"Washington Middle School","https://www.applitrack.com/glendiveschools/onlineapp/default.aspx","Glendive Public Schools","2026-08-07"
"Special Education Paraprofessional (District)","2026-07-09",NA,"Glendive Public Schools","https://www.applitrack.com/glendiveschools/onlineapp/default.aspx","Glendive Public Schools","2026-08-07"
"Substitute Custodian (GPS)","2026-07-09",NA,"Glendive Public Schools","https://www.applitrack.com/glendiveschools/onlineapp/default.aspx","Glendive Public Schools","2026-08-07"
"Bus Driver",NA,NA,"2026-2027 School Year","https://www.applitrack.com/glendiveschools/onlineapp/default.aspx","Glendive Public Schools","2026-08-07"
"Substitute Bus Driver",NA,NA,"2026-2027 School Year","https://www.applitrack.com/glendiveschools/onlineapp/default.aspx","Glendive Public Schools","2026-08-07"
"Bus Aide",NA,NA,"2026-2027 School Year","https://www.applitrack.com/glendiveschools/onlineapp/default.aspx","Glendive Public Schools","2026-08-07"
"Sustitute Bus Aide",NA,NA,"2026-2027 School Year","https://www.applitrack.com/glendiveschools/onlineapp/default.aspx","Glendive Public Schools","2026-08-07"
"Director of Technology","2026-06-18",NA,"District Position","https://www.applitrack.com/colstrip/onlineapp/default.aspx","Colstrip Public Schools","2026-08-07"
"Middle School Principal","2026-03-31",NA,"Frank Brattin Middle School (FBMS)","https://www.applitrack.com/colstrip/onlineapp/default.aspx","Colstrip Public Schools","2026-08-07"
"Elementary School Principal","2026-04-20",NA,"Pine Butte Elementary School (PBES)","https://www.applitrack.com/colstrip/onlineapp/default.aspx","Colstrip Public Schools","2026-08-07"
"Extra Curricular Coach/ Activities Sponsor","2025-01-28",NA,"District Position","https://www.applitrack.com/colstrip/onlineapp/default.aspx","Colstrip Public Schools","2026-08-07"
"Bus Driver - Route","2025-01-27",NA,"District Position","https://www.applitrack.com/colstrip/onlineapp/default.aspx","Colstrip Public Schools","2026-08-07"
"Bus Monitor","2025-01-27",NA,"Colstrip High School (CHS)","https://www.applitrack.com/colstrip/onlineapp/default.aspx","Colstrip Public Schools","2026-08-07"
"Elementary Education Teacher K-8","2026-04-06",NA,"Pine Butte Elementary School (PBES)","https://www.applitrack.com/colstrip/onlineapp/default.aspx","Colstrip Public Schools","2026-08-07"
"Title I Reading / Math Teacher","2026-04-10",NA,"Pine Butte Elementary School (PBES)","https://www.applitrack.com/colstrip/onlineapp/default.aspx","Colstrip Public Schools","2026-08-07"
"High School English Teacher","2026-05-29",NA,"Colstrip High School (CHS)","https://www.applitrack.com/colstrip/onlineapp/default.aspx","Colstrip Public Schools","2026-08-07"
"Custodian","2025-08-01",NA,"District Position","https://www.applitrack.com/colstrip/onlineapp/default.aspx","Colstrip Public Schools","2026-08-07"
"Head Custodian","2025-10-29",NA,"District Position","https://www.applitrack.com/colstrip/onlineapp/default.aspx","Colstrip Public Schools","2026-08-07"
"Spanish Education Teacher / Foreign Language Teacher Grades 6-12","2026-04-10",NA,"Colstrip High School (CHS)","https://www.applitrack.com/colstrip/onlineapp/default.aspx","Colstrip Public Schools","2026-08-07"
"Special Education Teacher (Grades K-12)","2026-02-19",NA,"Frank Brattin Middle School (FBMS)","https://www.applitrack.com/colstrip/onlineapp/default.aspx","Colstrip Public Schools","2026-08-07"
"Elementary Education Teacher K-8","2025-04-15",NA,"Frank Brattin Middle School (FBMS)","https://www.applitrack.com/colstrip/onlineapp/default.aspx","Colstrip Public Schools","2026-08-07"
"Elementary (6-8) Title 1 Teacher","2025-01-27",NA,"Frank Brattin Middle School (FBMS)","https://www.applitrack.com/colstrip/onlineapp/default.aspx","Colstrip Public Schools","2026-08-07"
"Counselor -High School","2026-03-31",NA,"Colstrip High School (CHS)","https://www.applitrack.com/colstrip/onlineapp/default.aspx","Colstrip Public Schools","2026-08-07"
"District Substitute","2025-08-01",NA,"District Position","https://www.applitrack.com/colstrip/onlineapp/default.aspx","Colstrip Public Schools","2026-08-07"
"Central Warehouse","2025-11-03",NA,"District Position","https://www.applitrack.com/colstrip/onlineapp/default.aspx","Colstrip Public Schools","2026-08-07"
"Work Based Learning Student (Co-op)","2026-05-15",NA,"District Position","https://www.applitrack.com/colstrip/onlineapp/default.aspx","Colstrip Public Schools","2026-08-07"
"Library Media Specialist",NA,NA,NA,"https://www.applitrack.com/sidney/onlineapp/default.aspx","Sidney Public Schools","2026-08-07"
"Art Teacher","2026-06-01",NA,"Sidney Jr/Sr High School","https://www.applitrack.com/sidney/onlineapp/default.aspx","Sidney Public Schools","2026-08-07"
"Special Education Teacher Grades 7-12","2025-05-15",NA,"Sidney Jr/Sr High School","https://www.applitrack.com/sidney/onlineapp/default.aspx","Sidney Public Schools","2026-08-07"
"Substitute School Nurse RN/LPN","2025-12-17",NA,"Sidney Central District Office","https://www.applitrack.com/sidney/onlineapp/default.aspx","Sidney Public Schools","2026-08-07"
"Substitute Bus Driver",NA,NA,"09/01/2021","https://www.applitrack.com/sidney/onlineapp/default.aspx","Sidney Public Schools","2026-08-07"
"Substitute Teacher /Substitute Aide/Substitute Nurse","2021-07-01",NA,"Sidney Central District Office","https://www.applitrack.com/sidney/onlineapp/default.aspx","Sidney Public Schools","2026-08-07"
"Bus Driver","2025-01-29",NA,"Sidney Maintenance/Transportation Facility","https://www.applitrack.com/sidney/onlineapp/default.aspx","Sidney Public Schools","2026-08-07"
"Afterschool Bus Driver","2026-08-03",NA,"Sidney Elementary School","https://www.applitrack.com/sidney/onlineapp/default.aspx","Sidney Public Schools","2026-08-07"
"Teacher Aide","2026-07-30",NA,"Sidney Central District Office","https://www.applitrack.com/sidney/onlineapp/default.aspx","Sidney Public Schools","2026-08-07"
"Athletic Coach - High School Assistant Basketball Coach",NA,NA,"TBD","https://www.applitrack.com/stevensville/onlineapp/default.aspx","Stevensville Public Schools","2026-08-07"
"Middle School Assistant Volleyball Coach","2026-04-27",NA,"SMS Coaching","https://www.applitrack.com/stevensville/onlineapp/default.aspx","Stevensville Public Schools","2026-08-07"
"High School Girls Basketball Assistant Coach","2026-06-09",NA,"SHS Coaching","https://www.applitrack.com/stevensville/onlineapp/default.aspx","Stevensville Public Schools","2026-08-07"
"Speech and Debate Head Coach","2026-07-14",NA,"Stevensville High School","https://www.applitrack.com/stevensville/onlineapp/default.aspx","Stevensville Public Schools","2026-08-07"
"Volunteer High School Assistant Coach","2025-10-15",NA,"SHS Coaching","https://www.applitrack.com/stevensville/onlineapp/default.aspx","Stevensville Public Schools","2026-08-07"
"Volunteer Middle School Assistant Coach","2025-10-15",NA,"SMS Coaching","https://www.applitrack.com/stevensville/onlineapp/default.aspx","Stevensville Public Schools","2026-08-07"
"Foreign Language Teacher","2026-08-04",NA,"Stevensville High School","https://www.applitrack.com/stevensville/onlineapp/default.aspx","Stevensville Public Schools","2026-08-07"
"Spanish Teacher","2026-04-09",NA,"Stevensville High School","https://www.applitrack.com/stevensville/onlineapp/default.aspx","Stevensville Public Schools","2026-08-07"
"Head Cook","2026-07-20",NA,"SPS Food Services","https://www.applitrack.com/stevensville/onlineapp/default.aspx","Stevensville Public Schools","2026-08-07"
"Long-term Custodian Substitute","2026-05-05",NA,"SPS Custodial/Maintenance/Grounds","https://www.applitrack.com/stevensville/onlineapp/default.aspx","Stevensville Public Schools","2026-08-07"
"Middle School PE/Health Teacher 2026-2027 School Year","2026-02-15",NA,"Stevensville Middle School","https://www.applitrack.com/stevensville/onlineapp/default.aspx","Stevensville Public Schools","2026-08-07"
"Certified EMT Trainer","2026-07-03",NA,"Stevensville Health Sciences Academy","https://www.applitrack.com/stevensville/onlineapp/default.aspx","Stevensville Public Schools","2026-08-07"
"Substitute: Custodian","2025-09-15",NA,"Stevensville School District","https://www.applitrack.com/stevensville/onlineapp/default.aspx","Stevensville Public Schools","2026-08-07"
"Substitute: Kitchen Staff","2025-09-15",NA,"SPS Food Services","https://www.applitrack.com/stevensville/onlineapp/default.aspx","Stevensville Public Schools","2026-08-07"
"Substitute: Teacher/Paraprofessional","2025-09-15",NA,"Stevensville School District","https://www.applitrack.com/stevensville/onlineapp/default.aspx","Stevensville Public Schools","2026-08-07"
"Elementary Early Learning Program Paraprofessional","2026-07-16",NA,"Stevensville Elementary School","https://www.applitrack.com/stevensville/onlineapp/default.aspx","Stevensville Public Schools","2026-08-07"
"Elementary Special Education Paraprofessional","2026-07-25",NA,"Stevensville Elementary School","https://www.applitrack.com/stevensville/onlineapp/default.aspx","Stevensville Public Schools","2026-08-07"
"Elementary Title I Coordinator and Curriculum Director (TOSA)","2026-07-13",NA,"Stevensville School District","https://www.applitrack.com/stevensville/onlineapp/default.aspx","Stevensville Public Schools","2026-08-07"
"Elementary Life Skills Teacher",NA,NA,NA,"https://www.applitrack.com/bigsandy/onlineapp/default.aspx","Big Sandy Public Schools","2026-08-07"
"Maintenance",NA,NA,NA,"https://www.applitrack.com/bigsandy/onlineapp/default.aspx","Big Sandy Public Schools","2026-08-07"
"Custodian","2025-04-25",NA,"Big Sandy Maintenance","https://www.applitrack.com/bigsandy/onlineapp/default.aspx","Big Sandy Public Schools","2026-08-07"
"Mathematics Teacher","2026-05-11",NA,"Big Sandy Junior High","https://www.applitrack.com/bigsandy/onlineapp/default.aspx","Big Sandy Public Schools","2026-08-07"
"Paraprofessional - Content Mastery",NA,NA,NA,"https://www.applitrack.com/bigsandy/onlineapp/default.aspx","Big Sandy Public Schools","2026-08-07"
"Instructional Paraprofessional - Special Ed",NA,NA,"08/05/2026","https://www.applitrack.com/bigsandy/onlineapp/default.aspx","Big Sandy Public Schools","2026-08-07"
"School Nurse","2026-07-17",NA,"Big Sandy District","https://www.applitrack.com/bigsandy/onlineapp/default.aspx","Big Sandy Public Schools","2026-08-07"
"Substitute","2026-07-20",NA,"Big Sandy District","https://www.applitrack.com/bigsandy/onlineapp/default.aspx","Big Sandy Public Schools","2026-08-07"
"Bus Driver",NA,NA,NA,"https://www.applitrack.com/bigsandy/onlineapp/default.aspx","Big Sandy Public Schools","2026-08-07"
"Assistant Principal","2022-07-26",NA,"Jr. High/High School","https://www.applitrack.com/lamedeer/onlineapp/default.aspx","Lame Deer Public Schools","2026-08-07"
"Assistant Principal","2024-05-27",NA,"Jr. High/High School","https://www.applitrack.com/lamedeer/onlineapp/default.aspx","Lame Deer Public Schools","2026-08-07"
"Copy Of Elementary Assistant Principal","2025-03-11",NA,"Elementary School","https://www.applitrack.com/lamedeer/onlineapp/default.aspx","Lame Deer Public Schools","2026-08-07"
"Athletics and Activities Director","2024-04-30",NA,"District-Wide","https://www.applitrack.com/lamedeer/onlineapp/default.aspx","Lame Deer Public Schools","2026-08-07"
"Athletics and Activities Director","2024-05-30",NA,"Jr. High/High School","https://www.applitrack.com/lamedeer/onlineapp/default.aspx","Lame Deer Public Schools","2026-08-07"
"Instructional Coach/Testing/Curriculum Coordinator","2024-05-21",NA,"District-Wide","https://www.applitrack.com/lamedeer/onlineapp/default.aspx","Lame Deer Public Schools","2026-08-07"
"High School Principal","2024-04-01",NA,"Jr. High/High School","https://www.applitrack.com/lamedeer/onlineapp/default.aspx","Lame Deer Public Schools","2026-08-07"
"Superintendent","2024-03-18",NA,"District-Wide","https://www.applitrack.com/lamedeer/onlineapp/default.aspx","Lame Deer Public Schools","2026-08-07"
"Girls Head Basketball Coach (Jr. High)","2025-03-05",NA,"Jr. High/High School","https://www.applitrack.com/lamedeer/onlineapp/default.aspx","Lame Deer Public Schools","2026-08-07"
"Bus Monitor","2024-06-03",NA,"Transportation Bus Barn","https://www.applitrack.com/lamedeer/onlineapp/default.aspx","Lame Deer Public Schools","2026-08-07"
"Paraprofessional (7-12)","2023-06-07",NA,"Jr. High/High School","https://www.applitrack.com/lamedeer/onlineapp/default.aspx","Lame Deer Public Schools","2026-08-07"
"Paraprofessional (K-6)","2023-08-16",NA,"Elementary School","https://www.applitrack.com/lamedeer/onlineapp/default.aspx","Lame Deer Public Schools","2026-08-07"
"Bus Driver","2024-06-03",NA,"District-Wide","https://www.applitrack.com/lamedeer/onlineapp/default.aspx","Lame Deer Public Schools","2026-08-07"
"Culture Teacher (K-6)","2024-03-12",NA,"Elementary School","https://www.applitrack.com/lamedeer/onlineapp/default.aspx","Lame Deer Public Schools","2026-08-07"
"Elementary Curriculum Teacher","2023-10-23",NA,"Elementary School","https://www.applitrack.com/lamedeer/onlineapp/default.aspx","Lame Deer Public Schools","2026-08-07"
"Elementary Curriculum Teacher","2024-06-04",NA,"Elementary School","https://www.applitrack.com/lamedeer/onlineapp/default.aspx","Lame Deer Public Schools","2026-08-07"
"Elementary Librarian (Grades K-6)","2023-04-27",NA,"Elementary School","https://www.applitrack.com/lamedeer/onlineapp/default.aspx","Lame Deer Public Schools","2026-08-07"
"English Teacher (7-12)","2022-07-26",NA,"Jr. High/High School","https://www.applitrack.com/lamedeer/onlineapp/default.aspx","Lame Deer Public Schools","2026-08-07"
"Mathematics Teacher (Grades 7-12)","2023-03-08",NA,"Jr. High/High School","https://www.applitrack.com/lamedeer/onlineapp/default.aspx","Lame Deer Public Schools","2026-08-07"
"JH/HS Music Teacher","2025-03-11",NA,"Jr. High/High School","https://www.applitrack.com/lamedeer/onlineapp/default.aspx","Lame Deer Public Schools","2026-08-07"
"Physical Education Teacher","2022-07-26",NA,"Jr. High/High School","https://www.applitrack.com/lamedeer/onlineapp/default.aspx","Lame Deer Public Schools","2026-08-07"
"HS Science Teacher (7-12)","2024-06-04",NA,"Jr. High/High School","https://www.applitrack.com/lamedeer/onlineapp/default.aspx","Lame Deer Public Schools","2026-08-07"
"Special Education Teacher (Grades K-12)","2025-03-05",NA,"Jr. High/High School
(High-Needs School)","https://www.applitrack.com/lamedeer/onlineapp/default.aspx","Lame Deer Public Schools","2026-08-07"
"Seasonal House Cleaning Laborer","2023-06-29",NA,"District-Wide","https://www.applitrack.com/lamedeer/onlineapp/default.aspx","Lame Deer Public Schools","2026-08-07"
"Maintenance Manager","2023-06-26",NA,"District-Wide","https://www.applitrack.com/lamedeer/onlineapp/default.aspx","Lame Deer Public Schools","2026-08-07"
"Copy Of Middle School Classroom Teacher","2025-09-26",NA,"Jr. High/High School","https://www.applitrack.com/lamedeer/onlineapp/default.aspx","Lame Deer Public Schools","2026-08-07"
"Copy Of Copy Of Middle School Classroom Teacher","2025-09-26",NA,"Jr. High/High School","https://www.applitrack.com/lamedeer/onlineapp/default.aspx","Lame Deer Public Schools","2026-08-07"
"Jr. High Social Studies Teacher","2022-07-26",NA,"Jr. High/High School","https://www.applitrack.com/lamedeer/onlineapp/default.aspx","Lame Deer Public Schools","2026-08-07"
"Librarian (Jr High/High School)","2024-06-04",NA,"Jr. High/High School","https://www.applitrack.com/lamedeer/onlineapp/default.aspx","Lame Deer Public Schools","2026-08-07"
"District-Wide Substitute","2023-08-08",NA,"District-Wide","https://www.applitrack.com/lamedeer/onlineapp/default.aspx","Lame Deer Public Schools","2026-08-07"
"Head Coach or Sponsor",NA,NA,NA,"https://www.applitrack.com/poplar/onlineapp/default.aspx","Poplar Public Schools","2026-08-07"
"MS or Assistant Coach/Sponsor",NA,NA,NA,"https://www.applitrack.com/poplar/onlineapp/default.aspx","Poplar Public Schools","2026-08-07"
"Activities Director",NA,NA,"8/1/2024","https://www.applitrack.com/poplar/onlineapp/default.aspx","Poplar Public Schools","2026-08-07"
"Elementary Classroom Teacher K-4",NA,NA,"08/16/2024","https://www.applitrack.com/poplar/onlineapp/default.aspx","Poplar Public Schools","2026-08-07"
"Elementary Music Teacher","2024-01-25",NA,"Poplar Elementary School","https://www.applitrack.com/poplar/onlineapp/default.aspx","Poplar Public Schools","2026-08-07"
"Technology Education Teacher","2022-07-14",NA,"Poplar High School
(High-Needs School)","https://www.applitrack.com/poplar/onlineapp/default.aspx","Poplar Public Schools","2026-08-07"
"Social Studies Teacher (Grades 9-12)","2023-10-30",NA,"Poplar High School
(High-Needs School)","https://www.applitrack.com/poplar/onlineapp/default.aspx","Poplar Public Schools","2026-08-07"
"Guidance Counselor","2024-01-14",NA,"Poplar Middle School
(High-Needs School)","https://www.applitrack.com/poplar/onlineapp/default.aspx","Poplar Public Schools","2026-08-07"
"Special Education Teacher (Grades K-12)","2024-02-23",NA,"Poplar Schools
(High-Needs School)","https://www.applitrack.com/poplar/onlineapp/default.aspx","Poplar Public Schools","2026-08-07"
"Speech Pathologist","2024-01-13",NA,"Poplar Schools
(High-Needs School)","https://www.applitrack.com/poplar/onlineapp/default.aspx","Poplar Public Schools","2026-08-07"
"Paraprofessional","2022-07-14",NA,"Poplar Schools
(High-Needs School)","https://www.applitrack.com/poplar/onlineapp/default.aspx","Poplar Public Schools","2026-08-07"
"Toddler Teacher","2026-05-13",NA,"Early Education Center","https://www.applitrack.com/fairview/onlineapp/default.aspx","Fairview Public Schools","2026-08-07"
"Preschool Teacher","2026-05-13",NA,"Early Education Center","https://www.applitrack.com/fairview/onlineapp/default.aspx","Fairview Public Schools","2026-08-07"
"Long-term Substitute Monitor",NA,NA,"09/01/2026","https://www.applitrack.com/fairview/onlineapp/default.aspx","Fairview Public Schools","2026-08-07"
"Monitor",NA,NA,"08/20/2026","https://www.applitrack.com/fairview/onlineapp/default.aspx","Fairview Public Schools","2026-08-07"
"Educational Aide (5 positions)","2026-07-20",NA,"District Wide","https://www.applitrack.com/fairview/onlineapp/default.aspx","Fairview Public Schools","2026-08-07"
"English Language Learner (ELL) Tutor",NA,NA,"Immediately","https://www.applitrack.com/fairview/onlineapp/default.aspx","Fairview Public Schools","2026-08-07"
"Building Substitute Teacher","2026-07-20",NA,"Lewis F. Mayer Middle School/Fairview High School","https://www.applitrack.com/fairview/onlineapp/default.aspx","Fairview Public Schools","2026-08-07"
"Coaching Positions-Head Wrestling Coach","2026-04-24",NA,"Rocky Boy Jr. & Sr. High School","https://www.applitrack.com/rockyboy/onlineapp/default.aspx","Rocky Boy Public Schools","2026-08-07"
"Assistant Jr. High School Football Coaches (2)","2026-06-01",NA,"Rocky Boy Jr. & Sr. High School","https://www.applitrack.com/rockyboy/onlineapp/default.aspx","Rocky Boy Public Schools","2026-08-07"
"Head Jr. High Wrestling Coach","2026-06-01",NA,"Rocky Boy Jr. & Sr. High School","https://www.applitrack.com/rockyboy/onlineapp/default.aspx","Rocky Boy Public Schools","2026-08-07"
"Assistant Jr. High Track Coach","2026-06-01",NA,"Rocky Boy Jr. & Sr. High School","https://www.applitrack.com/rockyboy/onlineapp/default.aspx","Rocky Boy Public Schools","2026-08-07"
"Assistant Jr. High Volleyball Coaches (2)","2026-06-01",NA,"Rocky Boy Jr. & Sr. High School","https://www.applitrack.com/rockyboy/onlineapp/default.aspx","Rocky Boy Public Schools","2026-08-07"
"Elementary School Teacher - 5th Grade",NA,NA,"07/28/2026","https://www.applitrack.com/rockyboy/onlineapp/default.aspx","Rocky Boy Public Schools","2026-08-07"
"Elementary School Teacher -4th Grade",NA,NA,NA,"https://www.applitrack.com/rockyboy/onlineapp/default.aspx","Rocky Boy Public Schools","2026-08-07"
"Rocky Boy School Cree Enhancement Program- Pre-School Teacher",NA,NA,NA,"https://www.applitrack.com/rockyboy/onlineapp/default.aspx","Rocky Boy Public Schools","2026-08-07"
"21st Century Grant Coordinator",NA,NA,NA,"https://www.applitrack.com/rockyboy/onlineapp/default.aspx","Rocky Boy Public Schools","2026-08-07"
"K-12 Paraprofessional",NA,NA,NA,"https://www.applitrack.com/rockyboy/onlineapp/default.aspx","Rocky Boy Public Schools","2026-08-07"
"(1) K-8 1st Grade",NA,NA,"07/21/2026","https://www.applitrack.com/rockyboy/onlineapp/default.aspx","Rocky Boy Public Schools","2026-08-07"
"Cree Enhancement Preschool Teacher",NA,NA,NA,"https://www.applitrack.com/rockyboy/onlineapp/default.aspx","Rocky Boy Public Schools","2026-08-07"
"Rocky Boy School Cree Enhancement Program-Project Coordinator/Teacher",NA,NA,NA,"https://www.applitrack.com/rockyboy/onlineapp/default.aspx","Rocky Boy Public Schools","2026-08-07"
"Copy Of Pre -K Teacher","2026-01-22",NA,"Rocky Boy Elementary School","https://www.applitrack.com/rockyboy/onlineapp/default.aspx","Rocky Boy Public Schools","2026-08-07"
"(1) Food Service Aide",NA,NA,NA,"https://www.applitrack.com/rockyboy/onlineapp/default.aspx","Rocky Boy Public Schools","2026-08-07"
"(2) Head Start Custodian",NA,NA,NA,"https://www.applitrack.com/rockyboy/onlineapp/default.aspx","Rocky Boy Public Schools","2026-08-07"
"Health Manager",NA,NA,NA,"https://www.applitrack.com/rockyboy/onlineapp/default.aspx","Rocky Boy Public Schools","2026-08-07"
"Head Start Family Service Advocate",NA,NA,NA,"https://www.applitrack.com/rockyboy/onlineapp/default.aspx","Rocky Boy Public Schools","2026-08-07"
"Early Head Start Educators (2)","2026-07-22",NA,"Rocky Boy Head Start","https://www.applitrack.com/rockyboy/onlineapp/default.aspx","Rocky Boy Public Schools","2026-08-07"
"Early Head Start Educators","2025-12-16",NA,"Rocky Boy Head Start","https://www.applitrack.com/rockyboy/onlineapp/default.aspx","Rocky Boy Public Schools","2026-08-07"
"Head Start Cook","2026-04-01",NA,"Rocky Boy Head Start","https://www.applitrack.com/rockyboy/onlineapp/default.aspx","Rocky Boy Public Schools","2026-08-07"
"(2) Head Start Cooks","2026-07-22",NA,"Rocky Boy Head Start","https://www.applitrack.com/rockyboy/onlineapp/default.aspx","Rocky Boy Public Schools","2026-08-07"
"Head Start Teacher","2026-04-01",NA,"Rocky Boy Head Start","https://www.applitrack.com/rockyboy/onlineapp/default.aspx","Rocky Boy Public Schools","2026-08-07"
"(3) Head Start PT Bus Drivers","2026-04-02",NA,"Rocky Boy Head Start","https://www.applitrack.com/rockyboy/onlineapp/default.aspx","Rocky Boy Public Schools","2026-08-07"
"Rocky Boy School 7-12 Family and Consumer Sciences","2026-04-01",NA,"Rocky Boy Jr. & Sr. High School","https://www.applitrack.com/rockyboy/onlineapp/default.aspx","Rocky Boy Public Schools","2026-08-07"
"K-12 Custodian (2)","2026-07-22",NA,"Rocky Boy Jr. & Sr. High School","https://www.applitrack.com/rockyboy/onlineapp/default.aspx","Rocky Boy Public Schools","2026-08-07"
"(2) K-12 Paraprofessional",NA,NA,NA,"https://www.applitrack.com/rockyboy/onlineapp/default.aspx","Rocky Boy Public Schools","2026-08-07"
"(2) Part-Time Bus Drivers/Custodians","2026-07-22",NA,"Rocky Boy School Transportation","https://www.applitrack.com/rockyboy/onlineapp/default.aspx","Rocky Boy Public Schools","2026-08-07"
"Substitute School Secretary","2026-08-06",NA,"Whitefish, Montana","https://whitefishschools.schoolspring.com/jobs/5874822","Whitefish School District","2026-08-07"
"Lunch Supervisor/District Support Personnel (Part-time)","2026-07-28",NA,"Whitefish, Montana","https://whitefishschools.schoolspring.com/jobs/5857971","Whitefish School District","2026-08-07"
"Custodian-Performing Arts Center (Part-Time)","2026-07-15",NA,"Whitefish, Montana","https://whitefishschools.schoolspring.com/jobs/5834379","Whitefish School District","2026-08-07"
"WMS Special Education Paraeducator (multiple positions)","2026-07-14",NA,"Whitefish, Montana","https://whitefishschools.schoolspring.com/jobs/5832175","Whitefish School District","2026-08-07"
"WMS Special Education Teacher (Structured Learning)","2026-07-09",NA,"Whitefish, Montana","https://whitefishschools.schoolspring.com/jobs/5825711","Whitefish School District","2026-08-07"
"Food Service","2026-06-17",NA,"Whitefish, Montana","https://whitefishschools.schoolspring.com/jobs/5788196","Whitefish School District","2026-08-07"
"School Psychologist .5 FTE (beginning 26/27)","2026-06-10",NA,"Whitefish, Montana","https://whitefishschools.schoolspring.com/jobs/5773491","Whitefish School District","2026-08-07"
"WHS Assistant Wrestling Coach","2026-05-08",NA,"Whitefish, Montana","https://whitefishschools.schoolspring.com/jobs/5702620","Whitefish School District","2026-08-07"
"WHS Special Education Teacher-Extended Resource (beginning 26/27) Multiple Positions","2026-03-04",NA,"Whitefish, Montana","https://whitefishschools.schoolspring.com/jobs/5568958","Whitefish School District","2026-08-07"
"Special Education Paraeducator (beginning 26/27) - multiple positions","2026-03-03",NA,"Whitefish, Montana","https://whitefishschools.schoolspring.com/jobs/5566328","Whitefish School District","2026-08-07"
"Crossing Guards (1 WMS, 1 Muldown)","2026-01-21",NA,"Whitefish, Montana","https://whitefishschools.schoolspring.com/jobs/5506878","Whitefish School District","2026-08-07"
"Substitute Custodian","2025-02-26",NA,"Whitefish, Montana","https://whitefishschools.schoolspring.com/jobs/5005408","Whitefish School District","2026-08-07"
"Guest Teacher","2021-09-21",NA,"Whitefish, Montana","https://whitefishschools.schoolspring.com/jobs/4863703","Whitefish School District","2026-08-07"
"District Nurse","2026-06-25",NA,"Lewistown, Montana","https://lewistown.schoolspring.com/jobs/5803798","Lewistown Public Schools","2026-08-07"
"Fergus High School Head Cheer Coach","2026-06-10",NA,"Lewistown, Montana","https://lewistown.schoolspring.com/jobs/5775816","Lewistown Public Schools","2026-08-07"
"Lewistown Junior High School Head and Assistant Volleyball Coaches","2026-06-10",NA,"Lewistown, Montana","https://lewistown.schoolspring.com/jobs/5775803","Lewistown Public Schools","2026-08-07"
"Food Service","2026-05-15",NA,"Lewistown, Montana","https://lewistown.schoolspring.com/jobs/5718971","Lewistown Public Schools","2026-08-07"
"Coaches","2026-04-22",NA,"Lewistown, Montana","https://lewistown.schoolspring.com/jobs/5873503","Lewistown Public Schools","2026-08-07"
"Custodian - Lewis &amp; Clark Elementary","2026-02-13",NA,"Lewistown, Montana","https://lewistown.schoolspring.com/jobs/5547070","Lewistown Public Schools","2026-08-07"
"Custodian - FHS","2025-03-31",NA,"Lewistown, Montana","https://lewistown.schoolspring.com/jobs/5070784","Lewistown Public Schools","2026-08-07"
"Bus Driver - Route 4 - 4hrs/day","2024-08-07",NA,"Lewistown, Montana","https://lewistown.schoolspring.com/jobs/4745811","Lewistown Public Schools","2026-08-07"
"Substitute Bus Driver","2023-09-27",NA,"Lewistown, Montana","https://lewistown.schoolspring.com/jobs/4409755","Lewistown Public Schools","2026-08-07"
"Guest or Substitute Teacher","2021-09-16",NA,"Lewistown, Montana","https://lewistown.schoolspring.com/jobs/4831393","Lewistown Public Schools","2026-08-07"
"General Education Aide","2026-08-07",NA,"Laurel, Montana","https://laurel.schoolspring.com/jobs/5869899","Laurel Public Schools","2026-08-07"
"Bus Driver","2026-07-20",NA,"Laurel, Montana","https://laurel.schoolspring.com/jobs/5838370","Laurel Public Schools","2026-08-07"
"Middle School Boys Basketball Coach","2026-07-14",NA,"Laurel, Montana","https://laurel.schoolspring.com/jobs/5825438","Laurel Public Schools","2026-08-07"
"Middle School Track Coach","2026-07-14",NA,"Laurel, Montana","https://laurel.schoolspring.com/jobs/5825431","Laurel Public Schools","2026-08-07"
"Teacher for the Visually Impaired","2026-07-13",NA,"Laurel, Montana","https://laurel.schoolspring.com/jobs/5823118","Laurel Public Schools","2026-08-07"
"High School Assistant Wrestling Coach","2026-06-29",NA,"Laurel, Montana","https://laurel.schoolspring.com/jobs/5801094","Laurel Public Schools","2026-08-07"
"26-27 Special Education Teacher - ECS/Adult Transition/Homebound","2026-06-11",NA,"Laurel, Montana","https://laurel.schoolspring.com/jobs/5767804","Laurel Public Schools","2026-08-07"
"Security","2026-05-29",NA,"Laurel, Montana","https://laurel.schoolspring.com/jobs/5737326","Laurel Public Schools","2026-08-07"
"Specialized Needs Aide","2026-05-04",NA,"Laurel, Montana","https://laurel.schoolspring.com/jobs/5682188","Laurel Public Schools","2026-08-07"
"26-27 Substitute","2026-04-24",NA,"Laurel, Montana","https://laurel.schoolspring.com/jobs/5660181","Laurel Public Schools","2026-08-07"
"Seasonal Groundskeeper","2026-03-19",NA,"Laurel, Montana","https://laurel.schoolspring.com/jobs/5589475","Laurel Public Schools","2026-08-07"
"Bus Aide","2026-03-12",NA,"Laurel, Montana","https://laurel.schoolspring.com/jobs/5576634","Laurel Public Schools","2026-08-07"
"High School Assistant Volleyball Coach","2026-02-15",NA,"Laurel, Montana","https://laurel.schoolspring.com/jobs/5535480","Laurel Public Schools","2026-08-07"
"26-27 Speech Language Pathologist","2026-02-13",NA,"Laurel, Montana","https://laurel.schoolspring.com/jobs/5532286","Laurel Public Schools","2026-08-07"
"High School Assistant Football Coach","2026-02-05",NA,"Laurel, Montana","https://laurel.schoolspring.com/jobs/5520143","Laurel Public Schools","2026-08-07"
"Physical Therapist","2026-01-15",NA,"Laurel, Montana","https://laurel.schoolspring.com/jobs/5134174","Laurel Public Schools","2026-08-07"
"Speech Language Pathologist","2025-06-21",NA,"Laurel, Montana","https://laurel.schoolspring.com/jobs/5246053","Laurel Public Schools","2026-08-07"
"Middle School Football Coach","2025-05-22",NA,"Laurel, Montana","https://laurel.schoolspring.com/jobs/5176765","Laurel Public Schools","2026-08-07"
"Foreign Language Interpreter","2024-11-24",NA,"Laurel, Montana","https://laurel.schoolspring.com/jobs/4880860","Laurel Public Schools","2026-08-07"
"School Psychologist","2024-06-16",NA,"Laurel, Montana","https://laurel.schoolspring.com/jobs/5007605","Laurel Public Schools","2026-08-07"
"Community Education","2022-09-12",NA,"Laurel, Montana","https://laurel.schoolspring.com/jobs/5007604","Laurel Public Schools","2026-08-07"
"Substitute Bus Driver","2019-02-13",NA,"Laurel, Montana","https://laurel.schoolspring.com/jobs/5007601","Laurel Public Schools","2026-08-07"
"Custodian","2026-08-05",NA,"Ronan, Montana","https://ronan.schoolspring.com/jobs/5873272","Ronan Public Schools","2026-08-07"
"Full Time Substitute - District Wide","2026-07-01",NA,"Ronan, Montana","https://ronan.schoolspring.com/jobs/5855159","Ronan Public Schools","2026-08-07"
"KWH Teacher ~ Physical Education ~ 2026-2027","2026-07-01",NA,"Ronan, Montana","https://ronan.schoolspring.com/jobs/5813122","Ronan Public Schools","2026-08-07"
"RMS Teacher ~ Salish and/or Kootenai Language ~ 2026-27","2026-06-23",NA,"Ronan, Montana","https://ronan.schoolspring.com/jobs/5797647","Ronan Public Schools","2026-08-07"
"Coach ~ Assistant Baseball ~ RHS","2026-06-23",NA,"Ronan, Montana","https://ronan.schoolspring.com/jobs/5796614","Ronan Public Schools","2026-08-07"
"Coach ~ Assistant Football ~ RMS","2026-06-02",NA,"Ronan, Montana","https://ronan.schoolspring.com/jobs/5755518","Ronan Public Schools","2026-08-07"
"Coach ~ Assistant Girls Basketball ~ RMS","2026-05-21",NA,"Ronan, Montana","https://ronan.schoolspring.com/jobs/5732320","Ronan Public Schools","2026-08-07"
"RMS Paraprofessional ~ 2026-2027","2026-05-18",NA,"Ronan, Montana","https://ronan.schoolspring.com/jobs/5721295","Ronan Public Schools","2026-08-07"
"Speech Pathologist","2026-05-18",NA,"Ronan, Montana","https://ronan.schoolspring.com/jobs/5720823","Ronan Public Schools","2026-08-07"
"RHS Teacher ~ Science 2026-2027","2026-05-14",NA,"Ronan, Montana","https://ronan.schoolspring.com/jobs/5713714","Ronan Public Schools","2026-08-07"
"RHS Teacher ~ Vo/Ag 2026-2027","2026-05-04",NA,"Ronan, Montana","https://ronan.schoolspring.com/jobs/5689053","Ronan Public Schools","2026-08-07"
"KWH Elementary Teacher ~ 2026-2027","2026-04-23",NA,"Ronan, Montana","https://ronan.schoolspring.com/jobs/5664866","Ronan Public Schools","2026-08-07"
"Substitute Custodian","2026-04-02",NA,"Ronan, Montana","https://ronan.schoolspring.com/jobs/5624549","Ronan Public Schools","2026-08-07"
"KWH Paraprofessional","2026-04-02",NA,"Ronan, Montana","https://ronan.schoolspring.com/jobs/5624542","Ronan Public Schools","2026-08-07"
"RMS Teacher ~ Special Education ~ 2026-2027","2026-04-01",NA,"Ronan, Montana","https://ronan.schoolspring.com/jobs/5624560","Ronan Public Schools","2026-08-07"
"Food Service Assistant Cook","2026-03-30",NA,"Ronan, Montana","https://ronan.schoolspring.com/jobs/5616945","Ronan Public Schools","2026-08-07"
"Coach ~ Assistant Football ~ RHS","2026-01-28",NA,"Ronan, Montana","https://ronan.schoolspring.com/jobs/5516680","Ronan Public Schools","2026-08-07"
"Food Service Substitute","2025-12-16",NA,"Ronan, Montana","https://ronan.schoolspring.com/jobs/5473468","Ronan Public Schools","2026-08-07"
"Substitute Teacher","2024-05-31",NA,"Ronan, Montana","https://ronan.schoolspring.com/jobs/4975392","Ronan Public Schools","2026-08-07"
"Substitute School Bus Driver","2024-05-31",NA,"Ronan, Montana","https://ronan.schoolspring.com/jobs/4955037","Ronan Public Schools","2026-08-07"
"BUS - DRIVER","2026-06-29",NA,"Kalispell Public Schools","https://kalispellpublicschoolsmt.tylerportico.com/tess/citizen/jobs/job-list/a76ba87a-ff37-4194-9f9d-b47800b87221","Kalispell Public Schools","2026-08-07"
"BUS MONITOR","2025-07-30",NA,"Kalispell Public Schools","https://kalispellpublicschoolsmt.tylerportico.com/tess/citizen/jobs/job-list/fb8d984e-510d-4fb8-baa4-b32a00a7554a","Kalispell Public Schools","2026-08-07"
"CENTRAL OFFICE STUDENT INTERN","2026-08-06",NA,"Kalispell Public Schools","https://kalispellpublicschoolsmt.tylerportico.com/tess/citizen/jobs/job-list/e43f8efe-7385-458d-a8a3-b49e0100988c","Kalispell Public Schools","2026-08-07"
"CHARTER SCHOOL STUDENT SERVICES COORD","2026-03-18",NA,"Kalispell Public Schools","https://kalispellpublicschoolsmt.tylerportico.com/tess/citizen/jobs/job-list/febce873-cfcc-42ec-9af1-b41100b822fc","Kalispell Public Schools","2026-08-07"
"COMMUNICATIONS COORD.","2026-06-26",NA,"Kalispell Public Schools","https://kalispellpublicschoolsmt.tylerportico.com/tess/citizen/jobs/job-list/e05cc591-d5a4-450f-aa05-b475010b5d4d","Kalispell Public Schools","2026-08-07"
"ES - TECH","2025-09-11",NA,"Kalispell Public Schools","https://kalispellpublicschoolsmt.tylerportico.com/tess/citizen/jobs/job-list/df36c559-2abc-431a-9e96-b35500a86f52","Kalispell Public Schools","2026-08-07"
"FOOD SERVICE II","2025-11-04",NA,"Kalispell Public Schools","https://kalispellpublicschoolsmt.tylerportico.com/tess/citizen/jobs/job-list/f676d581-5aac-48df-b4b7-b38b00e61e14","Kalispell Public Schools","2026-08-07"
"FOOD SERVICE LEAD","2025-09-03",NA,"Kalispell Public Schools","https://kalispellpublicschoolsmt.tylerportico.com/tess/citizen/jobs/job-list/67cc761b-c461-4932-a830-b34d00f47abe","Kalispell Public Schools","2026-08-07"
"LIBRARY MEDIA SPECIALIST","2026-06-03",NA,"Kalispell Public Schools","https://kalispellpublicschoolsmt.tylerportico.com/tess/citizen/jobs/job-list/7d0512cb-53c1-4e04-93a0-b45e010b9212","Kalispell Public Schools","2026-08-07"
"MAINTENANCE I - GROUNDS","2026-07-02",NA,"Kalispell Public Schools","https://kalispellpublicschoolsmt.tylerportico.com/tess/citizen/jobs/job-list/2c5fb5ac-b826-40be-a33b-b47b00fb3562","Kalispell Public Schools","2026-08-07"
"Misc - GIFTED & TALENTED COORDINATOR","2026-03-30",NA,"Kalispell Public Schools","https://kalispellpublicschoolsmt.tylerportico.com/tess/citizen/jobs/job-list/7a2844c9-b774-40b0-aa21-b41d0104ac39","Kalispell Public Schools","2026-08-07"
"PARAPROFESSIONAL","2026-05-01",NA,"Kalispell Public Schools","https://kalispellpublicschoolsmt.tylerportico.com/tess/citizen/jobs/job-list/e080663a-53d2-434a-b5f1-b43d0112f117","Kalispell Public Schools","2026-08-07"
"PARAPROFESSIONAL","2026-06-15",NA,"Kalispell Public Schools","https://kalispellpublicschoolsmt.tylerportico.com/tess/citizen/jobs/job-list/b32f0a15-4632-463e-9988-b46a011e2e77","Kalispell Public Schools","2026-08-07"
"PARAPROFESSIONAL","2026-07-02",NA,"Kalispell Public Schools","https://kalispellpublicschoolsmt.tylerportico.com/tess/citizen/jobs/job-list/1df63116-05df-4dd8-bbb6-b47b00fa8b56","Kalispell Public Schools","2026-08-07"
"PARAPROFESSIONAL","2026-08-06",NA,"Kalispell Public Schools","https://kalispellpublicschoolsmt.tylerportico.com/tess/citizen/jobs/job-list/69407ac7-da5b-42b3-ba9f-b49e00ffc4fb","Kalispell Public Schools","2026-08-07"
"SE - PARAPROFESSIONAL","2026-03-19",NA,"Kalispell Public Schools","https://kalispellpublicschoolsmt.tylerportico.com/tess/citizen/jobs/job-list/ccd4a06d-dfa1-4b68-a701-b412010fc4ba","Kalispell Public Schools","2026-08-07"
"SE - PARAPROFESSIONAL","2026-08-06",NA,"Kalispell Public Schools","https://kalispellpublicschoolsmt.tylerportico.com/tess/citizen/jobs/job-list/5f173653-6428-409c-922f-b49e00fd622a","Kalispell Public Schools","2026-08-07"
"SE - PARAPROFESSIONAL - LS","2026-08-06",NA,"Kalispell Public Schools","https://kalispellpublicschoolsmt.tylerportico.com/tess/citizen/jobs/job-list/6b174af5-39fb-4df1-9ea7-b49e01025ea9","Kalispell Public Schools","2026-08-07"
"SE - PARAPROFESSIONAL - LS 19-21","2026-08-06",NA,"Kalispell Public Schools","https://kalispellpublicschoolsmt.tylerportico.com/tess/citizen/jobs/job-list/c84e3a0f-e141-4455-aa97-b49e00fe8900","Kalispell Public Schools","2026-08-07"
"SE - PHYSICAL THERAPIST","2026-06-12",NA,"Kalispell Public Schools","https://kalispellpublicschoolsmt.tylerportico.com/tess/citizen/jobs/job-list/a08b16ae-5150-431f-bd38-b46700af890a","Kalispell Public Schools","2026-08-07"
"SE - PSYCH","2026-06-30",NA,"Kalispell Public Schools","https://kalispellpublicschoolsmt.tylerportico.com/tess/citizen/jobs/job-list/70d848f3-eb6e-4f9b-a362-b31501109279","Kalispell Public Schools","2026-08-07"
"SE - SLP TEMP","2026-07-02",NA,"Kalispell Public Schools","https://kalispellpublicschoolsmt.tylerportico.com/tess/citizen/jobs/job-list/4f94a6ff-abcc-4241-8f98-b47b00f4b4a4","Kalispell Public Schools","2026-08-07"
"SE - TEACHER","2026-06-12",NA,"Kalispell Public Schools","https://kalispellpublicschoolsmt.tylerportico.com/tess/citizen/jobs/job-list/e2035868-5fb1-4a82-b743-b46700ad6b43","Kalispell Public Schools","2026-08-07"
"SE - TEACHER","2026-06-24",NA,"Kalispell Public Schools","https://kalispellpublicschoolsmt.tylerportico.com/tess/citizen/jobs/job-list/7002b309-06b0-4a4d-b763-b4730122750b","Kalispell Public Schools","2026-08-07"
"SE - TEACHER LS","2026-05-29",NA,"Kalispell Public Schools","https://kalispellpublicschoolsmt.tylerportico.com/tess/citizen/jobs/job-list/2299389d-20ca-49e5-9e4b-b459016795f1","Kalispell Public Schools","2026-08-07"
"SPECIAL PROJECTS - ACTIVITIES SUPERVISION","2026-02-27",NA,"Kalispell Public Schools","https://kalispellpublicschoolsmt.tylerportico.com/tess/citizen/jobs/job-list/0024190c-99b2-45e6-8d7f-b3fe00f5a8ea","Kalispell Public Schools","2026-08-07"
"STIPEND - BASEBALL HS ASSISTANT","2025-11-05",NA,"Kalispell Public Schools","https://kalispellpublicschoolsmt.tylerportico.com/tess/citizen/jobs/job-list/d24b31c6-5c8d-4a88-a7a6-b38c00bf7e9b","Kalispell Public Schools","2026-08-07"
"STIPEND - BPA ADVISOR","2026-05-27",NA,"Kalispell Public Schools","https://kalispellpublicschoolsmt.tylerportico.com/tess/citizen/jobs/job-list/75f781e1-e8e4-4d0f-9501-b457012c18ef","Kalispell Public Schools","2026-08-07"
"STIPEND - CROSS COUNTRY ASSISTAN","2026-07-02",NA,"Kalispell Public Schools","https://kalispellpublicschoolsmt.tylerportico.com/tess/citizen/jobs/job-list/2aa462c4-7346-44e5-9b3f-b47b00f9f6d1","Kalispell Public Schools","2026-08-07"
"STIPEND - FOOTBALL ASSISTANT JV","2026-02-27",NA,"Kalispell Public Schools","https://kalispellpublicschoolsmt.tylerportico.com/tess/citizen/jobs/job-list/1ab14277-9081-48d6-a7b0-b3fe00f45932","Kalispell Public Schools","2026-08-07"
"STIPEND - FOOTBALL FLAG ASST","2026-08-06",NA,"Kalispell Public Schools","https://kalispellpublicschoolsmt.tylerportico.com/tess/citizen/jobs/job-list/743fb8b5-36b2-4a50-a2bc-b49e01031c23","Kalispell Public Schools","2026-08-07"
"STIPEND - FOOTBALL FROSH","2026-05-27",NA,"Kalispell Public Schools","https://kalispellpublicschoolsmt.tylerportico.com/tess/citizen/jobs/job-list/c89921fa-6755-40c5-8023-b457012d13d8","Kalispell Public Schools","2026-08-07"
"STIPEND - FOOTBALL MS","2026-04-29",NA,"Kalispell Public Schools","https://kalispellpublicschoolsmt.tylerportico.com/tess/citizen/jobs/job-list/7e6823ff-e435-4e15-9204-b43b00b3d8ac","Kalispell Public Schools","2026-08-07"
"STIPEND - HOSA ADVISOR","2026-06-12",NA,"Kalispell Public Schools","https://kalispellpublicschoolsmt.tylerportico.com/tess/citizen/jobs/job-list/c0e027c6-4321-4839-8377-b46700af0874","Kalispell Public Schools","2026-08-07"
"STIPEND - INST. LEADER (DEPT. HEAD) HS SPED","2026-05-29",NA,"Kalispell Public Schools","https://kalispellpublicschoolsmt.tylerportico.com/tess/citizen/jobs/job-list/153de02d-48da-44ed-bd07-b4590168891f","Kalispell Public Schools","2026-08-07"
"STIPEND - SOCCER ASSISTANT JV","2026-04-22",NA,"Kalispell Public Schools","https://kalispellpublicschoolsmt.tylerportico.com/tess/citizen/jobs/job-list/818923c8-ab34-4034-9ae9-b43401142a90","Kalispell Public Schools","2026-08-07"
"STIPEND - SOFTBALL HS HEAD","2026-06-12",NA,"Kalispell Public Schools","https://kalispellpublicschoolsmt.tylerportico.com/tess/citizen/jobs/job-list/7421447d-4c72-4520-b8c7-b46700b11aac","Kalispell Public Schools","2026-08-07"
"STIPEND - SPEECH ASSISTANT","2026-06-12",NA,"Kalispell Public Schools","https://kalispellpublicschoolsmt.tylerportico.com/tess/citizen/jobs/job-list/ff4cea6c-86ff-46f9-8483-b46700adf462","Kalispell Public Schools","2026-08-07"
"STIPEND - SWIMMING ASSISTANT JV","2025-07-15",NA,"Kalispell Public Schools","https://kalispellpublicschoolsmt.tylerportico.com/tess/citizen/jobs/job-list/9e39b507-ef71-4110-9f92-b31b00a5b86d","Kalispell Public Schools","2026-08-07"
"STIPEND - SWIMMING ASSISTANT JV","2026-05-26",NA,"Kalispell Public Schools","https://kalispellpublicschoolsmt.tylerportico.com/tess/citizen/jobs/job-list/267a1dfe-b31b-49f5-ac82-b36900be1226","Kalispell Public Schools","2026-08-07"
"STIPEND - VOLLEYBALL ASSISTANT COACH(ES)","2026-05-05",NA,"Kalispell Public Schools","https://kalispellpublicschoolsmt.tylerportico.com/tess/citizen/jobs/job-list/edb7fde0-39c8-4dda-8eb2-b44101089b7f","Kalispell Public Schools","2026-08-07"
"STUDENT INTERN SCHOOL COORDINATOR","2026-08-06",NA,"Kalispell Public Schools","https://kalispellpublicschoolsmt.tylerportico.com/tess/citizen/jobs/job-list/2c6cf071-f0ab-458b-a9bf-b49e0101c781","Kalispell Public Schools","2026-08-07"
"STUDENT STORE","2026-06-26",NA,"Kalispell Public Schools","https://kalispellpublicschoolsmt.tylerportico.com/tess/citizen/jobs/job-list/473d68c7-216f-43f5-8c89-b475010d3b72","Kalispell Public Schools","2026-08-07"
"STUDENT WORKER","2025-10-07",NA,"Kalispell Public Schools","https://kalispellpublicschoolsmt.tylerportico.com/tess/citizen/jobs/job-list/50c9fd96-aa6c-40a6-918b-b36f00b5bc64","Kalispell Public Schools","2026-08-07"
"SUBSTITUTE - CERTIFIED","2025-08-05",NA,"Kalispell Public Schools","https://kalispellpublicschoolsmt.tylerportico.com/tess/citizen/jobs/job-list/3851f257-0b84-477a-99b6-b33000ba38c5","Kalispell Public Schools","2026-08-07"
"Summer Grounds","2026-04-09",NA,"Kalispell Public Schools","https://kalispellpublicschoolsmt.tylerportico.com/tess/citizen/jobs/job-list/bb41e31a-a06b-45a7-bfdf-b42700c8082c","Kalispell Public Schools","2026-08-07"
"SUMMER TECH CREW","2026-04-09",NA,"Kalispell Public Schools","https://kalispellpublicschoolsmt.tylerportico.com/tess/citizen/jobs/job-list/b9d9068a-a7ba-4577-ac36-b42700c52483","Kalispell Public Schools","2026-08-07"
"TEACHER - PHYSICAL EDUCATION","2026-06-15",NA,"Kalispell Public Schools","https://kalispellpublicschoolsmt.tylerportico.com/tess/citizen/jobs/job-list/42ac7efc-5c9d-4a68-b057-b46a011e896a","Kalispell Public Schools","2026-08-07"
"TEACHER - SOCIAL STUDIES","2026-06-15",NA,"Kalispell Public Schools","https://kalispellpublicschoolsmt.tylerportico.com/tess/citizen/jobs/job-list/1e4827d9-b728-46ca-b1e8-b46a011ee70b","Kalispell Public Schools","2026-08-07"
"Substitute","2026-08-03","Substitute","District Wide","https://hardinpublic.tedk12.com/hire/index.aspx","Hardin Public Schools","2026-08-07"
"Maintenance Technician IV - District Wide","2026-07-31","Maintenance","District Wide","https://hardinpublic.tedk12.com/hire/index.aspx","Hardin Public Schools","2026-08-07"
"Paraprofessional, Special Education -Crow Agency, Hardin Primary, Kindergarten Readiness Center- SY26-27","2026-06-23","Support","District Wide","https://hardinpublic.tedk12.com/hire/index.aspx","Hardin Public Schools","2026-08-07"
"Paraprofessional - District Wide - SY26-27","2026-05-08","Support","District Wide","https://hardinpublic.tedk12.com/hire/index.aspx","Hardin Public Schools","2026-08-07"
"Special Education Teacher-District Wide SY26-27","2026-01-09","Certified","District Wide","https://hardinpublic.tedk12.com/hire/index.aspx","Hardin Public Schools","2026-08-07"
"Speech Language Pathologist - District Wide SY26-27","2026-01-01","Certified","District Wide","https://hardinpublic.tedk12.com/hire/index.aspx","Hardin Public Schools","2026-08-07"
"CTE – Industrial Technology Education","2026-08-06",NA,"Wolf Point","https://apps.opi.mt.gov/mtjobsforteachers/frmJobListingPublic.aspx","Wolf Point","2026-08-07"
"Administrative - Other","2026-08-06",NA,"Wolf Point, Montana","https://apps.opi.mt.gov/mtjobsforteachers/frmJobListingPublic.aspx","Wolf Point, Montana","2026-08-07"
"English","2026-08-06",NA,"Wolf Point","https://apps.opi.mt.gov/mtjobsforteachers/frmJobListingPublic.aspx","Wolf Point","2026-08-07"
"CTE – Agricultural Education","2026-08-06",NA,"Wolf Point","https://apps.opi.mt.gov/mtjobsforteachers/frmJobListingPublic.aspx","Wolf Point","2026-08-07"
"Other","2026-08-06",NA,"Wolf Point","https://apps.opi.mt.gov/mtjobsforteachers/frmJobListingPublic.aspx","Wolf Point","2026-08-07"
"Mathematics","2026-08-06",NA,"Arlee","https://apps.opi.mt.gov/mtjobsforteachers/frmJobListingPublic.aspx","Arlee","2026-08-07"
"Special Education","2026-08-05",NA,"Libby","https://apps.opi.mt.gov/mtjobsforteachers/frmJobListingPublic.aspx","Libby","2026-08-07"
"School Psychologist","2026-08-05",NA,"Frenchtown","https://apps.opi.mt.gov/mtjobsforteachers/frmJobListingPublic.aspx","Frenchtown","2026-08-07"
"Mathematics","2026-08-05",NA,"Libby","https://apps.opi.mt.gov/mtjobsforteachers/frmJobListingPublic.aspx","Libby","2026-08-07"
"Elementary Curriculum","2026-08-05",NA,"Libby","https://apps.opi.mt.gov/mtjobsforteachers/frmJobListingPublic.aspx","Libby","2026-08-07"
"Other","2026-08-05",NA,"Libby","https://apps.opi.mt.gov/mtjobsforteachers/frmJobListingPublic.aspx","Libby","2026-08-07"
"Social Studies (Broadfield)","2026-08-04",NA,"Malta","https://apps.opi.mt.gov/mtjobsforteachers/frmJobListingPublic.aspx","Malta","2026-08-07"
"Music","2026-08-04",NA,"Malta","https://apps.opi.mt.gov/mtjobsforteachers/frmJobListingPublic.aspx","Malta","2026-08-07"
"Elementary Curriculum","2026-08-04",NA,"Geraldine","https://apps.opi.mt.gov/mtjobsforteachers/frmJobListingPublic.aspx","Geraldine","2026-08-07"
"Physical Ed","2026-08-04",NA,"Geraldine","https://apps.opi.mt.gov/mtjobsforteachers/frmJobListingPublic.aspx","Geraldine","2026-08-07"
"Elementary Curriculum","2026-08-04",NA,"Roundup","https://apps.opi.mt.gov/mtjobsforteachers/frmJobListingPublic.aspx","Roundup","2026-08-07"
"Music","2026-08-03",NA,"LOLO","https://apps.opi.mt.gov/mtjobsforteachers/frmJobListingPublic.aspx","LOLO","2026-08-07"
"Elementary Curriculum","2026-08-03",NA,"Miles City, MT","https://apps.opi.mt.gov/mtjobsforteachers/frmJobListingPublic.aspx","Miles City, MT","2026-08-07"
"Elementary Curriculum","2026-07-30",NA,"Choteau","https://apps.opi.mt.gov/mtjobsforteachers/frmJobListingPublic.aspx","Choteau","2026-08-07"
"Elementary Curriculum","2026-07-30",NA,"Trego, MT","https://apps.opi.mt.gov/mtjobsforteachers/frmJobListingPublic.aspx","Trego, MT","2026-08-07"
"Art","2026-07-29",NA,"Frenchtown","https://apps.opi.mt.gov/mtjobsforteachers/frmJobListingPublic.aspx","Frenchtown","2026-08-07"
"Art","2026-07-29",NA,"Frenchtown","https://apps.opi.mt.gov/mtjobsforteachers/frmJobListingPublic.aspx","Frenchtown","2026-08-07"
"Social Studies (Broadfield)","2026-07-28",NA,"Geyser, Montana","https://apps.opi.mt.gov/mtjobsforteachers/frmJobListingPublic.aspx","Geyser, Montana","2026-08-07"
"Substitute","2026-07-28",NA,"Manhattan","https://apps.opi.mt.gov/mtjobsforteachers/frmJobListingPublic.aspx","Manhattan","2026-08-07"
"Mathematics","2026-07-28",NA,"Manhattan","https://apps.opi.mt.gov/mtjobsforteachers/frmJobListingPublic.aspx","Manhattan","2026-08-07"
"CTE – Family and Consumer Sciences","2026-07-28",NA,"Miles City MT","https://apps.opi.mt.gov/mtjobsforteachers/frmJobListingPublic.aspx","Miles City MT","2026-08-07"
"Physics","2026-07-28",NA,"Miles City MT","https://apps.opi.mt.gov/mtjobsforteachers/frmJobListingPublic.aspx","Miles City MT","2026-08-07"
"Elementary Curriculum","2026-07-27",NA,"Yaak, Montana","https://apps.opi.mt.gov/mtjobsforteachers/frmJobListingPublic.aspx","Yaak, Montana","2026-08-07"
"School Counseling","2026-07-24",NA,"Montana City","https://apps.opi.mt.gov/mtjobsforteachers/frmJobListingPublic.aspx","Montana City","2026-08-07"
"Elementary Curriculum","2026-07-24",NA,"Sunburst","https://apps.opi.mt.gov/mtjobsforteachers/frmJobListingPublic.aspx","Sunburst","2026-08-07"
"Elementary Curriculum","2026-07-24",NA,"Anaconda","https://apps.opi.mt.gov/mtjobsforteachers/frmJobListingPublic.aspx","Anaconda","2026-08-07"
"CTE – Agricultural Education","2026-07-23",NA,"Jordan","https://apps.opi.mt.gov/mtjobsforteachers/frmJobListingPublic.aspx","Jordan","2026-08-07"
"School Counseling","2026-07-22",NA,"Harlem","https://apps.opi.mt.gov/mtjobsforteachers/frmJobListingPublic.aspx","Harlem","2026-08-07"
"Nurse","2026-07-22",NA,"Harlem","https://apps.opi.mt.gov/mtjobsforteachers/frmJobListingPublic.aspx","Harlem","2026-08-07"
"CTE – Family and Consumer Sciences","2026-07-22",NA,"Jordan","https://apps.opi.mt.gov/mtjobsforteachers/frmJobListingPublic.aspx","Jordan","2026-08-07"
"Elementary Curriculum","2026-07-22",NA,"Jordan","https://apps.opi.mt.gov/mtjobsforteachers/frmJobListingPublic.aspx","Jordan","2026-08-07"
"Elementary Curriculum","2026-07-21",NA,"Box Elder","https://apps.opi.mt.gov/mtjobsforteachers/frmJobListingPublic.aspx","Box Elder","2026-08-07"
"Elementary Curriculum","2026-07-21",NA,"Box Elder","https://apps.opi.mt.gov/mtjobsforteachers/frmJobListingPublic.aspx","Box Elder","2026-08-07"
"Elementary Curriculum","2026-07-21",NA,"Box Elder","https://apps.opi.mt.gov/mtjobsforteachers/frmJobListingPublic.aspx","Box Elder","2026-08-07"
"Mathematics","2026-07-21",NA,"Box Elder","https://apps.opi.mt.gov/mtjobsforteachers/frmJobListingPublic.aspx","Box Elder","2026-08-07"
"Paraprofessional - Special Education","2026-07-21",NA,"Bigfork","https://apps.opi.mt.gov/mtjobsforteachers/frmJobListingPublic.aspx","Bigfork","2026-08-07"
"Paraprofessional - Special Education","2026-07-21",NA,"Bigfork","https://apps.opi.mt.gov/mtjobsforteachers/frmJobListingPublic.aspx","Bigfork","2026-08-07"
"Other","2026-07-21",NA,"Bigfork","https://apps.opi.mt.gov/mtjobsforteachers/frmJobListingPublic.aspx","Bigfork","2026-08-07"
"Physical Ed","2026-07-20",NA,"Frenchtown","https://apps.opi.mt.gov/mtjobsforteachers/frmJobListingPublic.aspx","Frenchtown","2026-08-07"
"Elementary Curriculum","2026-07-16",NA,"Stanford, MT","https://apps.opi.mt.gov/mtjobsforteachers/frmJobListingPublic.aspx","Stanford, MT","2026-08-07"
"Library","2026-07-15",NA,"Canyon Creek and Wolf Creek","https://apps.opi.mt.gov/mtjobsforteachers/frmJobListingPublic.aspx","Canyon Creek and Wolf Creek","2026-08-07"
"Elementary Curriculum","2026-07-14",NA,"Anaconda","https://apps.opi.mt.gov/mtjobsforteachers/frmJobListingPublic.aspx","Anaconda","2026-08-07"
"Special Education","2026-07-14",NA,"Anaconda","https://apps.opi.mt.gov/mtjobsforteachers/frmJobListingPublic.aspx","Anaconda","2026-08-07"
"Paraprofessional - Special Education","2026-07-14",NA,"Swan River in Bigfork","https://apps.opi.mt.gov/mtjobsforteachers/frmJobListingPublic.aspx","Swan River in Bigfork","2026-08-07"
"Elementary Curriculum","2026-07-14",NA,"Clancy, MT","https://apps.opi.mt.gov/mtjobsforteachers/frmJobListingPublic.aspx","Clancy, MT","2026-08-07"
"Administrative - Principal","2026-07-13",NA,"Box Elder","https://apps.opi.mt.gov/mtjobsforteachers/frmJobListingPublic.aspx","Box Elder","2026-08-07"
"Elementary Curriculum","2026-07-08",NA,"Three Forks","https://apps.opi.mt.gov/mtjobsforteachers/frmJobListingPublic.aspx","Three Forks","2026-08-07"
"Special Education","2026-07-08",NA,"Broadview","https://apps.opi.mt.gov/mtjobsforteachers/frmJobListingPublic.aspx","Broadview","2026-08-07"
"Administrative - Other","2026-07-08",NA,"Broadview","https://apps.opi.mt.gov/mtjobsforteachers/frmJobListingPublic.aspx","Broadview","2026-08-07"
"Elementary Curriculum","2026-07-07",NA,"Drummond","https://apps.opi.mt.gov/mtjobsforteachers/frmJobListingPublic.aspx","Drummond","2026-08-07"
"Elementary Curriculum","2026-07-06",NA,"CHOTEAU","https://apps.opi.mt.gov/mtjobsforteachers/frmJobListingPublic.aspx","CHOTEAU","2026-08-07"
"Elementary Curriculum","2026-07-06",NA,"Clancy, MT","https://apps.opi.mt.gov/mtjobsforteachers/frmJobListingPublic.aspx","Clancy, MT","2026-08-07"
"Physical Ed","2026-07-01",NA,"Wolf Point, MT","https://apps.opi.mt.gov/mtjobsforteachers/frmJobListingPublic.aspx","Wolf Point, MT","2026-08-07"
"Social Studies (Broadfield)","2026-07-01",NA,"Wolf Point","https://apps.opi.mt.gov/mtjobsforteachers/frmJobListingPublic.aspx","Wolf Point","2026-08-07"
"Elementary Curriculum","2026-07-01",NA,"CARDWELL","https://apps.opi.mt.gov/mtjobsforteachers/frmJobListingPublic.aspx","CARDWELL","2026-08-07"
"Elementary Curriculum","2026-07-01",NA,"Sunburst","https://apps.opi.mt.gov/mtjobsforteachers/frmJobListingPublic.aspx","Sunburst","2026-08-07"
"Elementary Curriculum","2026-07-01",NA,"Wyola","https://apps.opi.mt.gov/mtjobsforteachers/frmJobListingPublic.aspx","Wyola","2026-08-07"
"Art","2026-06-29",NA,"Ashland","https://apps.opi.mt.gov/mtjobsforteachers/frmJobListingPublic.aspx","Ashland","2026-08-07"
"Administrative - Other","2026-06-29",NA,"Ashland","https://apps.opi.mt.gov/mtjobsforteachers/frmJobListingPublic.aspx","Ashland","2026-08-07"
"Mathematics","2026-06-29",NA,"Ashland","https://apps.opi.mt.gov/mtjobsforteachers/frmJobListingPublic.aspx","Ashland","2026-08-07"
"Administrative - Other","2026-06-29",NA,"Ashland","https://apps.opi.mt.gov/mtjobsforteachers/frmJobListingPublic.aspx","Ashland","2026-08-07"
"Administrative - Other","2026-06-29",NA,"Ashland","https://apps.opi.mt.gov/mtjobsforteachers/frmJobListingPublic.aspx","Ashland","2026-08-07"
"Administrative - Other","2026-06-29",NA,"Ashland","https://apps.opi.mt.gov/mtjobsforteachers/frmJobListingPublic.aspx","Ashland","2026-08-07"
"Elementary Curriculum","2026-06-29",NA,"Conrad","https://apps.opi.mt.gov/mtjobsforteachers/frmJobListingPublic.aspx","Conrad","2026-08-07"
"School Counseling","2026-06-29",NA,"BUSBY, MT","https://apps.opi.mt.gov/mtjobsforteachers/frmJobListingPublic.aspx","BUSBY, MT","2026-08-07"
"Elementary Curriculum","2026-06-29",NA,"BUSBY","https://apps.opi.mt.gov/mtjobsforteachers/frmJobListingPublic.aspx","BUSBY","2026-08-07"
"Special Education","2026-06-29",NA,"BUSBY","https://apps.opi.mt.gov/mtjobsforteachers/frmJobListingPublic.aspx","BUSBY","2026-08-07"
"History","2026-06-29",NA,"BUSBY","https://apps.opi.mt.gov/mtjobsforteachers/frmJobListingPublic.aspx","BUSBY","2026-08-07"
"CTE – Business and Marketing Education","2026-06-29",NA,"BUSBY","https://apps.opi.mt.gov/mtjobsforteachers/frmJobListingPublic.aspx","BUSBY","2026-08-07"
"Library","2026-06-29",NA,"BUSBY","https://apps.opi.mt.gov/mtjobsforteachers/frmJobListingPublic.aspx","BUSBY","2026-08-07"
"Other","2026-06-29",NA,"BUSBY, MT","https://apps.opi.mt.gov/mtjobsforteachers/frmJobListingPublic.aspx","BUSBY, MT","2026-08-07"
"Reading","2026-06-25",NA,"Corvallis","https://apps.opi.mt.gov/mtjobsforteachers/frmJobListingPublic.aspx","Corvallis","2026-08-07"
"School Counseling","2026-06-25",NA,"Corvallis","https://apps.opi.mt.gov/mtjobsforteachers/frmJobListingPublic.aspx","Corvallis","2026-08-07"
"Special Education","2026-06-25",NA,"Broadview, MT","https://apps.opi.mt.gov/mtjobsforteachers/frmJobListingPublic.aspx","Broadview, MT","2026-08-07"
"Library","2026-06-24",NA,"Wolf Point","https://apps.opi.mt.gov/mtjobsforteachers/frmJobListingPublic.aspx","Wolf Point","2026-08-07"
"Music","2026-06-24",NA,"Wolf Point","https://apps.opi.mt.gov/mtjobsforteachers/frmJobListingPublic.aspx","Wolf Point","2026-08-07"
"Elementary Curriculum","2026-06-24",NA,"Wolf Point","https://apps.opi.mt.gov/mtjobsforteachers/frmJobListingPublic.aspx","Wolf Point","2026-08-07"
"CTE – Family and Consumer Sciences","2026-06-24",NA,"Choteau","https://apps.opi.mt.gov/mtjobsforteachers/frmJobListingPublic.aspx","Choteau","2026-08-07"
"CTE – Agricultural Education","2026-06-22",NA,"Sand Coulee","https://apps.opi.mt.gov/mtjobsforteachers/frmJobListingPublic.aspx","Sand Coulee","2026-08-07"
"CTE – Industrial Technology Education","2026-06-22",NA,"Sand Coulee","https://apps.opi.mt.gov/mtjobsforteachers/frmJobListingPublic.aspx","Sand Coulee","2026-08-07"
"Elementary Curriculum","2026-06-22",NA,"Ulm","https://apps.opi.mt.gov/mtjobsforteachers/frmJobListingPublic.aspx","Ulm","2026-08-07"
"Library","2026-06-22",NA,"Power","https://apps.opi.mt.gov/mtjobsforteachers/frmJobListingPublic.aspx","Power","2026-08-07"
"Elementary Curriculum","2026-06-21",NA,"5 miles West of Stanford","https://apps.opi.mt.gov/mtjobsforteachers/frmJobListingPublic.aspx","5 miles West of Stanford","2026-08-07"
"Social Studies (Broadfield)","2026-06-19",NA,"Belfry","https://apps.opi.mt.gov/mtjobsforteachers/frmJobListingPublic.aspx","Belfry","2026-08-07"
"Other","2026-06-19",NA,"Miles City, MT","https://apps.opi.mt.gov/mtjobsforteachers/frmJobListingPublic.aspx","Miles City, MT","2026-08-07"
"Special Education","2026-06-19",NA,"Conrad","https://apps.opi.mt.gov/mtjobsforteachers/frmJobListingPublic.aspx","Conrad","2026-08-07"
"Elementary Curriculum","2026-06-18",NA,"Miles City MT","https://apps.opi.mt.gov/mtjobsforteachers/frmJobListingPublic.aspx","Miles City MT","2026-08-07"
"Music","2026-06-17",NA,"Custer","https://apps.opi.mt.gov/mtjobsforteachers/frmJobListingPublic.aspx","Custer","2026-08-07"
"Elementary Curriculum","2026-06-17",NA,"Custer","https://apps.opi.mt.gov/mtjobsforteachers/frmJobListingPublic.aspx","Custer","2026-08-07"
"CTE – Agricultural Education","2026-06-17",NA,"Custer","https://apps.opi.mt.gov/mtjobsforteachers/frmJobListingPublic.aspx","Custer","2026-08-07"
"Physical Ed","2026-06-17",NA,"Custer","https://apps.opi.mt.gov/mtjobsforteachers/frmJobListingPublic.aspx","Custer","2026-08-07"
"History","2026-06-17",NA,"Big Timber, MT","https://apps.opi.mt.gov/mtjobsforteachers/frmJobListingPublic.aspx","Big Timber, MT","2026-08-07"
"Special Education","2026-06-17",NA,"Big Timber, MT","https://apps.opi.mt.gov/mtjobsforteachers/frmJobListingPublic.aspx","Big Timber, MT","2026-08-07"
"Music","2026-06-17",NA,"Livingston","https://apps.opi.mt.gov/mtjobsforteachers/frmJobListingPublic.aspx","Livingston","2026-08-07"
"Other","2026-06-17",NA,"Livingston","https://apps.opi.mt.gov/mtjobsforteachers/frmJobListingPublic.aspx","Livingston","2026-08-07"
"Other","2026-06-17",NA,"Livingston","https://apps.opi.mt.gov/mtjobsforteachers/frmJobListingPublic.aspx","Livingston","2026-08-07"
"Administrative - Superintendent","2026-06-16",NA,"Froid MT","https://apps.opi.mt.gov/mtjobsforteachers/frmJobListingPublic.aspx","Froid MT","2026-08-07"
"World Languages","2026-06-16",NA,"Saint Ignatius- Salish Teacher","https://apps.opi.mt.gov/mtjobsforteachers/frmJobListingPublic.aspx","Saint Ignatius- Salish Teacher","2026-08-07"
"Music","2026-06-16",NA,"Absarokee","https://apps.opi.mt.gov/mtjobsforteachers/frmJobListingPublic.aspx","Absarokee","2026-08-07"
"School Counseling","2026-06-16",NA,"Livingston","https://apps.opi.mt.gov/mtjobsforteachers/frmJobListingPublic.aspx","Livingston","2026-08-07"
"Elementary Curriculum","2026-06-15",NA,"Conrad","https://apps.opi.mt.gov/mtjobsforteachers/frmJobListingPublic.aspx","Conrad","2026-08-07"
"Mathematics","2026-06-15",NA,"Livingston","https://apps.opi.mt.gov/mtjobsforteachers/frmJobListingPublic.aspx","Livingston","2026-08-07"
"Science (Broadfield)","2026-06-12",NA,"Wolf Point","https://apps.opi.mt.gov/mtjobsforteachers/frmJobListingPublic.aspx","Wolf Point","2026-08-07"
"Elementary Curriculum","2026-06-12",NA,"Frenchtown","https://apps.opi.mt.gov/mtjobsforteachers/frmJobListingPublic.aspx","Frenchtown","2026-08-07"
"Elementary Curriculum","2026-06-12",NA,"Miles City MT","https://apps.opi.mt.gov/mtjobsforteachers/frmJobListingPublic.aspx","Miles City MT","2026-08-07"
"Music","2026-06-11",NA,"Park City","https://apps.opi.mt.gov/mtjobsforteachers/frmJobListingPublic.aspx","Park City","2026-08-07"
"Administrative - Principal","2026-06-11",NA,"BUSBY","https://apps.opi.mt.gov/mtjobsforteachers/frmJobListingPublic.aspx","BUSBY","2026-08-07"
"CTE – Family and Consumer Sciences","2026-06-10",NA,"Hays","https://apps.opi.mt.gov/mtjobsforteachers/frmJobListingPublic.aspx","Hays","2026-08-07"
"Computer Science","2026-06-10",NA,"Forsyth","https://apps.opi.mt.gov/mtjobsforteachers/frmJobListingPublic.aspx","Forsyth","2026-08-07"
"Physical Ed","2026-06-10",NA,"Lima","https://apps.opi.mt.gov/mtjobsforteachers/frmJobListingPublic.aspx","Lima","2026-08-07"
"Mathematics","2026-06-10",NA,"Lima","https://apps.opi.mt.gov/mtjobsforteachers/frmJobListingPublic.aspx","Lima","2026-08-07"
"English","2026-06-10",NA,"Lima","https://apps.opi.mt.gov/mtjobsforteachers/frmJobListingPublic.aspx","Lima","2026-08-07"
"Paraprofessional - Special Education","2026-06-10",NA,"Lima","https://apps.opi.mt.gov/mtjobsforteachers/frmJobListingPublic.aspx","Lima","2026-08-07"
"Special Education","2026-06-10",NA,"Three Forks","https://apps.opi.mt.gov/mtjobsforteachers/frmJobListingPublic.aspx","Three Forks","2026-08-07"
"Elementary Curriculum","2026-06-10",NA,"Lodge Grass","https://apps.opi.mt.gov/mtjobsforteachers/frmJobListingPublic.aspx","Lodge Grass","2026-08-07"
"CTE – Business and Marketing Education","2026-06-10",NA,"Lodge Grass","https://apps.opi.mt.gov/mtjobsforteachers/frmJobListingPublic.aspx","Lodge Grass","2026-08-07"
"Special Education","2026-06-09",NA,"Clyde Park","https://apps.opi.mt.gov/mtjobsforteachers/frmJobListingPublic.aspx","Clyde Park","2026-08-07"
"Elementary Curriculum","2026-06-09",NA,"Wilsall","https://apps.opi.mt.gov/mtjobsforteachers/frmJobListingPublic.aspx","Wilsall","2026-08-07"
"Elementary Curriculum","2026-06-09",NA,"Rosebud","https://apps.opi.mt.gov/mtjobsforteachers/frmJobListingPublic.aspx","Rosebud","2026-08-07"
"Elementary Curriculum","2026-06-09",NA,"Geraldine","https://apps.opi.mt.gov/mtjobsforteachers/frmJobListingPublic.aspx","Geraldine","2026-08-07"
"Elementary Curriculum","2026-06-08",NA,"White Sulphur Springs","https://apps.opi.mt.gov/mtjobsforteachers/frmJobListingPublic.aspx","White Sulphur Springs","2026-08-07"
"Social Studies (Broadfield)","2026-06-08",NA,"Belfry","https://apps.opi.mt.gov/mtjobsforteachers/frmJobListingPublic.aspx","Belfry","2026-08-07"
"Art","2026-06-08",NA,"Park City","https://apps.opi.mt.gov/mtjobsforteachers/frmJobListingPublic.aspx","Park City","2026-08-07"
"Elementary Curriculum","2026-06-08",NA,"Livingston","https://apps.opi.mt.gov/mtjobsforteachers/frmJobListingPublic.aspx","Livingston","2026-08-07"
"Music","2026-06-07",NA,"Westby","https://apps.opi.mt.gov/mtjobsforteachers/frmJobListingPublic.aspx","Westby","2026-08-07"
"Elementary Curriculum","2026-06-07",NA,"Westby","https://apps.opi.mt.gov/mtjobsforteachers/frmJobListingPublic.aspx","Westby","2026-08-07"
"Social Studies (Broadfield)","2026-06-07",NA,"Westby","https://apps.opi.mt.gov/mtjobsforteachers/frmJobListingPublic.aspx","Westby","2026-08-07"
"Paraprofessional - Special Education","2026-06-05",NA,"Clancy, MT","https://apps.opi.mt.gov/mtjobsforteachers/frmJobListingPublic.aspx","Clancy, MT","2026-08-07"
"Special Education","2026-06-04",NA,"Rudyard/Gildford","https://apps.opi.mt.gov/mtjobsforteachers/frmJobListingPublic.aspx","Rudyard/Gildford","2026-08-07"
"CTE – Family and Consumer Sciences","2026-06-04",NA,"Rudyard/Gildford","https://apps.opi.mt.gov/mtjobsforteachers/frmJobListingPublic.aspx","Rudyard/Gildford","2026-08-07"
"Music","2026-06-04",NA,"RUDYARD","https://apps.opi.mt.gov/mtjobsforteachers/frmJobListingPublic.aspx","RUDYARD","2026-08-07"
"Library","2026-06-03",NA,"841 Bear Canyon Road","https://apps.opi.mt.gov/mtjobsforteachers/frmJobListingPublic.aspx","841 Bear Canyon Road","2026-08-07"
"Elementary Curriculum","2026-06-03",NA,"Livingston","https://apps.opi.mt.gov/mtjobsforteachers/frmJobListingPublic.aspx","Livingston","2026-08-07"
"Elementary Curriculum","2026-06-02",NA,"Condon","https://apps.opi.mt.gov/mtjobsforteachers/frmJobListingPublic.aspx","Condon","2026-08-07"
"Elementary Curriculum","2026-06-02",NA,"Superior, Montana","https://apps.opi.mt.gov/mtjobsforteachers/frmJobListingPublic.aspx","Superior, Montana","2026-08-07"
"Elementary Curriculum","2026-06-02",NA,"Condon","https://apps.opi.mt.gov/mtjobsforteachers/frmJobListingPublic.aspx","Condon","2026-08-07"
"Elementary Curriculum","2026-06-01",NA,"Wolf Point","https://apps.opi.mt.gov/mtjobsforteachers/frmJobListingPublic.aspx","Wolf Point","2026-08-07"
"Music","2026-06-01",NA,"Terry","https://apps.opi.mt.gov/mtjobsforteachers/frmJobListingPublic.aspx","Terry","2026-08-07"
"Elementary Curriculum","2026-06-01",NA,"Geraldine","https://apps.opi.mt.gov/mtjobsforteachers/frmJobListingPublic.aspx","Geraldine","2026-08-07"
"Elementary Curriculum","2026-06-01",NA,"Seeley Lake","https://apps.opi.mt.gov/mtjobsforteachers/frmJobListingPublic.aspx","Seeley Lake","2026-08-07"
"Special Education","2026-05-29",NA,"Cascade","https://apps.opi.mt.gov/mtjobsforteachers/frmJobListingPublic.aspx","Cascade","2026-08-07"
"Mathematics","2026-05-29",NA,"Cascade","https://apps.opi.mt.gov/mtjobsforteachers/frmJobListingPublic.aspx","Cascade","2026-08-07"
"Science (Broadfield)","2026-05-29",NA,"Cascade","https://apps.opi.mt.gov/mtjobsforteachers/frmJobListingPublic.aspx","Cascade","2026-08-07"
"Administrative - Superintendent","2026-05-29",NA,"Wyola","https://apps.opi.mt.gov/mtjobsforteachers/frmJobListingPublic.aspx","Wyola","2026-08-07"
"Administrative - Other","2026-05-29",NA,"Roy, Montana","https://apps.opi.mt.gov/mtjobsforteachers/frmJobListingPublic.aspx","Roy, Montana","2026-08-07"
"Paraprofessional - Instructional","2026-05-28",NA,"Vida","https://apps.opi.mt.gov/mtjobsforteachers/frmJobListingPublic.aspx","Vida","2026-08-07"
"Art","2026-05-28",NA,"Hays","https://apps.opi.mt.gov/mtjobsforteachers/frmJobListingPublic.aspx","Hays","2026-08-07"
"Elementary Curriculum","2026-05-28",NA,"Vida","https://apps.opi.mt.gov/mtjobsforteachers/frmJobListingPublic.aspx","Vida","2026-08-07"
"Administrative - Principal","2026-05-28",NA,"Miles City, MT","https://apps.opi.mt.gov/mtjobsforteachers/frmJobListingPublic.aspx","Miles City, MT","2026-08-07"
"Elementary Curriculum","2026-05-28",NA,"Troy","https://apps.opi.mt.gov/mtjobsforteachers/frmJobListingPublic.aspx","Troy","2026-08-07"
"Special Education","2026-05-28",NA,"Vida","https://apps.opi.mt.gov/mtjobsforteachers/frmJobListingPublic.aspx","Vida","2026-08-07"
"Music","2026-05-28",NA,"Seeley Lake","https://apps.opi.mt.gov/mtjobsforteachers/frmJobListingPublic.aspx","Seeley Lake","2026-08-07"
"CTE – Family and Consumer Sciences","2026-05-27",NA,"Drummond","https://apps.opi.mt.gov/mtjobsforteachers/frmJobListingPublic.aspx","Drummond","2026-08-07"
"Library","2026-05-27",NA,"Drummond","https://apps.opi.mt.gov/mtjobsforteachers/frmJobListingPublic.aspx","Drummond","2026-08-07"
"CTE – Family and Consumer Sciences","2026-05-27",NA,"Drummond","https://apps.opi.mt.gov/mtjobsforteachers/frmJobListingPublic.aspx","Drummond","2026-08-07"
"Library","2026-05-27",NA,"Drummond","https://apps.opi.mt.gov/mtjobsforteachers/frmJobListingPublic.aspx","Drummond","2026-08-07"
"Art","2026-05-27",NA,"Clyde Park","https://apps.opi.mt.gov/mtjobsforteachers/frmJobListingPublic.aspx","Clyde Park","2026-08-07"
"Elementary Curriculum","2026-05-27",NA,"Geraldine","https://apps.opi.mt.gov/mtjobsforteachers/frmJobListingPublic.aspx","Geraldine","2026-08-07"
"Administrative - Other","2026-05-27",NA,"Hall","https://apps.opi.mt.gov/mtjobsforteachers/frmJobListingPublic.aspx","Hall","2026-08-07"
"Administrative - Other","2026-05-27",NA,"Hall","https://apps.opi.mt.gov/mtjobsforteachers/frmJobListingPublic.aspx","Hall","2026-08-07"
"Mathematics","2026-05-26",NA,"Boulder","https://apps.opi.mt.gov/mtjobsforteachers/frmJobListingPublic.aspx","Boulder","2026-08-07"
"Coach","2026-05-26",NA,"Boulder","https://apps.opi.mt.gov/mtjobsforteachers/frmJobListingPublic.aspx","Boulder","2026-08-07"
"Coach","2026-05-26",NA,"Boulder","https://apps.opi.mt.gov/mtjobsforteachers/frmJobListingPublic.aspx","Boulder","2026-08-07"
"Special Education","2026-05-26",NA,"Deer Lodge","https://apps.opi.mt.gov/mtjobsforteachers/frmJobListingPublic.aspx","Deer Lodge","2026-08-07"
"Social Studies (Broadfield)","2026-05-26",NA,"Belfry","https://apps.opi.mt.gov/mtjobsforteachers/frmJobListingPublic.aspx","Belfry","2026-08-07"
"Mathematics","2026-05-26",NA,"Highwood","https://apps.opi.mt.gov/mtjobsforteachers/frmJobListingPublic.aspx","Highwood","2026-08-07"
"Special Education","2026-05-26",NA,"Broadus","https://apps.opi.mt.gov/mtjobsforteachers/frmJobListingPublic.aspx","Broadus","2026-08-07"
"Elementary Curriculum","2026-05-22",NA,"Mosby","https://apps.opi.mt.gov/mtjobsforteachers/frmJobListingPublic.aspx","Mosby","2026-08-07"
"Administrative - Other","2026-05-21",NA,"Shelby","https://apps.opi.mt.gov/mtjobsforteachers/frmJobListingPublic.aspx","Shelby","2026-08-07"
"Elementary Curriculum","2026-05-21",NA,"Gardiner","https://apps.opi.mt.gov/mtjobsforteachers/frmJobListingPublic.aspx","Gardiner","2026-08-07"
"Library","2026-05-20",NA,"Broadview","https://apps.opi.mt.gov/mtjobsforteachers/frmJobListingPublic.aspx","Broadview","2026-08-07"
"Elementary Curriculum","2026-05-20",NA,"Townsend","https://apps.opi.mt.gov/mtjobsforteachers/frmJobListingPublic.aspx","Townsend","2026-08-07"
"Elementary Curriculum","2026-05-20",NA,"Broadview","https://apps.opi.mt.gov/mtjobsforteachers/frmJobListingPublic.aspx","Broadview","2026-08-07"
"Elementary Curriculum","2026-05-20",NA,"Broadview","https://apps.opi.mt.gov/mtjobsforteachers/frmJobListingPublic.aspx","Broadview","2026-08-07"
"Elementary Curriculum","2026-05-20",NA,"Townsend","https://apps.opi.mt.gov/mtjobsforteachers/frmJobListingPublic.aspx","Townsend","2026-08-07"
"Music","2026-05-20",NA,"Simms","https://apps.opi.mt.gov/mtjobsforteachers/frmJobListingPublic.aspx","Simms","2026-08-07"
"Administrative - Principal","2026-05-20",NA,"Deer Lodge","https://apps.opi.mt.gov/mtjobsforteachers/frmJobListingPublic.aspx","Deer Lodge","2026-08-07"
"English","2026-05-20",NA,"Box Elder","https://apps.opi.mt.gov/mtjobsforteachers/frmJobListingPublic.aspx","Box Elder","2026-08-07"
"Elementary Curriculum","2026-05-20",NA,"Box Elder","https://apps.opi.mt.gov/mtjobsforteachers/frmJobListingPublic.aspx","Box Elder","2026-08-07"
"Mathematics","2026-05-19",NA,"Chester Montana","https://apps.opi.mt.gov/mtjobsforteachers/frmJobListingPublic.aspx","Chester Montana","2026-08-07"
"Elementary Curriculum","2026-05-19",NA,"Seeley Lake","https://apps.opi.mt.gov/mtjobsforteachers/frmJobListingPublic.aspx","Seeley Lake","2026-08-07"
"Physical Therapist","2026-05-19",NA,"Eureka","https://apps.opi.mt.gov/mtjobsforteachers/frmJobListingPublic.aspx","Eureka","2026-08-07"
"Elementary Curriculum","2026-05-19",NA,"Lincoln, Montana","https://apps.opi.mt.gov/mtjobsforteachers/frmJobListingPublic.aspx","Lincoln, Montana","2026-08-07"
"Physical Ed","2026-05-19",NA,"Frazer","https://apps.opi.mt.gov/mtjobsforteachers/frmJobListingPublic.aspx","Frazer","2026-08-07"
"Elementary Curriculum","2026-05-19",NA,"Ryegate","https://apps.opi.mt.gov/mtjobsforteachers/frmJobListingPublic.aspx","Ryegate","2026-08-07"
"Administrative - Principal","2026-05-19",NA,"Pryor","https://apps.opi.mt.gov/mtjobsforteachers/frmJobListingPublic.aspx","Pryor","2026-08-07"
"Special Education","2026-05-19",NA,"Pryor, MT","https://apps.opi.mt.gov/mtjobsforteachers/frmJobListingPublic.aspx","Pryor, MT","2026-08-07"
"Art","2026-05-18",NA,"Darby Montana","https://apps.opi.mt.gov/mtjobsforteachers/frmJobListingPublic.aspx","Darby Montana","2026-08-07"
"Elementary Curriculum","2026-05-18",NA,"Cut Bank","https://apps.opi.mt.gov/mtjobsforteachers/frmJobListingPublic.aspx","Cut Bank","2026-08-07"
"Special Education","2026-05-18",NA,"Cut Bank","https://apps.opi.mt.gov/mtjobsforteachers/frmJobListingPublic.aspx","Cut Bank","2026-08-07"
"Elementary Curriculum","2026-05-18",NA,"Thompson Falls","https://apps.opi.mt.gov/mtjobsforteachers/frmJobListingPublic.aspx","Thompson Falls","2026-08-07"
"Music","2026-05-18",NA,"Saint Ignatius","https://apps.opi.mt.gov/mtjobsforteachers/frmJobListingPublic.aspx","Saint Ignatius","2026-08-07"
"Elementary Curriculum","2026-05-18",NA,"Geraldine","https://apps.opi.mt.gov/mtjobsforteachers/frmJobListingPublic.aspx","Geraldine","2026-08-07"
"Science (Broadfield)","2026-05-18",NA,"Gallatin Gateway","https://apps.opi.mt.gov/mtjobsforteachers/frmJobListingPublic.aspx","Gallatin Gateway","2026-08-07"
"Mathematics","2026-05-15",NA,"Plevna, Montana","https://apps.opi.mt.gov/mtjobsforteachers/frmJobListingPublic.aspx","Plevna, Montana","2026-08-07"
"Paraprofessional - Instructional","2026-05-15",NA,"Condon","https://apps.opi.mt.gov/mtjobsforteachers/frmJobListingPublic.aspx","Condon","2026-08-07"
"School Counseling","2026-05-15",NA,"Livingston","https://apps.opi.mt.gov/mtjobsforteachers/frmJobListingPublic.aspx","Livingston","2026-08-07"
"Special Education","2026-05-15",NA,"Condon","https://apps.opi.mt.gov/mtjobsforteachers/frmJobListingPublic.aspx","Condon","2026-08-07"
"Science (Broadfield)","2026-05-15",NA,"Plevna, Montana","https://apps.opi.mt.gov/mtjobsforteachers/frmJobListingPublic.aspx","Plevna, Montana","2026-08-07"
"CTE – Industrial Technology Education","2026-05-14",NA,"Rudyard/Gildford","https://apps.opi.mt.gov/mtjobsforteachers/frmJobListingPublic.aspx","Rudyard/Gildford","2026-08-07"
"CTE – Agricultural Education","2026-05-14",NA,"Miles City MT","https://apps.opi.mt.gov/mtjobsforteachers/frmJobListingPublic.aspx","Miles City MT","2026-08-07"
"Mathematics","2026-05-13",NA,"Sheridan, MT","https://apps.opi.mt.gov/mtjobsforteachers/frmJobListingPublic.aspx","Sheridan, MT","2026-08-07"
"Elementary Curriculum","2026-05-13",NA,"Geraldine","https://apps.opi.mt.gov/mtjobsforteachers/frmJobListingPublic.aspx","Geraldine","2026-08-07"
"Other","2026-05-13",NA,"Clancy/Mt City","https://apps.opi.mt.gov/mtjobsforteachers/frmJobListingPublic.aspx","Clancy/Mt City","2026-08-07"
"Special Education","2026-05-13",NA,"WIBAUX","https://apps.opi.mt.gov/mtjobsforteachers/frmJobListingPublic.aspx","WIBAUX","2026-08-07"
"CTE – Agricultural Education","2026-05-12",NA,"Hobson","https://apps.opi.mt.gov/mtjobsforteachers/frmJobListingPublic.aspx","Hobson","2026-08-07"
"Elementary Curriculum","2026-05-12",NA,"Judith Gap","https://apps.opi.mt.gov/mtjobsforteachers/frmJobListingPublic.aspx","Judith Gap","2026-08-07"
"Library","2026-05-11",NA,"Wilsall","https://apps.opi.mt.gov/mtjobsforteachers/frmJobListingPublic.aspx","Wilsall","2026-08-07"
"Elementary Curriculum","2026-05-11",NA,"Geraldine","https://apps.opi.mt.gov/mtjobsforteachers/frmJobListingPublic.aspx","Geraldine","2026-08-07"
"Social Studies (Broadfield)","2026-05-11",NA,"Belfry","https://apps.opi.mt.gov/mtjobsforteachers/frmJobListingPublic.aspx","Belfry","2026-08-07"
"Special Education","2026-05-11",NA,"Big Timber, MT","https://apps.opi.mt.gov/mtjobsforteachers/frmJobListingPublic.aspx","Big Timber, MT","2026-08-07"
"Elementary Curriculum","2026-05-09",NA,"4 miles north of Harlem","https://apps.opi.mt.gov/mtjobsforteachers/frmJobListingPublic.aspx","4 miles north of Harlem","2026-08-07"
"Paraprofessional - Instructional","2026-05-08",NA,"Montana City","https://apps.opi.mt.gov/mtjobsforteachers/frmJobListingPublic.aspx","Montana City","2026-08-07"
"Elementary Curriculum","2026-05-08",NA,"Geraldine","https://apps.opi.mt.gov/mtjobsforteachers/frmJobListingPublic.aspx","Geraldine","2026-08-07"
"CTE – Agricultural Education","2026-05-07",NA,"Ekalaka","https://apps.opi.mt.gov/mtjobsforteachers/frmJobListingPublic.aspx","Ekalaka","2026-08-07"
"Administrative - Principal","2026-05-06",NA,"Lodge Grass","https://apps.opi.mt.gov/mtjobsforteachers/frmJobListingPublic.aspx","Lodge Grass","2026-08-07"
"Elementary Curriculum","2026-05-06",NA,"Belt","https://apps.opi.mt.gov/mtjobsforteachers/frmJobListingPublic.aspx","Belt","2026-08-07"
"Science (Broadfield)","2026-05-05",NA,"Whitewater","https://apps.opi.mt.gov/mtjobsforteachers/frmJobListingPublic.aspx","Whitewater","2026-08-07"
"Elementary Curriculum","2026-05-05",NA,"Chester","https://apps.opi.mt.gov/mtjobsforteachers/frmJobListingPublic.aspx","Chester","2026-08-07"
"Physical Ed","2026-05-05",NA,"Lodge Grass","https://apps.opi.mt.gov/mtjobsforteachers/frmJobListingPublic.aspx","Lodge Grass","2026-08-07"
"Elementary Curriculum","2026-05-05",NA,"Judith Gap","https://apps.opi.mt.gov/mtjobsforteachers/frmJobListingPublic.aspx","Judith Gap","2026-08-07"
"Elementary Curriculum","2026-05-05",NA,"Geraldine","https://apps.opi.mt.gov/mtjobsforteachers/frmJobListingPublic.aspx","Geraldine","2026-08-07"
"Elementary Curriculum","2026-05-05",NA,"Reed Point","https://apps.opi.mt.gov/mtjobsforteachers/frmJobListingPublic.aspx","Reed Point","2026-08-07"
"Art","2026-05-05",NA,"Lodge Grass","https://apps.opi.mt.gov/mtjobsforteachers/frmJobListingPublic.aspx","Lodge Grass","2026-08-07"
"Art","2026-05-05",NA,"White Sulphur Springs","https://apps.opi.mt.gov/mtjobsforteachers/frmJobListingPublic.aspx","White Sulphur Springs","2026-08-07"
"Elementary Curriculum","2026-05-04",NA,"Fairfield, MT","https://apps.opi.mt.gov/mtjobsforteachers/frmJobListingPublic.aspx","Fairfield, MT","2026-08-07"
"Other","2026-05-04",NA,"Hays","https://apps.opi.mt.gov/mtjobsforteachers/frmJobListingPublic.aspx","Hays","2026-08-07"
"English","2026-05-04",NA,"Geyser","https://apps.opi.mt.gov/mtjobsforteachers/frmJobListingPublic.aspx","Geyser","2026-08-07"
"World Languages","2026-05-04",NA,"Big Sky","https://apps.opi.mt.gov/mtjobsforteachers/frmJobListingPublic.aspx","Big Sky","2026-08-07"
"Social Studies (Broadfield)","2026-05-01",NA,"Lodge Grass","https://apps.opi.mt.gov/mtjobsforteachers/frmJobListingPublic.aspx","Lodge Grass","2026-08-07"
"Paraprofessional - Instructional","2026-05-01",NA,"Lodge Grass","https://apps.opi.mt.gov/mtjobsforteachers/frmJobListingPublic.aspx","Lodge Grass","2026-08-07"
"Elementary Curriculum","2026-05-01",NA,"Geraldine","https://apps.opi.mt.gov/mtjobsforteachers/frmJobListingPublic.aspx","Geraldine","2026-08-07"
"Elementary Curriculum","2026-04-30",NA,"Browning, MT","https://apps.opi.mt.gov/mtjobsforteachers/frmJobListingPublic.aspx","Browning, MT","2026-08-07"
"English","2026-04-30",NA,"Browning, MT","https://apps.opi.mt.gov/mtjobsforteachers/frmJobListingPublic.aspx","Browning, MT","2026-08-07"
"Mathematics","2026-04-30",NA,"Browning","https://apps.opi.mt.gov/mtjobsforteachers/frmJobListingPublic.aspx","Browning","2026-08-07"
"Administrative - Principal","2026-04-30",NA,"Browning","https://apps.opi.mt.gov/mtjobsforteachers/frmJobListingPublic.aspx","Browning","2026-08-07"
"Special Education","2026-04-30",NA,"Browning","https://apps.opi.mt.gov/mtjobsforteachers/frmJobListingPublic.aspx","Browning","2026-08-07"
"Elementary Curriculum","2026-04-30",NA,"Judith Gap","https://apps.opi.mt.gov/mtjobsforteachers/frmJobListingPublic.aspx","Judith Gap","2026-08-07"
"Elementary Curriculum","2026-04-30",NA,"Absarokee","https://apps.opi.mt.gov/mtjobsforteachers/frmJobListingPublic.aspx","Absarokee","2026-08-07"
"CTE – Family and Consumer Sciences","2026-04-30",NA,"Absarokee","https://apps.opi.mt.gov/mtjobsforteachers/frmJobListingPublic.aspx","Absarokee","2026-08-07"
"Music","2026-04-30",NA,"Dutton","https://apps.opi.mt.gov/mtjobsforteachers/frmJobListingPublic.aspx","Dutton","2026-08-07"
"Music","2026-04-29",NA,"Nashua","https://apps.opi.mt.gov/mtjobsforteachers/frmJobListingPublic.aspx","Nashua","2026-08-07"
"Mathematics","2026-04-29",NA,"Lodge Grass, Montana","https://apps.opi.mt.gov/mtjobsforteachers/frmJobListingPublic.aspx","Lodge Grass, Montana","2026-08-07"
"Art","2026-04-29",NA,"Nashua","https://apps.opi.mt.gov/mtjobsforteachers/frmJobListingPublic.aspx","Nashua","2026-08-07"
"Library","2026-04-29",NA,"Nashua","https://apps.opi.mt.gov/mtjobsforteachers/frmJobListingPublic.aspx","Nashua","2026-08-07"
"Elementary Curriculum","2026-04-29",NA,"Judith Gap","https://apps.opi.mt.gov/mtjobsforteachers/frmJobListingPublic.aspx","Judith Gap","2026-08-07"
"Elementary Curriculum","2026-04-29",NA,"Judith Gap","https://apps.opi.mt.gov/mtjobsforteachers/frmJobListingPublic.aspx","Judith Gap","2026-08-07"
"Elementary Curriculum","2026-04-28",NA,"Lambert","https://apps.opi.mt.gov/mtjobsforteachers/frmJobListingPublic.aspx","Lambert","2026-08-07"
"CTE – Industrial Technology Education","2026-04-28",NA,"Frazer, MT","https://apps.opi.mt.gov/mtjobsforteachers/frmJobListingPublic.aspx","Frazer, MT","2026-08-07"
"Elementary Curriculum","2026-04-28",NA,"Broadus","https://apps.opi.mt.gov/mtjobsforteachers/frmJobListingPublic.aspx","Broadus","2026-08-07"
"CTE – Family and Consumer Sciences","2026-04-28",NA,"Broadus","https://apps.opi.mt.gov/mtjobsforteachers/frmJobListingPublic.aspx","Broadus","2026-08-07"
"Elementary Curriculum","2026-04-28",NA,"Shepherd","https://apps.opi.mt.gov/mtjobsforteachers/frmJobListingPublic.aspx","Shepherd","2026-08-07"
"Elementary Curriculum","2026-04-27",NA,"Medicine Lake","https://apps.opi.mt.gov/mtjobsforteachers/frmJobListingPublic.aspx","Medicine Lake","2026-08-07"
"Elementary Curriculum","2026-04-27",NA,"Judith Gap","https://apps.opi.mt.gov/mtjobsforteachers/frmJobListingPublic.aspx","Judith Gap","2026-08-07"
"Elementary Curriculum","2026-04-27",NA,"Geraldine","https://apps.opi.mt.gov/mtjobsforteachers/frmJobListingPublic.aspx","Geraldine","2026-08-07"
"Elementary Curriculum","2026-04-27",NA,"McLeod","https://apps.opi.mt.gov/mtjobsforteachers/frmJobListingPublic.aspx","McLeod","2026-08-07"
"Elementary Curriculum","2026-04-27",NA,"Melville","https://apps.opi.mt.gov/mtjobsforteachers/frmJobListingPublic.aspx","Melville","2026-08-07"
"Music","2026-04-27",NA,"Winifred, MT","https://apps.opi.mt.gov/mtjobsforteachers/frmJobListingPublic.aspx","Winifred, MT","2026-08-07"
"Special Education","2026-04-27",NA,"Winifred, MT","https://apps.opi.mt.gov/mtjobsforteachers/frmJobListingPublic.aspx","Winifred, MT","2026-08-07"
"Elementary Curriculum","2026-04-23",NA,"Reed Point","https://apps.opi.mt.gov/mtjobsforteachers/frmJobListingPublic.aspx","Reed Point","2026-08-07"
"School Counseling","2026-04-21",NA,"Hot Springs","https://apps.opi.mt.gov/mtjobsforteachers/frmJobListingPublic.aspx","Hot Springs","2026-08-07"
"Elementary Curriculum","2026-04-20",NA,"Northwest of Cut Bank, MT","https://apps.opi.mt.gov/mtjobsforteachers/frmJobListingPublic.aspx","Northwest of Cut Bank, MT","2026-08-07"
"Special Education","2026-04-20",NA,"WYOLA","https://apps.opi.mt.gov/mtjobsforteachers/frmJobListingPublic.aspx","WYOLA","2026-08-07"
"Social Studies (Broadfield)","2026-04-20",NA,"Bainville","https://apps.opi.mt.gov/mtjobsforteachers/frmJobListingPublic.aspx","Bainville","2026-08-07"
"Elementary Curriculum","2026-04-20",NA,"Geraldine","https://apps.opi.mt.gov/mtjobsforteachers/frmJobListingPublic.aspx","Geraldine","2026-08-07"
"CTE – Agricultural Education","2026-04-20",NA,"Reed Point","https://apps.opi.mt.gov/mtjobsforteachers/frmJobListingPublic.aspx","Reed Point","2026-08-07"
"Elementary Curriculum","2026-04-17",NA,"Fortine","https://apps.opi.mt.gov/mtjobsforteachers/frmJobListingPublic.aspx","Fortine","2026-08-07"
"Elementary Curriculum","2026-04-17",NA,"Harlowton District","https://apps.opi.mt.gov/mtjobsforteachers/frmJobListingPublic.aspx","Harlowton District","2026-08-07"
"Science (Broadfield)","2026-04-17",NA,"Shepherd","https://apps.opi.mt.gov/mtjobsforteachers/frmJobListingPublic.aspx","Shepherd","2026-08-07"
"Art","2026-04-17",NA,"Shepherd","https://apps.opi.mt.gov/mtjobsforteachers/frmJobListingPublic.aspx","Shepherd","2026-08-07"
"Music","2026-04-17",NA,"Shepherd","https://apps.opi.mt.gov/mtjobsforteachers/frmJobListingPublic.aspx","Shepherd","2026-08-07"
"Physical Ed","2026-04-16",NA,"Geyser, Montana","https://apps.opi.mt.gov/mtjobsforteachers/frmJobListingPublic.aspx","Geyser, Montana","2026-08-07"
"Elementary Curriculum","2026-04-16",NA,"Shelby","https://apps.opi.mt.gov/mtjobsforteachers/frmJobListingPublic.aspx","Shelby","2026-08-07"
"Elementary Curriculum","2026-04-16",NA,"RUDYARD","https://apps.opi.mt.gov/mtjobsforteachers/frmJobListingPublic.aspx","RUDYARD","2026-08-07"
"History","2026-04-16",NA,"Lima","https://apps.opi.mt.gov/mtjobsforteachers/frmJobListingPublic.aspx","Lima","2026-08-07"
"Elementary Curriculum","2026-04-16",NA,"Belfry","https://apps.opi.mt.gov/mtjobsforteachers/frmJobListingPublic.aspx","Belfry","2026-08-07"
"Music","2026-04-16",NA,"Malta","https://apps.opi.mt.gov/mtjobsforteachers/frmJobListingPublic.aspx","Malta","2026-08-07"
"Special Education","2026-04-16",NA,"Lima","https://apps.opi.mt.gov/mtjobsforteachers/frmJobListingPublic.aspx","Lima","2026-08-07"
"Administrative - Principal","2026-04-15",NA,"Philipsburg","https://apps.opi.mt.gov/mtjobsforteachers/frmJobListingPublic.aspx","Philipsburg","2026-08-07"
"Elementary Curriculum","2026-04-15",NA,"Philipsburg","https://apps.opi.mt.gov/mtjobsforteachers/frmJobListingPublic.aspx","Philipsburg","2026-08-07"
"Traffic Education","2026-04-15",NA,"Philipsburg","https://apps.opi.mt.gov/mtjobsforteachers/frmJobListingPublic.aspx","Philipsburg","2026-08-07"
"Elementary Curriculum","2026-04-15",NA,"Lavina","https://apps.opi.mt.gov/mtjobsforteachers/frmJobListingPublic.aspx","Lavina","2026-08-07"
"Music","2026-04-15",NA,"Frazer","https://apps.opi.mt.gov/mtjobsforteachers/frmJobListingPublic.aspx","Frazer","2026-08-07"
"Science (Broadfield)","2026-04-14",NA,"Westby","https://apps.opi.mt.gov/mtjobsforteachers/frmJobListingPublic.aspx","Westby","2026-08-07"
"Elementary Curriculum","2026-04-14",NA,"Westby","https://apps.opi.mt.gov/mtjobsforteachers/frmJobListingPublic.aspx","Westby","2026-08-07"
"Elementary Curriculum","2026-04-14",NA,"Wibaux","https://apps.opi.mt.gov/mtjobsforteachers/frmJobListingPublic.aspx","Wibaux","2026-08-07"
"CTE – Family and Consumer Sciences","2026-04-14",NA,"Wibaux","https://apps.opi.mt.gov/mtjobsforteachers/frmJobListingPublic.aspx","Wibaux","2026-08-07"
"CTE – Agricultural Education","2026-04-14",NA,"Wibaux","https://apps.opi.mt.gov/mtjobsforteachers/frmJobListingPublic.aspx","Wibaux","2026-08-07"
"School Psychologist","2026-04-14",NA,"Browning","https://apps.opi.mt.gov/mtjobsforteachers/frmJobListingPublic.aspx","Browning","2026-08-07"
"Social Studies (Broadfield)","2026-04-14",NA,"Westby","https://apps.opi.mt.gov/mtjobsforteachers/frmJobListingPublic.aspx","Westby","2026-08-07"
"Elementary Curriculum","2026-04-14",NA,"Geraldine","https://apps.opi.mt.gov/mtjobsforteachers/frmJobListingPublic.aspx","Geraldine","2026-08-07"
"Elementary Curriculum","2026-04-14",NA,"BRUSETT","https://apps.opi.mt.gov/mtjobsforteachers/frmJobListingPublic.aspx","BRUSETT","2026-08-07"
"Elementary Curriculum","2026-04-14",NA,"BRUSETT","https://apps.opi.mt.gov/mtjobsforteachers/frmJobListingPublic.aspx","BRUSETT","2026-08-07"
"Elementary Curriculum","2026-04-14",NA,"Geraldine","https://apps.opi.mt.gov/mtjobsforteachers/frmJobListingPublic.aspx","Geraldine","2026-08-07"
"Elementary Curriculum","2026-04-13",NA,"Conrad","https://apps.opi.mt.gov/mtjobsforteachers/frmJobListingPublic.aspx","Conrad","2026-08-07"
"Elementary Curriculum","2026-04-13",NA,"Absarokee","https://apps.opi.mt.gov/mtjobsforteachers/frmJobListingPublic.aspx","Absarokee","2026-08-07"
"CTE – Agricultural Education","2026-04-11",NA,"Gardiner","https://apps.opi.mt.gov/mtjobsforteachers/frmJobListingPublic.aspx","Gardiner","2026-08-07"
"CTE – Family and Consumer Sciences","2026-04-11",NA,"Gardiner","https://apps.opi.mt.gov/mtjobsforteachers/frmJobListingPublic.aspx","Gardiner","2026-08-07"
"Elementary Curriculum","2026-04-11",NA,"Gardiner","https://apps.opi.mt.gov/mtjobsforteachers/frmJobListingPublic.aspx","Gardiner","2026-08-07"
"Elementary Curriculum","2026-04-10",NA,"Geraldine","https://apps.opi.mt.gov/mtjobsforteachers/frmJobListingPublic.aspx","Geraldine","2026-08-07"
"Interpreter","2026-04-09",NA,"Townsend, MT","https://apps.opi.mt.gov/mtjobsforteachers/frmJobListingPublic.aspx","Townsend, MT","2026-08-07"
"Coach","2026-04-09",NA,"Boulder","https://apps.opi.mt.gov/mtjobsforteachers/frmJobListingPublic.aspx","Boulder","2026-08-07"
"CTE – Business and Marketing Education","2026-04-09",NA,"Hot Springs","https://apps.opi.mt.gov/mtjobsforteachers/frmJobListingPublic.aspx","Hot Springs","2026-08-07"
"Elementary Curriculum","2026-04-09",NA,"Hot Springs","https://apps.opi.mt.gov/mtjobsforteachers/frmJobListingPublic.aspx","Hot Springs","2026-08-07"
"CTE – Family and Consumer Sciences","2026-04-09",NA,"Hot Springs","https://apps.opi.mt.gov/mtjobsforteachers/frmJobListingPublic.aspx","Hot Springs","2026-08-07"
"Library","2026-04-09",NA,"Hot Springs","https://apps.opi.mt.gov/mtjobsforteachers/frmJobListingPublic.aspx","Hot Springs","2026-08-07"
"Special Education","2026-04-09",NA,"CORVALLIS","https://apps.opi.mt.gov/mtjobsforteachers/frmJobListingPublic.aspx","CORVALLIS","2026-08-07"
"Special Education","2026-04-09",NA,"Malta, MT","https://apps.opi.mt.gov/mtjobsforteachers/frmJobListingPublic.aspx","Malta, MT","2026-08-07"
"English","2026-04-08",NA,"Roy, Montana","https://apps.opi.mt.gov/mtjobsforteachers/frmJobListingPublic.aspx","Roy, Montana","2026-08-07"
"Special Education","2026-04-08",NA,"Shepherd MT","https://apps.opi.mt.gov/mtjobsforteachers/frmJobListingPublic.aspx","Shepherd MT","2026-08-07"
"Elementary Curriculum","2026-04-07",NA,"Geraldine","https://apps.opi.mt.gov/mtjobsforteachers/frmJobListingPublic.aspx","Geraldine","2026-08-07"
"Elementary Curriculum","2026-04-07",NA,"Loring Colony","https://apps.opi.mt.gov/mtjobsforteachers/frmJobListingPublic.aspx","Loring Colony","2026-08-07"
"Paraprofessional - Special Education","2026-04-07",NA,"Pray/Emigrant","https://apps.opi.mt.gov/mtjobsforteachers/frmJobListingPublic.aspx","Pray/Emigrant","2026-08-07"
"Speech-Language Pathologist","2026-04-07",NA,"Absarokee","https://apps.opi.mt.gov/mtjobsforteachers/frmJobListingPublic.aspx","Absarokee","2026-08-07"
"Elementary Curriculum","2026-04-07",NA,"Pray/Emigrant","https://apps.opi.mt.gov/mtjobsforteachers/frmJobListingPublic.aspx","Pray/Emigrant","2026-08-07"
"Elementary Curriculum","2026-04-07",NA,"Pray/Emigrant","https://apps.opi.mt.gov/mtjobsforteachers/frmJobListingPublic.aspx","Pray/Emigrant","2026-08-07"
"Elementary Curriculum","2026-04-06",NA,"Trout Creek","https://apps.opi.mt.gov/mtjobsforteachers/frmJobListingPublic.aspx","Trout Creek","2026-08-07"
"Elementary Curriculum","2026-04-06",NA,"Trout Creek","https://apps.opi.mt.gov/mtjobsforteachers/frmJobListingPublic.aspx","Trout Creek","2026-08-07"
"Music","2026-04-03",NA,"Lambert","https://apps.opi.mt.gov/mtjobsforteachers/frmJobListingPublic.aspx","Lambert","2026-08-07"
"Elementary Curriculum","2026-04-02",NA,"Lindsay","https://apps.opi.mt.gov/mtjobsforteachers/frmJobListingPublic.aspx","Lindsay","2026-08-07"
"Elementary Curriculum","2026-04-02",NA,"Miles City","https://apps.opi.mt.gov/mtjobsforteachers/frmJobListingPublic.aspx","Miles City","2026-08-07"
"Other","2026-04-02",NA,"Superior Montana","https://apps.opi.mt.gov/mtjobsforteachers/frmJobListingPublic.aspx","Superior Montana","2026-08-07"
"Elementary Curriculum","2026-04-01",NA,"Geraldine","https://apps.opi.mt.gov/mtjobsforteachers/frmJobListingPublic.aspx","Geraldine","2026-08-07"
"Music","2026-03-31",NA,"Circle","https://apps.opi.mt.gov/mtjobsforteachers/frmJobListingPublic.aspx","Circle","2026-08-07"
"Elementary Curriculum","2026-03-31",NA,"Circle","https://apps.opi.mt.gov/mtjobsforteachers/frmJobListingPublic.aspx","Circle","2026-08-07"
"Music","2026-03-31",NA,"Belt","https://apps.opi.mt.gov/mtjobsforteachers/frmJobListingPublic.aspx","Belt","2026-08-07"
"Elementary Curriculum","2026-03-31",NA,"Harrison","https://apps.opi.mt.gov/mtjobsforteachers/frmJobListingPublic.aspx","Harrison","2026-08-07"
"Library","2026-03-31",NA,"Thompson Falls","https://apps.opi.mt.gov/mtjobsforteachers/frmJobListingPublic.aspx","Thompson Falls","2026-08-07"
"Elementary Curriculum","2026-03-30",NA,"Ramsay","https://apps.opi.mt.gov/mtjobsforteachers/frmJobListingPublic.aspx","Ramsay","2026-08-07"
"Elementary Curriculum","2026-03-30",NA,"Geraldine","https://apps.opi.mt.gov/mtjobsforteachers/frmJobListingPublic.aspx","Geraldine","2026-08-07"
"Special Education","2026-03-30",NA,"Three Forks","https://apps.opi.mt.gov/mtjobsforteachers/frmJobListingPublic.aspx","Three Forks","2026-08-07"
"Elementary Curriculum","2026-03-27",NA,"Belfry","https://apps.opi.mt.gov/mtjobsforteachers/frmJobListingPublic.aspx","Belfry","2026-08-07"
"CTE – Agricultural Education","2026-03-27",NA,"Custer","https://apps.opi.mt.gov/mtjobsforteachers/frmJobListingPublic.aspx","Custer","2026-08-07"
"Computer Science","2026-03-26",NA,"Shepherd","https://apps.opi.mt.gov/mtjobsforteachers/frmJobListingPublic.aspx","Shepherd","2026-08-07"
"School Counseling","2026-03-26",NA,"Wibaux","https://apps.opi.mt.gov/mtjobsforteachers/frmJobListingPublic.aspx","Wibaux","2026-08-07"
"Elementary Curriculum","2026-03-26",NA,"Choteau","https://apps.opi.mt.gov/mtjobsforteachers/frmJobListingPublic.aspx","Choteau","2026-08-07"
"Elementary Curriculum","2026-03-26",NA,"Ramsay","https://apps.opi.mt.gov/mtjobsforteachers/frmJobListingPublic.aspx","Ramsay","2026-08-07"
"English","2026-03-25",NA,"Chinook","https://apps.opi.mt.gov/mtjobsforteachers/frmJobListingPublic.aspx","Chinook","2026-08-07"
"Elementary Curriculum","2026-03-24",NA,"Dodson","https://apps.opi.mt.gov/mtjobsforteachers/frmJobListingPublic.aspx","Dodson","2026-08-07"
"Mathematics","2026-03-24",NA,"Hysham","https://apps.opi.mt.gov/mtjobsforteachers/frmJobListingPublic.aspx","Hysham","2026-08-07"
"Special Education","2026-03-23",NA,"Opheim","https://apps.opi.mt.gov/mtjobsforteachers/frmJobListingPublic.aspx","Opheim","2026-08-07"
"Elementary Curriculum","2026-03-23",NA,"Geraldine","https://apps.opi.mt.gov/mtjobsforteachers/frmJobListingPublic.aspx","Geraldine","2026-08-07"
"Physical Ed","2026-03-23",NA,"Moore","https://apps.opi.mt.gov/mtjobsforteachers/frmJobListingPublic.aspx","Moore","2026-08-07"
"Elementary Curriculum","2026-03-23",NA,"Moore","https://apps.opi.mt.gov/mtjobsforteachers/frmJobListingPublic.aspx","Moore","2026-08-07"
"School Counseling","2026-03-19",NA,"Sunburst","https://apps.opi.mt.gov/mtjobsforteachers/frmJobListingPublic.aspx","Sunburst","2026-08-07"
"Elementary Curriculum","2026-03-19",NA,"Ramsay","https://apps.opi.mt.gov/mtjobsforteachers/frmJobListingPublic.aspx","Ramsay","2026-08-07"
"Elementary Curriculum","2026-03-19",NA,"Geraldine","https://apps.opi.mt.gov/mtjobsforteachers/frmJobListingPublic.aspx","Geraldine","2026-08-07"
"School Counseling","2026-03-18",NA,"Conrad","https://apps.opi.mt.gov/mtjobsforteachers/frmJobListingPublic.aspx","Conrad","2026-08-07"
"School Counseling","2026-03-18",NA,"Charlo","https://apps.opi.mt.gov/mtjobsforteachers/frmJobListingPublic.aspx","Charlo","2026-08-07"
"Elementary Curriculum","2026-03-18",NA,"Geraldine","https://apps.opi.mt.gov/mtjobsforteachers/frmJobListingPublic.aspx","Geraldine","2026-08-07"
"Other","2026-03-17",NA,"Plentywood, MT","https://apps.opi.mt.gov/mtjobsforteachers/frmJobListingPublic.aspx","Plentywood, MT","2026-08-07"
"English","2026-03-17",NA,"Plentywood, MT","https://apps.opi.mt.gov/mtjobsforteachers/frmJobListingPublic.aspx","Plentywood, MT","2026-08-07"
"Mathematics","2026-03-17",NA,"Plentywood, MT","https://apps.opi.mt.gov/mtjobsforteachers/frmJobListingPublic.aspx","Plentywood, MT","2026-08-07"
"Social Studies (Broadfield)","2026-03-17",NA,"Charlo","https://apps.opi.mt.gov/mtjobsforteachers/frmJobListingPublic.aspx","Charlo","2026-08-07"
"Elementary Curriculum","2026-03-17",NA,"Roy, Montana","https://apps.opi.mt.gov/mtjobsforteachers/frmJobListingPublic.aspx","Roy, Montana","2026-08-07"
"English","2026-03-17",NA,"Plentywood, MT","https://apps.opi.mt.gov/mtjobsforteachers/frmJobListingPublic.aspx","Plentywood, MT","2026-08-07"
"Social Studies (Broadfield)","2026-03-16",NA,"Plevna, Montana","https://apps.opi.mt.gov/mtjobsforteachers/frmJobListingPublic.aspx","Plevna, Montana","2026-08-07"
"Art","2026-03-16",NA,"Sheridan, MT","https://apps.opi.mt.gov/mtjobsforteachers/frmJobListingPublic.aspx","Sheridan, MT","2026-08-07"
"CTE – Family and Consumer Sciences","2026-03-16",NA,"Sheridan, MT","https://apps.opi.mt.gov/mtjobsforteachers/frmJobListingPublic.aspx","Sheridan, MT","2026-08-07"
"Elementary Curriculum","2026-03-16",NA,"Bainville","https://apps.opi.mt.gov/mtjobsforteachers/frmJobListingPublic.aspx","Bainville","2026-08-07"
"Art","2026-03-16",NA,"Bainville","https://apps.opi.mt.gov/mtjobsforteachers/frmJobListingPublic.aspx","Bainville","2026-08-07"
"Music","2026-03-15",NA,"Fromberg","https://apps.opi.mt.gov/mtjobsforteachers/frmJobListingPublic.aspx","Fromberg","2026-08-07"
"CTE – Family and Consumer Sciences","2026-03-15",NA,"Fromberg","https://apps.opi.mt.gov/mtjobsforteachers/frmJobListingPublic.aspx","Fromberg","2026-08-07"
"Elementary Curriculum","2026-03-15",NA,"Fromberg","https://apps.opi.mt.gov/mtjobsforteachers/frmJobListingPublic.aspx","Fromberg","2026-08-07"
"Music","2026-03-15",NA,"Fromberg","https://apps.opi.mt.gov/mtjobsforteachers/frmJobListingPublic.aspx","Fromberg","2026-08-07"
"English","2026-03-15",NA,"Fromberg","https://apps.opi.mt.gov/mtjobsforteachers/frmJobListingPublic.aspx","Fromberg","2026-08-07"
"CTE – Agricultural Education","2026-03-12",NA,"Gardiner","https://apps.opi.mt.gov/mtjobsforteachers/frmJobListingPublic.aspx","Gardiner","2026-08-07"
"Elementary Curriculum","2026-03-11",NA,"RUDYARD","https://apps.opi.mt.gov/mtjobsforteachers/frmJobListingPublic.aspx","RUDYARD","2026-08-07"
"Music","2026-03-11",NA,"Sheridan, MT","https://apps.opi.mt.gov/mtjobsforteachers/frmJobListingPublic.aspx","Sheridan, MT","2026-08-07"
"Reading","2026-03-11",NA,"Lodge Grass","https://apps.opi.mt.gov/mtjobsforteachers/frmJobListingPublic.aspx","Lodge Grass","2026-08-07"
"Mathematics","2026-03-10",NA,"Miles City, MT","https://apps.opi.mt.gov/mtjobsforteachers/frmJobListingPublic.aspx","Miles City, MT","2026-08-07"
"CTE – Business and Marketing Education","2026-03-10",NA,"Miles City, MT","https://apps.opi.mt.gov/mtjobsforteachers/frmJobListingPublic.aspx","Miles City, MT","2026-08-07"
"Elementary Curriculum","2026-03-10",NA,"Big Sky","https://apps.opi.mt.gov/mtjobsforteachers/frmJobListingPublic.aspx","Big Sky","2026-08-07"
"CTE – Family and Consumer Sciences","2026-03-09",NA,"Broadus","https://apps.opi.mt.gov/mtjobsforteachers/frmJobListingPublic.aspx","Broadus","2026-08-07"
"English","2026-03-06",NA,"MELSTONE","https://apps.opi.mt.gov/mtjobsforteachers/frmJobListingPublic.aspx","MELSTONE","2026-08-07"
"Science (Broadfield)","2026-03-06",NA,"Harrison","https://apps.opi.mt.gov/mtjobsforteachers/frmJobListingPublic.aspx","Harrison","2026-08-07"
"English","2026-03-06",NA,"MELSTONE","https://apps.opi.mt.gov/mtjobsforteachers/frmJobListingPublic.aspx","MELSTONE","2026-08-07"
"Science (Broadfield)","2026-03-05",NA,"Harrison","https://apps.opi.mt.gov/mtjobsforteachers/frmJobListingPublic.aspx","Harrison","2026-08-07"
"Music","2026-03-04",NA,"Scobey","https://apps.opi.mt.gov/mtjobsforteachers/frmJobListingPublic.aspx","Scobey","2026-08-07"
"Music","2026-03-04",NA,"Scobey","https://apps.opi.mt.gov/mtjobsforteachers/frmJobListingPublic.aspx","Scobey","2026-08-07"
"Music","2026-03-04",NA,"Scobey","https://apps.opi.mt.gov/mtjobsforteachers/frmJobListingPublic.aspx","Scobey","2026-08-07"
"Science (Broadfield)","2026-03-04",NA,"Scobey","https://apps.opi.mt.gov/mtjobsforteachers/frmJobListingPublic.aspx","Scobey","2026-08-07"
"Science (Broadfield)","2026-03-04",NA,"Scobey","https://apps.opi.mt.gov/mtjobsforteachers/frmJobListingPublic.aspx","Scobey","2026-08-07"
"Physical Ed","2026-03-04",NA,"SCOBEY","https://apps.opi.mt.gov/mtjobsforteachers/frmJobListingPublic.aspx","SCOBEY","2026-08-07"
"Physical Ed","2026-03-04",NA,"SCOBEY","https://apps.opi.mt.gov/mtjobsforteachers/frmJobListingPublic.aspx","SCOBEY","2026-08-07"
"Physical Ed","2026-03-04",NA,"SCOBEY","https://apps.opi.mt.gov/mtjobsforteachers/frmJobListingPublic.aspx","SCOBEY","2026-08-07"
"Elementary Curriculum","2026-03-04",NA,"SCOBEY","https://apps.opi.mt.gov/mtjobsforteachers/frmJobListingPublic.aspx","SCOBEY","2026-08-07"
"Art","2026-03-04",NA,"Scobey","https://apps.opi.mt.gov/mtjobsforteachers/frmJobListingPublic.aspx","Scobey","2026-08-07"
"Art","2026-03-04",NA,"Scobey","https://apps.opi.mt.gov/mtjobsforteachers/frmJobListingPublic.aspx","Scobey","2026-08-07"
"CTE – Family and Consumer Sciences","2026-03-04",NA,"Scobey","https://apps.opi.mt.gov/mtjobsforteachers/frmJobListingPublic.aspx","Scobey","2026-08-07"
"CTE – Family and Consumer Sciences","2026-03-04",NA,"Scobey","https://apps.opi.mt.gov/mtjobsforteachers/frmJobListingPublic.aspx","Scobey","2026-08-07"
"Special Education","2026-03-04",NA,"Scobey","https://apps.opi.mt.gov/mtjobsforteachers/frmJobListingPublic.aspx","Scobey","2026-08-07"
"Special Education","2026-03-04",NA,"Scobey","https://apps.opi.mt.gov/mtjobsforteachers/frmJobListingPublic.aspx","Scobey","2026-08-07"
"CTE – Family and Consumer Sciences","2026-03-04",NA,"Scobey","https://apps.opi.mt.gov/mtjobsforteachers/frmJobListingPublic.aspx","Scobey","2026-08-07"
"CTE – Family and Consumer Sciences","2026-03-04",NA,"Scobey","https://apps.opi.mt.gov/mtjobsforteachers/frmJobListingPublic.aspx","Scobey","2026-08-07"
"Elementary Curriculum","2026-03-04",NA,"Geraldine","https://apps.opi.mt.gov/mtjobsforteachers/frmJobListingPublic.aspx","Geraldine","2026-08-07"
"Art","2026-03-04",NA,"Scobey","https://apps.opi.mt.gov/mtjobsforteachers/frmJobListingPublic.aspx","Scobey","2026-08-07"
"Mathematics","2026-03-04",NA,"Scobey","https://apps.opi.mt.gov/mtjobsforteachers/frmJobListingPublic.aspx","Scobey","2026-08-07"
"Mathematics","2026-03-04",NA,"Scobey","https://apps.opi.mt.gov/mtjobsforteachers/frmJobListingPublic.aspx","Scobey","2026-08-07"
"Special Education","2026-03-02",NA,"RICHEY","https://apps.opi.mt.gov/mtjobsforteachers/frmJobListingPublic.aspx","RICHEY","2026-08-07"
"Elementary Curriculum","2026-03-02",NA,"Belfry","https://apps.opi.mt.gov/mtjobsforteachers/frmJobListingPublic.aspx","Belfry","2026-08-07"
"Special Education","2026-03-02",NA,"RICHEY","https://apps.opi.mt.gov/mtjobsforteachers/frmJobListingPublic.aspx","RICHEY","2026-08-07"
"Special Education","2026-03-02",NA,"RICHEY","https://apps.opi.mt.gov/mtjobsforteachers/frmJobListingPublic.aspx","RICHEY","2026-08-07"
"Special Education","2026-03-02",NA,"Lodge Grass, MT","https://apps.opi.mt.gov/mtjobsforteachers/frmJobListingPublic.aspx","Lodge Grass, MT","2026-08-07"
"Physical Ed","2026-02-23",NA,"Opheim","https://apps.opi.mt.gov/mtjobsforteachers/frmJobListingPublic.aspx","Opheim","2026-08-07"
"Elementary Curriculum","2026-02-20",NA,"Geraldine","https://apps.opi.mt.gov/mtjobsforteachers/frmJobListingPublic.aspx","Geraldine","2026-08-07"
"Elementary Curriculum","2026-02-19",NA,"Turner","https://apps.opi.mt.gov/mtjobsforteachers/frmJobListingPublic.aspx","Turner","2026-08-07"
"Elementary Curriculum","2026-02-19",NA,"Harlowton District","https://apps.opi.mt.gov/mtjobsforteachers/frmJobListingPublic.aspx","Harlowton District","2026-08-07"
"School Counseling","2026-02-17",NA,"Ashland","https://apps.opi.mt.gov/mtjobsforteachers/frmJobListingPublic.aspx","Ashland","2026-08-07"
"Elementary Curriculum","2026-02-17",NA,"Bloomfield, MT","https://apps.opi.mt.gov/mtjobsforteachers/frmJobListingPublic.aspx","Bloomfield, MT","2026-08-07"
"Special Education","2026-02-16",NA,"Nashua","https://apps.opi.mt.gov/mtjobsforteachers/frmJobListingPublic.aspx","Nashua","2026-08-07"
"Social Studies (Broadfield)","2026-02-16",NA,"Savage","https://apps.opi.mt.gov/mtjobsforteachers/frmJobListingPublic.aspx","Savage","2026-08-07"
"Elementary Curriculum","2026-02-16",NA,"Geraldine","https://apps.opi.mt.gov/mtjobsforteachers/frmJobListingPublic.aspx","Geraldine","2026-08-07"
"Elementary Curriculum","2026-02-16",NA,"Broadus","https://apps.opi.mt.gov/mtjobsforteachers/frmJobListingPublic.aspx","Broadus","2026-08-07"
"Elementary Curriculum","2026-02-12",NA,"Plentywood, MT","https://apps.opi.mt.gov/mtjobsforteachers/frmJobListingPublic.aspx","Plentywood, MT","2026-08-07"
"Science (Broadfield)","2026-02-12",NA,"Plentywood, MT","https://apps.opi.mt.gov/mtjobsforteachers/frmJobListingPublic.aspx","Plentywood, MT","2026-08-07"
"Music","2026-02-12",NA,"Plentywood, MT","https://apps.opi.mt.gov/mtjobsforteachers/frmJobListingPublic.aspx","Plentywood, MT","2026-08-07"
"CTE – Family and Consumer Sciences","2026-02-12",NA,"Plentywood, MT","https://apps.opi.mt.gov/mtjobsforteachers/frmJobListingPublic.aspx","Plentywood, MT","2026-08-07"
"CTE – Agricultural Education","2026-02-12",NA,"Lodge Grass","https://apps.opi.mt.gov/mtjobsforteachers/frmJobListingPublic.aspx","Lodge Grass","2026-08-07"
"Coach","2026-02-12",NA,"Roundup","https://apps.opi.mt.gov/mtjobsforteachers/frmJobListingPublic.aspx","Roundup","2026-08-07"
"Elementary Curriculum","2026-02-10",NA,"Fairfield","https://apps.opi.mt.gov/mtjobsforteachers/frmJobListingPublic.aspx","Fairfield","2026-08-07"
"School Counseling","2026-02-09",NA,"GILDFORD","https://apps.opi.mt.gov/mtjobsforteachers/frmJobListingPublic.aspx","GILDFORD","2026-08-07"
