"title","date_posted","position","location","url","District","Posting_Source","Archive_Date","Posting_Identity_Method","Posting_ID"
"Community Education - Business Instructor (Part-Time)",2026-08-10,NA,"Adult Education","https://www.applitrack.com/billings/onlineapp/default.aspx","Billings Public Schools","AppliTrack (direct district board)",2026-09-01,"Source fallback: title + location + posted date (no stable posting URL)","fallback:source-fallbackapplitrack (direct district board)billings public schoolscommunity education - business instructor (part-time)adult education2026-08-10#1"
"Speech and Debate Assistant Coach",2026-08-05,NA,"Skyview High School","https://www.applitrack.com/billings/onlineapp/default.aspx","Billings Public Schools","AppliTrack (direct district board)",2026-09-01,"Source fallback: title + location + posted date (no stable posting URL)","fallback:source-fallbackapplitrack (direct district board)billings public schoolsspeech and debate assistant coachskyview high school2026-08-05#1"
"Football Assistant Coach",2026-08-10,NA,"Ben Steele Middle School","https://www.applitrack.com/billings/onlineapp/default.aspx","Billings Public Schools","AppliTrack (direct district board)",2026-09-01,"Source fallback: title + location + posted date (no stable posting URL)","fallback:source-fallbackapplitrack (direct district board)billings public schoolsfootball assistant coachben steele middle school2026-08-10#1"
"Cheerleading Assistant Coach",2026-08-25,NA,"Skyview High School","https://www.applitrack.com/billings/onlineapp/default.aspx","Billings Public Schools","AppliTrack (direct district board)",2026-09-01,"Source fallback: title + location + posted date (no stable posting URL)","fallback:source-fallbackapplitrack (direct district board)billings public schoolscheerleading assistant coachskyview high school2026-08-25#1"
"Speech and Debate Assistant Coach",2026-04-24,NA,"Senior High School","https://www.applitrack.com/billings/onlineapp/default.aspx","Billings Public Schools","AppliTrack (direct district board)",2026-09-01,"Source fallback: title + location + posted date (no stable posting URL)","fallback:source-fallbackapplitrack (direct district board)billings public schoolsspeech and debate assistant coachsenior high school2026-04-24#1"
"Football Assistant Coach",2026-05-12,NA,"Lewis & Clark Middle School","https://www.applitrack.com/billings/onlineapp/default.aspx","Billings Public Schools","AppliTrack (direct district board)",2026-09-01,"Source fallback: title + location + posted date (no stable posting URL)","fallback:source-fallbackapplitrack (direct district board)billings public schoolsfootball assistant coachlewis & clark middle school2026-05-12#1"
"Wrestling Coach",2026-05-28,NA,"Castle Rock Middle School","https://www.applitrack.com/billings/onlineapp/default.aspx","Billings Public Schools","AppliTrack (direct district board)",2026-09-01,"Source fallback: title + location + posted date (no stable posting URL)","fallback:source-fallbackapplitrack (direct district board)billings public schoolswrestling coachcastle rock middle school2026-05-28#1"
"Baseball Assistant Coach",2026-06-22,NA,"Senior High School","https://www.applitrack.com/billings/onlineapp/default.aspx","Billings Public Schools","AppliTrack (direct district board)",2026-09-01,"Source fallback: title + location + posted date (no stable posting URL)","fallback:source-fallbackapplitrack (direct district board)billings public schoolsbaseball assistant coachsenior high school2026-06-22#1"
"Assistant Boys Soccer Coach",2026-07-07,NA,"Skyview High School","https://www.applitrack.com/billings/onlineapp/default.aspx","Billings Public Schools","AppliTrack (direct district board)",2026-09-01,"Source fallback: title + location + posted date (no stable posting URL)","fallback:source-fallbackapplitrack (direct district board)billings public schoolsassistant boys soccer coachskyview high school2026-07-07#1"
"Adaptive Music Specialist (Elementary)",NA,NA,"August 2026","https://www.applitrack.com/billings/onlineapp/default.aspx","Billings Public Schools","AppliTrack (direct district board)",2026-09-01,"Source fallback: title + location + posted date (no stable posting URL)","fallback:source-fallbackapplitrack (direct district board)billings public schoolsadaptive music specialist (elementary)august 2026NA#1"
"Elementary Teacher Long-Term Assignments (K-5) (2026-2027 School Year)",NA,NA,"September 2026","https://www.applitrack.com/billings/onlineapp/default.aspx","Billings Public Schools","AppliTrack (direct district board)",2026-09-01,"Source fallback: title + location + posted date (no stable posting URL)","fallback:source-fallbackapplitrack (direct district board)billings public schoolselementary teacher long-term assignments (k-5) (2026-2027 school year)september 2026NA#1"
"JROTC Aerospace Science Instructor",NA,NA,"August 2026","https://www.applitrack.com/billings/onlineapp/default.aspx","Billings Public Schools","AppliTrack (direct district board)",2026-09-01,"Source fallback: title + location + posted date (no stable posting URL)","fallback:source-fallbackapplitrack (direct district board)billings public schoolsjrotc aerospace science instructoraugust 2026NA#1"
"Social Worker (Special Education)",2026-06-10,NA,"Various","https://www.applitrack.com/billings/onlineapp/default.aspx","Billings Public Schools","AppliTrack (direct district board)",2026-09-01,"Source fallback: title + location + posted date (no stable posting URL)","fallback:source-fallbackapplitrack (direct district board)billings public schoolssocial worker (special education)various2026-06-10#1"
"Speech Language Pathologist",2025-11-24,NA,"Various","https://www.applitrack.com/billings/onlineapp/default.aspx","Billings Public Schools","AppliTrack (direct district board)",2026-09-01,"Source fallback: title + location + posted date (no stable posting URL)","fallback:source-fallbackapplitrack (direct district board)billings public schoolsspeech language pathologistvarious2025-11-24#1"
"Custodian III",2026-07-29,NA,"Various","https://www.applitrack.com/billings/onlineapp/default.aspx","Billings Public Schools","AppliTrack (direct district board)",2026-09-01,"Source fallback: title + location + posted date (no stable posting URL)","fallback:source-fallbackapplitrack (direct district board)billings public schoolscustodian iiivarious2026-07-29#1"
"Custodian III",2026-08-31,NA,"Various","https://www.applitrack.com/billings/onlineapp/default.aspx","Billings Public Schools","AppliTrack (direct district board)",2026-09-01,"Source fallback: title + location + posted date (no stable posting URL)","fallback:source-fallbackapplitrack (direct district board)billings public schoolscustodian iiivarious2026-08-31#1"
"Custodian III",2026-08-12,NA,"Various","https://www.applitrack.com/billings/onlineapp/default.aspx","Billings Public Schools","AppliTrack (direct district board)",2026-09-01,"Source fallback: title + location + posted date (no stable posting URL)","fallback:source-fallbackapplitrack (direct district board)billings public schoolscustodian iiivarious2026-08-12#1"
"Custodian III",2026-08-18,NA,"Various","https://www.applitrack.com/billings/onlineapp/default.aspx","Billings Public Schools","AppliTrack (direct district board)",2026-09-01,"Source fallback: title + location + posted date (no stable posting URL)","fallback:source-fallbackapplitrack (direct district board)billings public schoolscustodian iiivarious2026-08-18#1"
"Curriculum and Instructional Coach (Part-Time)",NA,NA,"September 2026","https://www.applitrack.com/billings/onlineapp/default.aspx","Billings Public Schools","AppliTrack (direct district board)",2026-09-01,"Source fallback: title + location + posted date (no stable posting URL)","fallback:source-fallbackapplitrack (direct district board)billings public schoolscurriculum and instructional coach (part-time)september 2026NA#1"
"Physical Education/Health Enhancement Teacher LTA",2026-08-31,NA,"Castle Rock Middle School","https://www.applitrack.com/billings/onlineapp/default.aspx","Billings Public Schools","AppliTrack (direct district board)",2026-09-01,"Source fallback: title + location + posted date (no stable posting URL)","fallback:source-fallbackapplitrack (direct district board)billings public schoolsphysical education/health enhancement teacher ltacastle rock middle school2026-08-31#1"
"Math Teacher",2026-08-18,NA,"Medicine Crow Middle School","https://www.applitrack.com/billings/onlineapp/default.aspx","Billings Public Schools","AppliTrack (direct district board)",2026-09-01,"Source fallback: title + location + posted date (no stable posting URL)","fallback:source-fallbackapplitrack (direct district board)billings public schoolsmath teachermedicine crow middle school2026-08-18#1"
"Math Teacher",2026-08-04,NA,"Riverside Middle School","https://www.applitrack.com/billings/onlineapp/default.aspx","Billings Public Schools","AppliTrack (direct district board)",2026-09-01,"Source fallback: title + location + posted date (no stable posting URL)","fallback:source-fallbackapplitrack (direct district board)billings public schoolsmath teacherriverside middle school2026-08-04#1"
"Technical Education Teacher",2026-08-06,NA,"Castle Rock Middle School","https://www.applitrack.com/billings/onlineapp/default.aspx","Billings Public Schools","AppliTrack (direct district board)",2026-09-01,"Source fallback: title + location + posted date (no stable posting URL)","fallback:source-fallbackapplitrack (direct district board)billings public schoolstechnical education teachercastle rock middle school2026-08-06#1"
"Technical Education Teacher",2026-08-20,NA,"Medicine Crow Middle School","https://www.applitrack.com/billings/onlineapp/default.aspx","Billings Public Schools","AppliTrack (direct district board)",2026-09-01,"Source fallback: title + location + posted date (no stable posting URL)","fallback:source-fallbackapplitrack (direct district board)billings public schoolstechnical education teachermedicine crow middle school2026-08-20#1"
"Administrative Assistant II",2026-08-20,NA,"Castle Rock Middle School","https://www.applitrack.com/billings/onlineapp/default.aspx","Billings Public Schools","AppliTrack (direct district board)",2026-09-01,"Source fallback: title + location + posted date (no stable posting URL)","fallback:source-fallbackapplitrack (direct district board)billings public schoolsadministrative assistant iicastle rock middle school2026-08-20#1"
"Administrative Assistant II",2026-08-14,NA,"West High School","https://www.applitrack.com/billings/onlineapp/default.aspx","Billings Public Schools","AppliTrack (direct district board)",2026-09-01,"Source fallback: title + location + posted date (no stable posting URL)","fallback:source-fallbackapplitrack (direct district board)billings public schoolsadministrative assistant iiwest high school2026-08-14#1"
"Administrative Assistant III",2026-08-25,NA,"Lincoln Center","https://www.applitrack.com/billings/onlineapp/default.aspx","Billings Public Schools","AppliTrack (direct district board)",2026-09-01,"Source fallback: title + location + posted date (no stable posting URL)","fallback:source-fallbackapplitrack (direct district board)billings public schoolsadministrative assistant iiilincoln center2026-08-25#1"
"Special Education Teacher K-12 (26/27)",2026-08-05,NA,"Various","https://www.applitrack.com/billings/onlineapp/default.aspx","Billings Public Schools","AppliTrack (direct district board)",2026-09-01,"Source fallback: title + location + posted date (no stable posting URL)","fallback:source-fallbackapplitrack (direct district board)billings public schoolsspecial education teacher k-12 (26/27)various2026-08-05#1"
"Special Education Teacher LTA",2025-11-19,NA,"Various","https://www.applitrack.com/billings/onlineapp/default.aspx","Billings Public Schools","AppliTrack (direct district board)",2026-09-01,"Source fallback: title + location + posted date (no stable posting URL)","fallback:source-fallbackapplitrack (direct district board)billings public schoolsspecial education teacher ltavarious2025-11-19#1"
"SUBSTITUTE LUNCH DRIVERS and SUBSTITUTE LUNCH DRIVER HELPERS",NA,NA,"Right away","https://www.applitrack.com/billings/onlineapp/default.aspx","Billings Public Schools","AppliTrack (direct district board)",2026-09-01,"Source fallback: title + location + posted date (no stable posting URL)","fallback:source-fallbackapplitrack (direct district board)billings public schoolssubstitute lunch drivers and substitute lunch driver helpersright awayNA#1"
"SUBSTITUTE CROSSWALK GUARD",2023-02-03,NA,"Various","https://www.applitrack.com/billings/onlineapp/default.aspx","Billings Public Schools","AppliTrack (direct district board)",2026-09-01,"Source fallback: title + location + posted date (no stable posting URL)","fallback:source-fallbackapplitrack (direct district board)billings public schoolssubstitute crosswalk guardvarious2023-02-03#1"
"SUBSTITUTE CUSTODIAN",2024-08-15,NA,"Various","https://www.applitrack.com/billings/onlineapp/default.aspx","Billings Public Schools","AppliTrack (direct district board)",2026-09-01,"Source fallback: title + location + posted date (no stable posting URL)","fallback:source-fallbackapplitrack (direct district board)billings public schoolssubstitute custodianvarious2024-08-15#1"
"Substitute Instructional Paraprofessional (Classroom)",2023-04-21,NA,"Various","https://www.applitrack.com/billings/onlineapp/default.aspx","Billings Public Schools","AppliTrack (direct district board)",2026-09-01,"Source fallback: title + location + posted date (no stable posting URL)","fallback:source-fallbackapplitrack (direct district board)billings public schoolssubstitute instructional paraprofessional (classroom)various2023-04-21#1"
"Substitute Secretary",2023-04-21,NA,"Various","https://www.applitrack.com/billings/onlineapp/default.aspx","Billings Public Schools","AppliTrack (direct district board)",2026-09-01,"Source fallback: title + location + posted date (no stable posting URL)","fallback:source-fallbackapplitrack (direct district board)billings public schoolssubstitute secretaryvarious2023-04-21#1"
"Substitute Special Needs Assistant",2023-04-21,NA,"Various","https://www.applitrack.com/billings/onlineapp/default.aspx","Billings Public Schools","AppliTrack (direct district board)",2026-09-01,"Source fallback: title + location + posted date (no stable posting URL)","fallback:source-fallbackapplitrack (direct district board)billings public schoolssubstitute special needs assistantvarious2023-04-21#1"
"SUBSTITUTE GENERAL DUTY ASSISTANT",2023-02-03,NA,"Various","https://www.applitrack.com/billings/onlineapp/default.aspx","Billings Public Schools","AppliTrack (direct district board)",2026-09-01,"Source fallback: title + location + posted date (no stable posting URL)","fallback:source-fallbackapplitrack (direct district board)billings public schoolssubstitute general duty assistantvarious2023-02-03#1"
"Substitute Special Education Bus Assistants",2023-04-21,NA,"Various","https://www.applitrack.com/billings/onlineapp/default.aspx","Billings Public Schools","AppliTrack (direct district board)",2026-09-01,"Source fallback: title + location + posted date (no stable posting URL)","fallback:source-fallbackapplitrack (direct district board)billings public schoolssubstitute special education bus assistantsvarious2023-04-21#1"
"SUBSTITUTE TEACHERS",2024-11-14,NA,"Various","https://www.applitrack.com/billings/onlineapp/default.aspx","Billings Public Schools","AppliTrack (direct district board)",2026-09-01,"Source fallback: title + location + posted date (no stable posting URL)","fallback:source-fallbackapplitrack (direct district board)billings public schoolssubstitute teachersvarious2024-11-14#1"
"Crosswalk Guard",2025-08-25,NA,"Castle Rock Middle School","https://www.applitrack.com/billings/onlineapp/default.aspx","Billings Public Schools","AppliTrack (direct district board)",2026-09-01,"Source fallback: title + location + posted date (no stable posting URL)","fallback:source-fallbackapplitrack (direct district board)billings public schoolscrosswalk guardcastle rock middle school2025-08-25#1"
"Crosswalk Guard",2026-08-06,NA,"Meadowlark Elementary","https://www.applitrack.com/billings/onlineapp/default.aspx","Billings Public Schools","AppliTrack (direct district board)",2026-09-01,"Source fallback: title + location + posted date (no stable posting URL)","fallback:source-fallbackapplitrack (direct district board)billings public schoolscrosswalk guardmeadowlark elementary2026-08-06#1"
"Crosswalk Guard",2026-08-05,NA,"Burlington Elementary","https://www.applitrack.com/billings/onlineapp/default.aspx","Billings Public Schools","AppliTrack (direct district board)",2026-09-01,"Source fallback: title + location + posted date (no stable posting URL)","fallback:source-fallbackapplitrack (direct district board)billings public schoolscrosswalk guardburlington elementary2026-08-05#1"
"Crosswalk Guard",2026-08-25,NA,"Bench Elementary","https://www.applitrack.com/billings/onlineapp/default.aspx","Billings Public Schools","AppliTrack (direct district board)",2026-09-01,"Source fallback: title + location + posted date (no stable posting URL)","fallback:source-fallbackapplitrack (direct district board)billings public schoolscrosswalk guardbench elementary2026-08-25#1"
"Crosswalk Guard",2026-07-27,NA,"McKinley Elementary","https://www.applitrack.com/billings/onlineapp/default.aspx","Billings Public Schools","AppliTrack (direct district board)",2026-09-01,"Source fallback: title + location + posted date (no stable posting URL)","fallback:source-fallbackapplitrack (direct district board)billings public schoolscrosswalk guardmckinley elementary2026-07-27#1"
"General Duty Assistant (GDA)",2026-09-01,NA,"Washington Innovation Center","https://www.applitrack.com/billings/onlineapp/default.aspx","Billings Public Schools","AppliTrack (direct district board)",2026-09-01,"Source fallback: title + location + posted date (no stable posting URL)","fallback:source-fallbackapplitrack (direct district board)billings public schoolsgeneral duty assistant (gda)washington innovation center2026-09-01#1"
"General Duty Assistant (GDA)",2026-08-05,NA,"Miles Avenue Elementary","https://www.applitrack.com/billings/onlineapp/default.aspx","Billings Public Schools","AppliTrack (direct district board)",2026-09-01,"Source fallback: title + location + posted date (no stable posting URL)","fallback:source-fallbackapplitrack (direct district board)billings public schoolsgeneral duty assistant (gda)miles avenue elementary2026-08-05#1"
"General Duty Assistant (GDA)",2026-08-10,NA,"Rose Park Elementary","https://www.applitrack.com/billings/onlineapp/default.aspx","Billings Public Schools","AppliTrack (direct district board)",2026-09-01,"Source fallback: title + location + posted date (no stable posting URL)","fallback:source-fallbackapplitrack (direct district board)billings public schoolsgeneral duty assistant (gda)rose park elementary2026-08-10#1"
"General Duty Assistant (GDA)",2026-08-11,NA,"Newman Elementary","https://www.applitrack.com/billings/onlineapp/default.aspx","Billings Public Schools","AppliTrack (direct district board)",2026-09-01,"Source fallback: title + location + posted date (no stable posting URL)","fallback:source-fallbackapplitrack (direct district board)billings public schoolsgeneral duty assistant (gda)newman elementary2026-08-11#1"
"General Duty Assistant (GDA)",2026-08-11,NA,"Broadwater Elementary","https://www.applitrack.com/billings/onlineapp/default.aspx","Billings Public Schools","AppliTrack (direct district board)",2026-09-01,"Source fallback: title + location + posted date (no stable posting URL)","fallback:source-fallbackapplitrack (direct district board)billings public schoolsgeneral duty assistant (gda)broadwater elementary2026-08-11#1"
"General Duty Assistant (GDA)",2026-08-05,NA,"Burlington Elementary","https://www.applitrack.com/billings/onlineapp/default.aspx","Billings Public Schools","AppliTrack (direct district board)",2026-09-01,"Source fallback: title + location + posted date (no stable posting URL)","fallback:source-fallbackapplitrack (direct district board)billings public schoolsgeneral duty assistant (gda)burlington elementary2026-08-05#1"
"General Duty Assistant (GDA)",2026-07-27,NA,"McKinley Elementary","https://www.applitrack.com/billings/onlineapp/default.aspx","Billings Public Schools","AppliTrack (direct district board)",2026-09-01,"Source fallback: title + location + posted date (no stable posting URL)","fallback:source-fallbackapplitrack (direct district board)billings public schoolsgeneral duty assistant (gda)mckinley elementary2026-07-27#1"
"General Duty Assistant (GDA)",2026-02-20,NA,"Rose Park Elementary","https://www.applitrack.com/billings/onlineapp/default.aspx","Billings Public Schools","AppliTrack (direct district board)",2026-09-01,"Source fallback: title + location + posted date (no stable posting URL)","fallback:source-fallbackapplitrack (direct district board)billings public schoolsgeneral duty assistant (gda)rose park elementary2026-02-20#1"
"General Duty Assistant (GDA)",2026-02-25,NA,"Beartooth Elementary","https://www.applitrack.com/billings/onlineapp/default.aspx","Billings Public Schools","AppliTrack (direct district board)",2026-09-01,"Source fallback: title + location + posted date (no stable posting URL)","fallback:source-fallbackapplitrack (direct district board)billings public schoolsgeneral duty assistant (gda)beartooth elementary2026-02-25#1"
"General Duty Assistant (GDA)",2026-08-06,NA,"Meadowlark Elementary","https://www.applitrack.com/billings/onlineapp/default.aspx","Billings Public Schools","AppliTrack (direct district board)",2026-09-01,"Source fallback: title + location + posted date (no stable posting URL)","fallback:source-fallbackapplitrack (direct district board)billings public schoolsgeneral duty assistant (gda)meadowlark elementary2026-08-06#1"
"General Duty Assistant (GDA)",2026-03-09,NA,"Big Sky Elementary","https://www.applitrack.com/billings/onlineapp/default.aspx","Billings Public Schools","AppliTrack (direct district board)",2026-09-01,"Source fallback: title + location + posted date (no stable posting URL)","fallback:source-fallbackapplitrack (direct district board)billings public schoolsgeneral duty assistant (gda)big sky elementary2026-03-09#1"
"General Duty Assistant (GDA)",2026-08-10,NA,"Orchard Elementary","https://www.applitrack.com/billings/onlineapp/default.aspx","Billings Public Schools","AppliTrack (direct district board)",2026-09-01,"Source fallback: title + location + posted date (no stable posting URL)","fallback:source-fallbackapplitrack (direct district board)billings public schoolsgeneral duty assistant (gda)orchard elementary2026-08-10#1"
"General Duty Assistant (GDA)",2026-03-27,NA,"Bitterroot Elementary","https://www.applitrack.com/billings/onlineapp/default.aspx","Billings Public Schools","AppliTrack (direct district board)",2026-09-01,"Source fallback: title + location + posted date (no stable posting URL)","fallback:source-fallbackapplitrack (direct district board)billings public schoolsgeneral duty assistant (gda)bitterroot elementary2026-03-27#1"
"General Duty Assistant (GDA)",2026-06-16,NA,"Arrowhead Elementary","https://www.applitrack.com/billings/onlineapp/default.aspx","Billings Public Schools","AppliTrack (direct district board)",2026-09-01,"Source fallback: title + location + posted date (no stable posting URL)","fallback:source-fallbackapplitrack (direct district board)billings public schoolsgeneral duty assistant (gda)arrowhead elementary2026-06-16#1"
"General Duty Assistant (GDA)",2026-07-20,NA,"Eagle Cliffs Elementary","https://www.applitrack.com/billings/onlineapp/default.aspx","Billings Public Schools","AppliTrack (direct district board)",2026-09-01,"Source fallback: title + location + posted date (no stable posting URL)","fallback:source-fallbackapplitrack (direct district board)billings public schoolsgeneral duty assistant (gda)eagle cliffs elementary2026-07-20#1"
"General Duty Assistant (GDA)",2025-08-25,NA,"Castle Rock Middle School","https://www.applitrack.com/billings/onlineapp/default.aspx","Billings Public Schools","AppliTrack (direct district board)",2026-09-01,"Source fallback: title + location + posted date (no stable posting URL)","fallback:source-fallbackapplitrack (direct district board)billings public schoolsgeneral duty assistant (gda)castle rock middle school2025-08-25#1"
"General Duty Assistant (GDA)",2026-01-22,NA,"Broadwater Elementary","https://www.applitrack.com/billings/onlineapp/default.aspx","Billings Public Schools","AppliTrack (direct district board)",2026-09-01,"Source fallback: title + location + posted date (no stable posting URL)","fallback:source-fallbackapplitrack (direct district board)billings public schoolsgeneral duty assistant (gda)broadwater elementary2026-01-22#1"
"Indigenous Education Mentor and Cultural Specialist",2026-08-17,NA,"Various","https://www.applitrack.com/billings/onlineapp/default.aspx","Billings Public Schools","AppliTrack (direct district board)",2026-09-01,"Source fallback: title + location + posted date (no stable posting URL)","fallback:source-fallbackapplitrack (direct district board)billings public schoolsindigenous education mentor and cultural specialistvarious2026-08-17#1"
"Instructional Paraprofessional (IPP)",2026-08-21,NA,"Burlington Elementary","https://www.applitrack.com/billings/onlineapp/default.aspx","Billings Public Schools","AppliTrack (direct district board)",2026-09-01,"Source fallback: title + location + posted date (no stable posting URL)","fallback:source-fallbackapplitrack (direct district board)billings public schoolsinstructional paraprofessional (ipp)burlington elementary2026-08-21#1"
"Instructional Paraprofessional (IPP)",2026-09-01,NA,"Newman Elementary","https://www.applitrack.com/billings/onlineapp/default.aspx","Billings Public Schools","AppliTrack (direct district board)",2026-09-01,"Source fallback: title + location + posted date (no stable posting URL)","fallback:source-fallbackapplitrack (direct district board)billings public schoolsinstructional paraprofessional (ipp)newman elementary2026-09-01#1"
"Instructional Paraprofessional (IPP) - ISS",2026-08-31,NA,"Medicine Crow Middle School","https://www.applitrack.com/billings/onlineapp/default.aspx","Billings Public Schools","AppliTrack (direct district board)",2026-09-01,"Source fallback: title + location + posted date (no stable posting URL)","fallback:source-fallbackapplitrack (direct district board)billings public schoolsinstructional paraprofessional (ipp) - issmedicine crow middle school2026-08-31#1"
"Instructional Paraprofessional (IPP) (Special Education)",2026-01-06,NA,"Various","https://www.applitrack.com/billings/onlineapp/default.aspx","Billings Public Schools","AppliTrack (direct district board)",2026-09-01,"Source fallback: title + location + posted date (no stable posting URL)","fallback:source-fallbackapplitrack (direct district board)billings public schoolsinstructional paraprofessional (ipp) (special education)various2026-01-06#1"
"Interpreter for the Deaf I",2026-03-31,NA,"Various","https://www.applitrack.com/billings/onlineapp/default.aspx","Billings Public Schools","AppliTrack (direct district board)",2026-09-01,"Source fallback: title + location + posted date (no stable posting URL)","fallback:source-fallbackapplitrack (direct district board)billings public schoolsinterpreter for the deaf ivarious2026-03-31#1"
"Substitute LPN (Licensed Practical Nurse)",2025-05-30,NA,"Various","https://www.applitrack.com/billings/onlineapp/default.aspx","Billings Public Schools","AppliTrack (direct district board)",2026-09-01,"Source fallback: title + location + posted date (no stable posting URL)","fallback:source-fallbackapplitrack (direct district board)billings public schoolssubstitute lpn (licensed practical nurse)various2025-05-30#1"
"Sensory Communication Facilitator",2026-08-05,NA,"Various","https://www.applitrack.com/billings/onlineapp/default.aspx","Billings Public Schools","AppliTrack (direct district board)",2026-09-01,"Source fallback: title + location + posted date (no stable posting URL)","fallback:source-fallbackapplitrack (direct district board)billings public schoolssensory communication facilitatorvarious2026-08-05#1"
"Special Education Bus Assistant",2026-07-23,NA,"Various","https://www.applitrack.com/billings/onlineapp/default.aspx","Billings Public Schools","AppliTrack (direct district board)",2026-09-01,"Source fallback: title + location + posted date (no stable posting URL)","fallback:source-fallbackapplitrack (direct district board)billings public schoolsspecial education bus assistantvarious2026-07-23#1"
"Special Needs Assistants (SNA)",2026-08-03,NA,"Various","https://www.applitrack.com/billings/onlineapp/default.aspx","Billings Public Schools","AppliTrack (direct district board)",2026-09-01,"Source fallback: title + location + posted date (no stable posting URL)","fallback:source-fallbackapplitrack (direct district board)billings public schoolsspecial needs assistants (sna)various2026-08-03#1"
"Administrative Secretary - IT Department",2026-08-19,NA,"Health & Tech Building","https://www.applitrack.com/mcpsmt/onlineapp/default.aspx","Missoula County Public Schools","AppliTrack (direct district board)",2026-09-01,"Source fallback: title + location + posted date (no stable posting URL)","fallback:source-fallbackapplitrack (direct district board)missoula county public schoolsadministrative secretary - it departmenthealth & tech building2026-08-19#1"
"Grant Writer/Audit Specialist",2026-08-10,NA,"Admin Building","https://www.applitrack.com/mcpsmt/onlineapp/default.aspx","Missoula County Public Schools","AppliTrack (direct district board)",2026-09-01,"Source fallback: title + location + posted date (no stable posting URL)","fallback:source-fallbackapplitrack (direct district board)missoula county public schoolsgrant writer/audit specialistadmin building2026-08-10#1"
"Science Teacher ~ Long-term Substitute",2026-08-25,NA,"Big Sky High School","https://www.applitrack.com/mcpsmt/onlineapp/default.aspx","Missoula County Public Schools","AppliTrack (direct district board)",2026-09-01,"Source fallback: title + location + posted date (no stable posting URL)","fallback:source-fallbackapplitrack (direct district board)missoula county public schoolsscience teacher ~ long-term substitutebig sky high school2026-08-25#1"
"Music - Choir Teacher ~ Long-term Substitute",2026-08-26,NA,"Sentinel High School","https://www.applitrack.com/mcpsmt/onlineapp/default.aspx","Missoula County Public Schools","AppliTrack (direct district board)",2026-09-01,"Source fallback: title + location + posted date (no stable posting URL)","fallback:source-fallbackapplitrack (direct district board)missoula county public schoolsmusic - choir teacher ~ long-term substitutesentinel high school2026-08-26#1"
"Mathematics Teacher",2026-08-12,NA,"Hellgate High School","https://www.applitrack.com/mcpsmt/onlineapp/default.aspx","Missoula County Public Schools","AppliTrack (direct district board)",2026-09-01,"Source fallback: title + location + posted date (no stable posting URL)","fallback:source-fallbackapplitrack (direct district board)missoula county public schoolsmathematics teacherhellgate high school2026-08-12#1"
"Mathematics Teacher",2026-08-17,NA,"Hellgate High School","https://www.applitrack.com/mcpsmt/onlineapp/default.aspx","Missoula County Public Schools","AppliTrack (direct district board)",2026-09-01,"Source fallback: title + location + posted date (no stable posting URL)","fallback:source-fallbackapplitrack (direct district board)missoula county public schoolsmathematics teacherhellgate high school2026-08-17#1"
"Assistant Band Director - Percussion Coach - Sentinel High School",2026-08-24,NA,"Sentinel High School","https://www.applitrack.com/mcpsmt/onlineapp/default.aspx","Missoula County Public Schools","AppliTrack (direct district board)",2026-09-01,"Source fallback: title + location + posted date (no stable posting URL)","fallback:source-fallbackapplitrack (direct district board)missoula county public schoolsassistant band director - percussion coach - sentinel high schoolsentinel high school2026-08-24#1"
"Assistant Cross Country Coach - Big Sky High School - Expansion Team",2026-08-25,NA,"Big Sky High School","https://www.applitrack.com/mcpsmt/onlineapp/default.aspx","Missoula County Public Schools","AppliTrack (direct district board)",2026-09-01,"Source fallback: title + location + posted date (no stable posting URL)","fallback:source-fallbackapplitrack (direct district board)missoula county public schoolsassistant cross country coach - big sky high school - expansion teambig sky high school2026-08-25#1"
"Assistant Boys Soccer Coach - Expansion - Big Sky High School (2 Positions)",2026-06-30,NA,"Big Sky High School","https://www.applitrack.com/mcpsmt/onlineapp/default.aspx","Missoula County Public Schools","AppliTrack (direct district board)",2026-09-01,"Source fallback: title + location + posted date (no stable posting URL)","fallback:source-fallbackapplitrack (direct district board)missoula county public schoolsassistant boys soccer coach - expansion - big sky high school (2 positions)big sky high school2026-06-30#1"
"Volleyball Coach (2 positions) - Washington Middle School",2026-08-17,NA,"Washington Middle School","https://www.applitrack.com/mcpsmt/onlineapp/default.aspx","Missoula County Public Schools","AppliTrack (direct district board)",2026-09-01,"Source fallback: title + location + posted date (no stable posting URL)","fallback:source-fallbackapplitrack (direct district board)missoula county public schoolsvolleyball coach (2 positions) - washington middle schoolwashington middle school2026-08-17#1"
"Cross Country Coach - Washington Middle School",2026-08-13,NA,"Washington Middle School","https://www.applitrack.com/mcpsmt/onlineapp/default.aspx","Missoula County Public Schools","AppliTrack (direct district board)",2026-09-01,"Source fallback: title + location + posted date (no stable posting URL)","fallback:source-fallbackapplitrack (direct district board)missoula county public schoolscross country coach - washington middle schoolwashington middle school2026-08-13#1"
"Robotics Advisor - CS Porter Middle School",2026-08-25,NA,"CS Porter Middle School","https://www.applitrack.com/mcpsmt/onlineapp/default.aspx","Missoula County Public Schools","AppliTrack (direct district board)",2026-09-01,"Source fallback: title + location + posted date (no stable posting URL)","fallback:source-fallbackapplitrack (direct district board)missoula county public schoolsrobotics advisor - cs porter middle schoolcs porter middle school2026-08-25#1"
"Custodian + Activities Coordinator - Hellgate High School",2026-03-24,NA,"Hellgate High School","https://www.applitrack.com/mcpsmt/onlineapp/default.aspx","Missoula County Public Schools","AppliTrack (direct district board)",2026-09-01,"Source fallback: title + location + posted date (no stable posting URL)","fallback:source-fallbackapplitrack (direct district board)missoula county public schoolscustodian + activities coordinator - hellgate high schoolhellgate high school2026-03-24#1"
"Full-Time Custodian - Jeannette Rankin Elementary School",2026-08-28,NA,"Jeannette Rankin Elementary School","https://www.applitrack.com/mcpsmt/onlineapp/default.aspx","Missoula County Public Schools","AppliTrack (direct district board)",2026-09-01,"Source fallback: title + location + posted date (no stable posting URL)","fallback:source-fallbackapplitrack (direct district board)missoula county public schoolsfull-time custodian - jeannette rankin elementary schooljeannette rankin elementary school2026-08-28#1"
"Custodian - CS Porter Middle School",2026-08-21,NA,"CS Porter Middle School","https://www.applitrack.com/mcpsmt/onlineapp/default.aspx","Missoula County Public Schools","AppliTrack (direct district board)",2026-09-01,"Source fallback: title + location + posted date (no stable posting URL)","fallback:source-fallbackapplitrack (direct district board)missoula county public schoolscustodian - cs porter middle schoolcs porter middle school2026-08-21#1"
"Custodian - MCPS Ag Center/Maintenance Shop",2026-08-21,NA,"Ag Ed","https://www.applitrack.com/mcpsmt/onlineapp/default.aspx","Missoula County Public Schools","AppliTrack (direct district board)",2026-09-01,"Source fallback: title + location + posted date (no stable posting URL)","fallback:source-fallbackapplitrack (direct district board)missoula county public schoolscustodian - mcps ag center/maintenance shopag ed2026-08-21#1"
"Custodian - District - Various Locations",2026-05-13,NA,"Various","https://www.applitrack.com/mcpsmt/onlineapp/default.aspx","Missoula County Public Schools","AppliTrack (direct district board)",2026-09-01,"Source fallback: title + location + posted date (no stable posting URL)","fallback:source-fallbackapplitrack (direct district board)missoula county public schoolscustodian - district - various locationsvarious2026-05-13#1"
"Maintenance Coordinator - District",2026-08-21,NA,"Admin Building","https://www.applitrack.com/mcpsmt/onlineapp/default.aspx","Missoula County Public Schools","AppliTrack (direct district board)",2026-09-01,"Source fallback: title + location + posted date (no stable posting URL)","fallback:source-fallbackapplitrack (direct district board)missoula county public schoolsmaintenance coordinator - districtadmin building2026-08-21#1"
"Assistant Head Cook - Sentinel High School",2026-01-05,NA,"Sentinel High School","https://www.applitrack.com/mcpsmt/onlineapp/default.aspx","Missoula County Public Schools","AppliTrack (direct district board)",2026-09-01,"Source fallback: title + location + posted date (no stable posting URL)","fallback:source-fallbackapplitrack (direct district board)missoula county public schoolsassistant head cook - sentinel high schoolsentinel high school2026-01-05#1"
"Food Prep/Cashier - Sentinel High School",2026-05-05,NA,"Sentinel High School","https://www.applitrack.com/mcpsmt/onlineapp/default.aspx","Missoula County Public Schools","AppliTrack (direct district board)",2026-09-01,"Source fallback: title + location + posted date (no stable posting URL)","fallback:source-fallbackapplitrack (direct district board)missoula county public schoolsfood prep/cashier - sentinel high schoolsentinel high school2026-05-05#1"
"Noon Duty - Chief Charlo Elementary School",2026-08-12,NA,"Chief Charlo Elementary School","https://www.applitrack.com/mcpsmt/onlineapp/default.aspx","Missoula County Public Schools","AppliTrack (direct district board)",2026-09-01,"Source fallback: title + location + posted date (no stable posting URL)","fallback:source-fallbackapplitrack (direct district board)missoula county public schoolsnoon duty - chief charlo elementary schoolchief charlo elementary school2026-08-12#1"
"Noon Duty - Franklin Elementary School - (3) Positions",2026-07-27,NA,"Franklin Elementary School","https://www.applitrack.com/mcpsmt/onlineapp/default.aspx","Missoula County Public Schools","AppliTrack (direct district board)",2026-09-01,"Source fallback: title + location + posted date (no stable posting URL)","fallback:source-fallbackapplitrack (direct district board)missoula county public schoolsnoon duty - franklin elementary school - (3) positionsfranklin elementary school2026-07-27#1"
"Noon Duty - Meadow Hill Middle School - (2) Positions",2026-07-28,NA,"Meadow Hill Middle School","https://www.applitrack.com/mcpsmt/onlineapp/default.aspx","Missoula County Public Schools","AppliTrack (direct district board)",2026-09-01,"Source fallback: title + location + posted date (no stable posting URL)","fallback:source-fallbackapplitrack (direct district board)missoula county public schoolsnoon duty - meadow hill middle school - (2) positionsmeadow hill middle school2026-07-28#1"
"Noon Duty - Lewis and Clark Elementary School",2026-07-29,NA,"Lewis & Clark Elementary School","https://www.applitrack.com/mcpsmt/onlineapp/default.aspx","Missoula County Public Schools","AppliTrack (direct district board)",2026-09-01,"Source fallback: title + location + posted date (no stable posting URL)","fallback:source-fallbackapplitrack (direct district board)missoula county public schoolsnoon duty - lewis and clark elementary schoollewis & clark elementary school2026-07-29#1"
"Noon Duty - Washington Middle School - (4) Positions",2026-08-03,NA,"Washington Middle School","https://www.applitrack.com/mcpsmt/onlineapp/default.aspx","Missoula County Public Schools","AppliTrack (direct district board)",2026-09-01,"Source fallback: title + location + posted date (no stable posting URL)","fallback:source-fallbackapplitrack (direct district board)missoula county public schoolsnoon duty - washington middle school - (4) positionswashington middle school2026-08-03#1"
"Noon Duty - Lewis and Clark Elementary - 2 Days/Week",2026-08-04,NA,"Lewis & Clark Elementary School","https://www.applitrack.com/mcpsmt/onlineapp/default.aspx","Missoula County Public Schools","AppliTrack (direct district board)",2026-09-01,"Source fallback: title + location + posted date (no stable posting URL)","fallback:source-fallbackapplitrack (direct district board)missoula county public schoolsnoon duty - lewis and clark elementary - 2 days/weeklewis & clark elementary school2026-08-04#1"
"Paraeducator 2 - Lowell Elementary School",2026-08-25,NA,"Lowell Elementary School","https://www.applitrack.com/mcpsmt/onlineapp/default.aspx","Missoula County Public Schools","AppliTrack (direct district board)",2026-09-01,"Source fallback: title + location + posted date (no stable posting URL)","fallback:source-fallbackapplitrack (direct district board)missoula county public schoolsparaeducator 2 - lowell elementary schoollowell elementary school2026-08-25#1"
"Paraeducator 2 - Jeannette Rankin Elementary School",2026-08-28,NA,"Jeannette Rankin Elementary School","https://www.applitrack.com/mcpsmt/onlineapp/default.aspx","Missoula County Public Schools","AppliTrack (direct district board)",2026-09-01,"Source fallback: title + location + posted date (no stable posting URL)","fallback:source-fallbackapplitrack (direct district board)missoula county public schoolsparaeducator 2 - jeannette rankin elementary schooljeannette rankin elementary school2026-08-28#1"
"Paraeducator 2 - Rattlesnake Elementary School - CURRENT YEAR ONLY",2026-08-26,NA,"Rattlesnake Elementary School","https://www.applitrack.com/mcpsmt/onlineapp/default.aspx","Missoula County Public Schools","AppliTrack (direct district board)",2026-09-01,"Source fallback: title + location + posted date (no stable posting URL)","fallback:source-fallbackapplitrack (direct district board)missoula county public schoolsparaeducator 2 - rattlesnake elementary school - current year onlyrattlesnake elementary school2026-08-26#1"
"College and Career Coach - Part Time - Big Sky High School ~ CURRENT YEAR ONLY",2026-08-25,NA,"Big Sky High School","https://www.applitrack.com/mcpsmt/onlineapp/default.aspx","Missoula County Public Schools","AppliTrack (direct district board)",2026-09-01,"Source fallback: title + location + posted date (no stable posting URL)","fallback:source-fallbackapplitrack (direct district board)missoula county public schoolscollege and career coach - part time - big sky high school ~ current year onlybig sky high school2026-08-25#1"
"Positive Behavior Support Paraeducator - CURRENT YEAR ONLY - Big Sky HS",2026-08-25,NA,"Big Sky High School","https://www.applitrack.com/mcpsmt/onlineapp/default.aspx","Missoula County Public Schools","AppliTrack (direct district board)",2026-09-01,"Source fallback: title + location + posted date (no stable posting URL)","fallback:source-fallbackapplitrack (direct district board)missoula county public schoolspositive behavior support paraeducator - current year only - big sky hsbig sky high school2026-08-25#1"
"Sign Language Interpreter",2026-07-01,NA,"Admin Building","https://www.applitrack.com/mcpsmt/onlineapp/default.aspx","Missoula County Public Schools","AppliTrack (direct district board)",2026-09-01,"Source fallback: title + location + posted date (no stable posting URL)","fallback:source-fallbackapplitrack (direct district board)missoula county public schoolssign language interpreteradmin building2026-07-01#1"
"Temporary Building Substitute - Hawthorne Elementary School",2026-08-04,NA,"Hawthorne Elementary School","https://www.applitrack.com/mcpsmt/onlineapp/default.aspx","Missoula County Public Schools","AppliTrack (direct district board)",2026-09-01,"Source fallback: title + location + posted date (no stable posting URL)","fallback:source-fallbackapplitrack (direct district board)missoula county public schoolstemporary building substitute - hawthorne elementary schoolhawthorne elementary school2026-08-04#1"
"Substitute Nurse RN and LPN 2025-2026",2025-09-26,NA,"Various","https://www.applitrack.com/mcpsmt/onlineapp/default.aspx","Missoula County Public Schools","AppliTrack (direct district board)",2026-09-01,"Source fallback: title + location + posted date (no stable posting URL)","fallback:source-fallbackapplitrack (direct district board)missoula county public schoolssubstitute nurse rn and lpn 2025-2026various2025-09-26#1"
"Substitute Healthcare Assistant",2025-10-21,NA,"Various","https://www.applitrack.com/mcpsmt/onlineapp/default.aspx","Missoula County Public Schools","AppliTrack (direct district board)",2026-09-01,"Source fallback: title + location + posted date (no stable posting URL)","fallback:source-fallbackapplitrack (direct district board)missoula county public schoolssubstitute healthcare assistantvarious2025-10-21#1"
"Substitute Teacher / Para 2026-27",2026-08-04,NA,"Various","https://www.applitrack.com/mcpsmt/onlineapp/default.aspx","Missoula County Public Schools","AppliTrack (direct district board)",2026-09-01,"Source fallback: title + location + posted date (no stable posting URL)","fallback:source-fallbackapplitrack (direct district board)missoula county public schoolssubstitute teacher / para 2026-27various2026-08-04#1"
"Community Liaison - Part-Time - Lewis and Clark Elementary School",2026-09-01,NA,"Lewis & Clark Elementary School","https://www.applitrack.com/mcpsmt/onlineapp/default.aspx","Missoula County Public Schools","AppliTrack (direct district board)",2026-09-01,"Source fallback: title + location + posted date (no stable posting URL)","fallback:source-fallbackapplitrack (direct district board)missoula county public schoolscommunity liaison - part-time - lewis and clark elementary schoollewis & clark elementary school2026-09-01#1"
"Substitute School Bus Driver",2026-01-23,NA,"Admin Building","https://www.applitrack.com/mcpsmt/onlineapp/default.aspx","Missoula County Public Schools","AppliTrack (direct district board)",2026-09-01,"Source fallback: title + location + posted date (no stable posting URL)","fallback:source-fallbackapplitrack (direct district board)missoula county public schoolssubstitute school bus driveradmin building2026-01-23#1"
"Assistant Forensics/Debate Coach - GFHS",2025-09-03,NA,"Great Falls High","https://www.applitrack.com/greatfalls/onlineapp/default.aspx","Great Falls Public Schools","AppliTrack (direct district board)",2026-09-01,"Source fallback: title + location + posted date (no stable posting URL)","fallback:source-fallbackapplitrack (direct district board)great falls public schoolsassistant forensics/debate coach - gfhsgreat falls high2025-09-03#1"
"Head Forensics Coach - GFHS",2026-08-18,NA,"Great Falls High","https://www.applitrack.com/greatfalls/onlineapp/default.aspx","Great Falls Public Schools","AppliTrack (direct district board)",2026-09-01,"Source fallback: title + location + posted date (no stable posting URL)","fallback:source-fallbackapplitrack (direct district board)great falls public schoolshead forensics coach - gfhsgreat falls high2026-08-18#1"
"Crossing Guards and Sub Crossing Guards",2026-08-06,NA,"District-wide","https://www.applitrack.com/greatfalls/onlineapp/default.aspx","Great Falls Public Schools","AppliTrack (direct district board)",2026-09-01,"Source fallback: title + location + posted date (no stable posting URL)","fallback:source-fallbackapplitrack (direct district board)great falls public schoolscrossing guards and sub crossing guardsdistrict-wide2026-08-06#1"
"Elementary Art Teacher",2026-08-19,NA,"Various","https://www.applitrack.com/greatfalls/onlineapp/default.aspx","Great Falls Public Schools","AppliTrack (direct district board)",2026-09-01,"Source fallback: title + location + posted date (no stable posting URL)","fallback:source-fallbackapplitrack (direct district board)great falls public schoolselementary art teachervarious2026-08-19#1"
"Elementary Teacher",2026-07-23,NA,"District-wide","https://www.applitrack.com/greatfalls/onlineapp/default.aspx","Great Falls Public Schools","AppliTrack (direct district board)",2026-09-01,"Source fallback: title + location + posted date (no stable posting URL)","fallback:source-fallbackapplitrack (direct district board)great falls public schoolselementary teacherdistrict-wide2026-07-23#1"
"Elementary Instrumental Music Teacher - (Strings experience preferred)",2026-04-09,NA,"District-wide","https://www.applitrack.com/greatfalls/onlineapp/default.aspx","Great Falls Public Schools","AppliTrack (direct district board)",2026-09-01,"Source fallback: title + location + posted date (no stable posting URL)","fallback:source-fallbackapplitrack (direct district board)great falls public schoolselementary instrumental music teacher - (strings experience preferred)district-wide2026-04-09#1"
"Elementary General Music Teacher oyo",2026-02-06,NA,"Various","https://www.applitrack.com/greatfalls/onlineapp/default.aspx","Great Falls Public Schools","AppliTrack (direct district board)",2026-09-01,"Source fallback: title + location + posted date (no stable posting URL)","fallback:source-fallbackapplitrack (direct district board)great falls public schoolselementary general music teacher oyovarious2026-02-06#1"
"Health Enhancement Teacher Elementary MS/WH",2026-08-06,NA,"Morningside/Whittier","https://www.applitrack.com/greatfalls/onlineapp/default.aspx","Great Falls Public Schools","AppliTrack (direct district board)",2026-09-01,"Source fallback: title + location + posted date (no stable posting URL)","fallback:source-fallbackapplitrack (direct district board)great falls public schoolshealth enhancement teacher elementary ms/whmorningside/whittier2026-08-06#1"
"Special Education Teacher on Special Assignment, PK-6",2026-02-18,NA,"District-wide","https://www.applitrack.com/greatfalls/onlineapp/default.aspx","Great Falls Public Schools","AppliTrack (direct district board)",2026-09-01,"Source fallback: title + location + posted date (no stable posting URL)","fallback:source-fallbackapplitrack (direct district board)great falls public schoolsspecial education teacher on special assignment, pk-6district-wide2026-02-18#1"
"Special Education Teacher - Elementary",2025-10-01,NA,"Various","https://www.applitrack.com/greatfalls/onlineapp/default.aspx","Great Falls Public Schools","AppliTrack (direct district board)",2026-09-01,"Source fallback: title + location + posted date (no stable posting URL)","fallback:source-fallbackapplitrack (direct district board)great falls public schoolsspecial education teacher - elementaryvarious2025-10-01#1"
"Food Service Employees-various",2026-08-05,NA,"District-wide","https://www.applitrack.com/greatfalls/onlineapp/default.aspx","Great Falls Public Schools","AppliTrack (direct district board)",2026-09-01,"Source fallback: title + location + posted date (no stable posting URL)","fallback:source-fallbackapplitrack (direct district board)great falls public schoolsfood service employees-variousdistrict-wide2026-08-05#1"
"Secondary Teacher 9-12",NA,NA,NA,"https://www.applitrack.com/greatfalls/onlineapp/default.aspx","Great Falls Public Schools","AppliTrack (direct district board)",2026-09-01,"Source fallback: title + location + posted date (no stable posting URL)","fallback:source-fallbackapplitrack (direct district board)great falls public schoolssecondary teacher 9-12NANA#1"
"Math Teacher oyo CMR",2026-06-23,NA,"C M Russell High School","https://www.applitrack.com/greatfalls/onlineapp/default.aspx","Great Falls Public Schools","AppliTrack (direct district board)",2026-09-01,"Source fallback: title + location + posted date (no stable posting URL)","fallback:source-fallbackapplitrack (direct district board)great falls public schoolsmath teacher oyo cmrc m russell high school2026-06-23#1"
"Broadfield Science Teacher This position is oyo",2026-03-13,NA,"Great Falls High","https://www.applitrack.com/greatfalls/onlineapp/default.aspx","Great Falls Public Schools","AppliTrack (direct district board)",2026-09-01,"Source fallback: title + location + posted date (no stable posting URL)","fallback:source-fallbackapplitrack (direct district board)great falls public schoolsbroadfield science teacher this position is oyogreat falls high2026-03-13#1"
"Special Education Teacher on Special Assignment, 7-12",2026-02-18,NA,"District-wide","https://www.applitrack.com/greatfalls/onlineapp/default.aspx","Great Falls Public Schools","AppliTrack (direct district board)",2026-09-01,"Source fallback: title + location + posted date (no stable posting URL)","fallback:source-fallbackapplitrack (direct district board)great falls public schoolsspecial education teacher on special assignment, 7-12district-wide2026-02-18#1"
"Special Education Teacher – High School",2025-10-01,NA,"Various","https://www.applitrack.com/greatfalls/onlineapp/default.aspx","Great Falls Public Schools","AppliTrack (direct district board)",2026-09-01,"Source fallback: title + location + posted date (no stable posting URL)","fallback:source-fallbackapplitrack (direct district board)great falls public schoolsspecial education teacher – high schoolvarious2025-10-01#1"
"Youth Development Specialist, Indigenous Education",2025-07-18,NA,"Paris Gibson Education Center","https://www.applitrack.com/greatfalls/onlineapp/default.aspx","Great Falls Public Schools","AppliTrack (direct district board)",2026-09-01,"Source fallback: title + location + posted date (no stable posting URL)","fallback:source-fallbackapplitrack (direct district board)great falls public schoolsyouth development specialist, indigenous educationparis gibson education center2025-07-18#1"
"Custodian - Swing Shift",2026-08-06,NA,"District-wide","https://www.applitrack.com/greatfalls/onlineapp/default.aspx","Great Falls Public Schools","AppliTrack (direct district board)",2026-09-01,"Source fallback: title + location + posted date (no stable posting URL)","fallback:source-fallbackapplitrack (direct district board)great falls public schoolscustodian - swing shiftdistrict-wide2026-08-06#1"
"Board Certified Behavior Analyst (BCBA)",NA,NA,NA,"https://www.applitrack.com/greatfalls/onlineapp/default.aspx","Great Falls Public Schools","AppliTrack (direct district board)",2026-09-01,"Source fallback: title + location + posted date (no stable posting URL)","fallback:source-fallbackapplitrack (direct district board)great falls public schoolsboard certified behavior analyst (bcba)NANA#1"
"Occupational Therapist",2026-07-09,NA,"District-wide","https://www.applitrack.com/greatfalls/onlineapp/default.aspx","Great Falls Public Schools","AppliTrack (direct district board)",2026-09-01,"Source fallback: title + location + posted date (no stable posting URL)","fallback:source-fallbackapplitrack (direct district board)great falls public schoolsoccupational therapistdistrict-wide2026-07-09#1"
"Physical Therapist",2026-02-26,NA,"District-wide","https://www.applitrack.com/greatfalls/onlineapp/default.aspx","Great Falls Public Schools","AppliTrack (direct district board)",2026-09-01,"Source fallback: title + location + posted date (no stable posting URL)","fallback:source-fallbackapplitrack (direct district board)great falls public schoolsphysical therapistdistrict-wide2026-02-26#1"
"Registered Nurse (RN) Part-Time",2026-08-17,NA,"District-wide","https://www.applitrack.com/greatfalls/onlineapp/default.aspx","Great Falls Public Schools","AppliTrack (direct district board)",2026-09-01,"Source fallback: title + location + posted date (no stable posting URL)","fallback:source-fallbackapplitrack (direct district board)great falls public schoolsregistered nurse (rn) part-timedistrict-wide2026-08-17#1"
"Speech and Language Pathologist",2026-07-15,NA,"District-wide","https://www.applitrack.com/greatfalls/onlineapp/default.aspx","Great Falls Public Schools","AppliTrack (direct district board)",2026-09-01,"Source fallback: title + location + posted date (no stable posting URL)","fallback:source-fallbackapplitrack (direct district board)great falls public schoolsspeech and language pathologistdistrict-wide2026-07-15#1"
"Secondary Teacher 7-8",NA,NA,NA,"https://www.applitrack.com/greatfalls/onlineapp/default.aspx","Great Falls Public Schools","AppliTrack (direct district board)",2026-09-01,"Source fallback: title + location + posted date (no stable posting URL)","fallback:source-fallbackapplitrack (direct district board)great falls public schoolssecondary teacher 7-8NANA#1"
"Middle School Band Teacher",2026-04-17,NA,"East Middle School","https://www.applitrack.com/greatfalls/onlineapp/default.aspx","Great Falls Public Schools","AppliTrack (direct district board)",2026-09-01,"Source fallback: title + location + posted date (no stable posting URL)","fallback:source-fallbackapplitrack (direct district board)great falls public schoolsmiddle school band teachereast middle school2026-04-17#1"
"Special Education Teacher – Middle School",2025-10-01,NA,"East & North Middle Schools","https://www.applitrack.com/greatfalls/onlineapp/default.aspx","Great Falls Public Schools","AppliTrack (direct district board)",2026-09-01,"Source fallback: title + location + posted date (no stable posting URL)","fallback:source-fallbackapplitrack (direct district board)great falls public schoolsspecial education teacher – middle schooleast & north middle schools2025-10-01#1"
"Academic Achievement Center Para Educator",NA,NA,NA,"https://www.applitrack.com/greatfalls/onlineapp/default.aspx","Great Falls Public Schools","AppliTrack (direct district board)",2026-09-01,"Source fallback: title + location + posted date (no stable posting URL)","fallback:source-fallbackapplitrack (direct district board)great falls public schoolsacademic achievement center para educatorNANA#1"
"Campus Supervisor",2024-03-21,NA,"North Middle School","https://www.applitrack.com/greatfalls/onlineapp/default.aspx","Great Falls Public Schools","AppliTrack (direct district board)",2026-09-01,"Source fallback: title + location + posted date (no stable posting URL)","fallback:source-fallbackapplitrack (direct district board)great falls public schoolscampus supervisornorth middle school2024-03-21#1"
"CORE School Teacher Assistant",2026-02-01,NA,"Core School","https://www.applitrack.com/greatfalls/onlineapp/default.aspx","Great Falls Public Schools","AppliTrack (direct district board)",2026-09-01,"Source fallback: title + location + posted date (no stable posting URL)","fallback:source-fallbackapplitrack (direct district board)great falls public schoolscore school teacher assistantcore school2026-02-01#1"
"Lifeguards/Swim Instructor/ Supervisor/Cashier",2026-01-06,NA,"Great Falls High","https://www.applitrack.com/greatfalls/onlineapp/default.aspx","Great Falls Public Schools","AppliTrack (direct district board)",2026-09-01,"Source fallback: title + location + posted date (no stable posting URL)","fallback:source-fallbackapplitrack (direct district board)great falls public schoolslifeguards/swim instructor/ supervisor/cashiergreat falls high2026-01-06#1"
"Special Education Para Educator/Substitutes",2026-08-06,NA,"District-wide","https://www.applitrack.com/greatfalls/onlineapp/default.aspx","Great Falls Public Schools","AppliTrack (direct district board)",2026-09-01,"Source fallback: title + location + posted date (no stable posting URL)","fallback:source-fallbackapplitrack (direct district board)great falls public schoolsspecial education para educator/substitutesdistrict-wide2026-08-06#1"
"Student Skills Assistant",2026-08-10,NA,"East Middle School","https://www.applitrack.com/greatfalls/onlineapp/default.aspx","Great Falls Public Schools","AppliTrack (direct district board)",2026-09-01,"Source fallback: title + location + posted date (no stable posting URL)","fallback:source-fallbackapplitrack (direct district board)great falls public schoolsstudent skills assistanteast middle school2026-08-10#1"
"Teacher Aide / Overload Teacher Aide / Substitute Teacher Aides",2026-08-06,NA,"District-wide","https://www.applitrack.com/greatfalls/onlineapp/default.aspx","Great Falls Public Schools","AppliTrack (direct district board)",2026-09-01,"Source fallback: title + location + posted date (no stable posting URL)","fallback:source-fallbackapplitrack (direct district board)great falls public schoolsteacher aide / overload teacher aide / substitute teacher aidesdistrict-wide2026-08-06#1"
"Teacher Aide assigned to the Curriculum Library",2026-01-13,NA,"Various","https://www.applitrack.com/greatfalls/onlineapp/default.aspx","Great Falls Public Schools","AppliTrack (direct district board)",2026-09-01,"Source fallback: title + location + posted date (no stable posting URL)","fallback:source-fallbackapplitrack (direct district board)great falls public schoolsteacher aide assigned to the curriculum libraryvarious2026-01-13#1"
"Teacher Aide - NMS",2024-09-12,NA,"North Middle School","https://www.applitrack.com/greatfalls/onlineapp/default.aspx","Great Falls Public Schools","AppliTrack (direct district board)",2026-09-01,"Source fallback: title + location + posted date (no stable posting URL)","fallback:source-fallbackapplitrack (direct district board)great falls public schoolsteacher aide - nmsnorth middle school2024-09-12#1"
"Teacher Aide - EMS",2024-10-18,NA,"East Middle School","https://www.applitrack.com/greatfalls/onlineapp/default.aspx","Great Falls Public Schools","AppliTrack (direct district board)",2026-09-01,"Source fallback: title + location + posted date (no stable posting URL)","fallback:source-fallbackapplitrack (direct district board)great falls public schoolsteacher aide - emseast middle school2024-10-18#1"
"Paris Gibson Education Center Tutor - Paris",2026-08-17,NA,"Paris Gibson Education Center","https://www.applitrack.com/greatfalls/onlineapp/default.aspx","Great Falls Public Schools","AppliTrack (direct district board)",2026-09-01,"Source fallback: title + location + posted date (no stable posting URL)","fallback:source-fallbackapplitrack (direct district board)great falls public schoolsparis gibson education center tutor - parisparis gibson education center2026-08-17#1"
"School Psychologist",2026-06-05,NA,"District-wide","https://www.applitrack.com/greatfalls/onlineapp/default.aspx","Great Falls Public Schools","AppliTrack (direct district board)",2026-09-01,"Source fallback: title + location + posted date (no stable posting URL)","fallback:source-fallbackapplitrack (direct district board)great falls public schoolsschool psychologistdistrict-wide2026-06-05#1"
"Administrative Assistant - Food Service",2026-06-08,NA,"District Offices Building","https://www.applitrack.com/greatfalls/onlineapp/default.aspx","Great Falls Public Schools","AppliTrack (direct district board)",2026-09-01,"Source fallback: title + location + posted date (no stable posting URL)","fallback:source-fallbackapplitrack (direct district board)great falls public schoolsadministrative assistant - food servicedistrict offices building2026-06-08#1"
"Scheduling Technician - NMS",2026-08-18,NA,"North Middle School","https://www.applitrack.com/greatfalls/onlineapp/default.aspx","Great Falls Public Schools","AppliTrack (direct district board)",2026-09-01,"Source fallback: title + location + posted date (no stable posting URL)","fallback:source-fallbackapplitrack (direct district board)great falls public schoolsscheduling technician - nmsnorth middle school2026-08-18#1"
"Substitute Teachers",2026-08-06,NA,"District-wide","https://www.applitrack.com/greatfalls/onlineapp/default.aspx","Great Falls Public Schools","AppliTrack (direct district board)",2026-09-01,"Source fallback: title + location + posted date (no stable posting URL)","fallback:source-fallbackapplitrack (direct district board)great falls public schoolssubstitute teachersdistrict-wide2026-08-06#1"
"Information Security Specialist",2026-04-14,NA,"District Offices Building","https://www.applitrack.com/greatfalls/onlineapp/default.aspx","Great Falls Public Schools","AppliTrack (direct district board)",2026-09-01,"Source fallback: title + location + posted date (no stable posting URL)","fallback:source-fallbackapplitrack (direct district board)great falls public schoolsinformation security specialistdistrict offices building2026-04-14#1"
"Head Swim Coach",2026-05-04,NA,"All High Schools","https://www.applitrack.com/helena/onlineapp/default.aspx","Helena Public Schools","AppliTrack (direct district board)",2026-09-01,"Source fallback: title + location + posted date (no stable posting URL)","fallback:source-fallbackapplitrack (direct district board)helena public schoolshead swim coachall high schools2026-05-04#1"
"Assistant Speech and Debate Coach",2026-05-20,NA,"Capital High School","https://www.applitrack.com/helena/onlineapp/default.aspx","Helena Public Schools","AppliTrack (direct district board)",2026-09-01,"Source fallback: title + location + posted date (no stable posting URL)","fallback:source-fallbackapplitrack (direct district board)helena public schoolsassistant speech and debate coachcapital high school2026-05-20#1"
"Assistant Wrestling Coach",2026-06-15,NA,"Capital High School","https://www.applitrack.com/helena/onlineapp/default.aspx","Helena Public Schools","AppliTrack (direct district board)",2026-09-01,"Source fallback: title + location + posted date (no stable posting URL)","fallback:source-fallbackapplitrack (direct district board)helena public schoolsassistant wrestling coachcapital high school2026-06-15#1"
"Assistant Softball Coach",2026-08-03,NA,"Helena High School","https://www.applitrack.com/helena/onlineapp/default.aspx","Helena Public Schools","AppliTrack (direct district board)",2026-09-01,"Source fallback: title + location + posted date (no stable posting URL)","fallback:source-fallbackapplitrack (direct district board)helena public schoolsassistant softball coachhelena high school2026-08-03#1"
"Head Tennis Coach",2026-08-03,NA,"Capital High School","https://www.applitrack.com/helena/onlineapp/default.aspx","Helena Public Schools","AppliTrack (direct district board)",2026-09-01,"Source fallback: title + location + posted date (no stable posting URL)","fallback:source-fallbackapplitrack (direct district board)helena public schoolshead tennis coachcapital high school2026-08-03#1"
"Assistant Tennis Coach",2026-08-26,NA,"Helena High School","https://www.applitrack.com/helena/onlineapp/default.aspx","Helena Public Schools","AppliTrack (direct district board)",2026-09-01,"Source fallback: title + location + posted date (no stable posting URL)","fallback:source-fallbackapplitrack (direct district board)helena public schoolsassistant tennis coachhelena high school2026-08-26#1"
"Long Term Substitute High School Counselor",2026-07-31,NA,"Project for Alternative Learning (PAL)","https://www.applitrack.com/helena/onlineapp/default.aspx","Helena Public Schools","AppliTrack (direct district board)",2026-09-01,"Source fallback: title + location + posted date (no stable posting URL)","fallback:source-fallbackapplitrack (direct district board)helena public schoolslong term substitute high school counselorproject for alternative learning (pal)2026-07-31#1"
"Payroll Systems Supervisor",NA,NA,NA,"https://www.applitrack.com/helena/onlineapp/default.aspx","Helena Public Schools","AppliTrack (direct district board)",2026-09-01,"Source fallback: title + location + posted date (no stable posting URL)","fallback:source-fallbackapplitrack (direct district board)helena public schoolspayroll systems supervisorNANA#1"
"Certified Occupational Therapist Assistant (COTA)",2026-07-17,NA,"All Schools","https://www.applitrack.com/helena/onlineapp/default.aspx","Helena Public Schools","AppliTrack (direct district board)",2026-09-01,"Source fallback: title + location + posted date (no stable posting URL)","fallback:source-fallbackapplitrack (direct district board)helena public schoolscertified occupational therapist assistant (cota)all schools2026-07-17#1"
"Safety and Security Infrastructure Technician",NA,NA,NA,"https://www.applitrack.com/helena/onlineapp/default.aspx","Helena Public Schools","AppliTrack (direct district board)",2026-09-01,"Source fallback: title + location + posted date (no stable posting URL)","fallback:source-fallbackapplitrack (direct district board)helena public schoolssafety and security infrastructure technicianNANA#1"
"Substitute Custodians",NA,NA,NA,"https://www.applitrack.com/helena/onlineapp/default.aspx","Helena Public Schools","AppliTrack (direct district board)",2026-09-01,"Source fallback: title + location + posted date (no stable posting URL)","fallback:source-fallbackapplitrack (direct district board)helena public schoolssubstitute custodiansNANA#1"
"Evening Float Custodian",2026-06-05,NA,"Capital High School","https://www.applitrack.com/helena/onlineapp/default.aspx","Helena Public Schools","AppliTrack (direct district board)",2026-09-01,"Source fallback: title + location + posted date (no stable posting URL)","fallback:source-fallbackapplitrack (direct district board)helena public schoolsevening float custodiancapital high school2026-06-05#1"
"Evening Custodians",2026-06-18,NA,"Capital High School","https://www.applitrack.com/helena/onlineapp/default.aspx","Helena Public Schools","AppliTrack (direct district board)",2026-09-01,"Source fallback: title + location + posted date (no stable posting URL)","fallback:source-fallbackapplitrack (direct district board)helena public schoolsevening custodianscapital high school2026-06-18#1"
"Evening Float Custodian",2026-07-16,NA,"C.R. Anderson Middle School","https://www.applitrack.com/helena/onlineapp/default.aspx","Helena Public Schools","AppliTrack (direct district board)",2026-09-01,"Source fallback: title + location + posted date (no stable posting URL)","fallback:source-fallbackapplitrack (direct district board)helena public schoolsevening float custodianc.r. anderson middle school2026-07-16#1"
"Evening Float Custodian",2026-07-16,NA,"Helena High School","https://www.applitrack.com/helena/onlineapp/default.aspx","Helena Public Schools","AppliTrack (direct district board)",2026-09-01,"Source fallback: title + location + posted date (no stable posting URL)","fallback:source-fallbackapplitrack (direct district board)helena public schoolsevening float custodianhelena high school2026-07-16#1"
"Administrative Secretary - Transportation",2026-07-31,NA,"Transportation","https://www.applitrack.com/helena/onlineapp/default.aspx","Helena Public Schools","AppliTrack (direct district board)",2026-09-01,"Source fallback: title + location + posted date (no stable posting URL)","fallback:source-fallbackapplitrack (direct district board)helena public schoolsadministrative secretary - transportationtransportation2026-07-31#1"
"Elementary School Secretary",2026-08-24,NA,"Four Georgians Elementary School","https://www.applitrack.com/helena/onlineapp/default.aspx","Helena Public Schools","AppliTrack (direct district board)",2026-09-01,"Source fallback: title + location + posted date (no stable posting URL)","fallback:source-fallbackapplitrack (direct district board)helena public schoolselementary school secretaryfour georgians elementary school2026-08-24#1"
"Special Education Teacher",NA,NA,NA,"https://www.applitrack.com/helena/onlineapp/default.aspx","Helena Public Schools","AppliTrack (direct district board)",2026-09-01,"Source fallback: title + location + posted date (no stable posting URL)","fallback:source-fallbackapplitrack (direct district board)helena public schoolsspecial education teacherNANA#1"
"Physical Therapist",2026-08-31,NA,"District Wide","https://www.applitrack.com/helena/onlineapp/default.aspx","Helena Public Schools","AppliTrack (direct district board)",2026-09-01,"Source fallback: title + location + posted date (no stable posting URL)","fallback:source-fallbackapplitrack (direct district board)helena public schoolsphysical therapistdistrict wide2026-08-31#1"
"Occupational Therapist",2026-08-31,NA,"District Wide","https://www.applitrack.com/helena/onlineapp/default.aspx","Helena Public Schools","AppliTrack (direct district board)",2026-09-01,"Source fallback: title + location + posted date (no stable posting URL)","fallback:source-fallbackapplitrack (direct district board)helena public schoolsoccupational therapistdistrict wide2026-08-31#1"
"Part-time (.80 FTE) School Nurse",2026-07-17,NA,"All Elementary Schools","https://www.applitrack.com/helena/onlineapp/default.aspx","Helena Public Schools","AppliTrack (direct district board)",2026-09-01,"Source fallback: title + location + posted date (no stable posting URL)","fallback:source-fallbackapplitrack (direct district board)helena public schoolspart-time (.80 fte) school nurseall elementary schools2026-07-17#1"
"Substitute Registered Nurse",NA,NA,NA,"https://www.applitrack.com/helena/onlineapp/default.aspx","Helena Public Schools","AppliTrack (direct district board)",2026-09-01,"Source fallback: title + location + posted date (no stable posting URL)","fallback:source-fallbackapplitrack (direct district board)helena public schoolssubstitute registered nurseNANA#1"
"Substitute Teachers (26-27 School Year)",2026-07-13,NA,"District Wide","https://www.applitrack.com/helena/onlineapp/default.aspx","Helena Public Schools","AppliTrack (direct district board)",2026-09-01,"Source fallback: title + location + posted date (no stable posting URL)","fallback:source-fallbackapplitrack (direct district board)helena public schoolssubstitute teachers (26-27 school year)district wide2026-07-13#1"
"Substitute Para Educators (Teacher Assistants)",2026-07-13,NA,"District Wide","https://www.applitrack.com/helena/onlineapp/default.aspx","Helena Public Schools","AppliTrack (direct district board)",2026-09-01,"Source fallback: title + location + posted date (no stable posting URL)","fallback:source-fallbackapplitrack (direct district board)helena public schoolssubstitute para educators (teacher assistants)district wide2026-07-13#1"
"SACC Lead Teacher",NA,NA,NA,"https://www.applitrack.com/helena/onlineapp/default.aspx","Helena Public Schools","AppliTrack (direct district board)",2026-09-01,"Source fallback: title + location + posted date (no stable posting URL)","fallback:source-fallbackapplitrack (direct district board)helena public schoolssacc lead teacherNANA#1"
"Level I (Special Education) Para Educator (Teacher Assistant) 2026-2027",2026-08-07,NA,"District Wide","https://www.applitrack.com/helena/onlineapp/default.aspx","Helena Public Schools","AppliTrack (direct district board)",2026-09-01,"Source fallback: title + location + posted date (no stable posting URL)","fallback:source-fallbackapplitrack (direct district board)helena public schoolslevel i (special education) para educator (teacher assistant) 2026-2027district wide2026-08-07#1"
"General Education Para Educator (Teacher Assistant)",2026-08-07,NA,"Capital High School","https://www.applitrack.com/helena/onlineapp/default.aspx","Helena Public Schools","AppliTrack (direct district board)",2026-09-01,"Source fallback: title + location + posted date (no stable posting URL)","fallback:source-fallbackapplitrack (direct district board)helena public schoolsgeneral education para educator (teacher assistant)capital high school2026-08-07#1"
"KinderSprouts Para Educator (Teacher Assistant)",2026-08-11,NA,"All Elementary Schools","https://www.applitrack.com/helena/onlineapp/default.aspx","Helena Public Schools","AppliTrack (direct district board)",2026-09-01,"Source fallback: title + location + posted date (no stable posting URL)","fallback:source-fallbackapplitrack (direct district board)helena public schoolskindersprouts para educator (teacher assistant)all elementary schools2026-08-11#1"
"School Aged Child Care (SACC) Para Educators (Assistant)",2026-08-07,NA,"District Wide","https://www.applitrack.com/helena/onlineapp/default.aspx","Helena Public Schools","AppliTrack (direct district board)",2026-09-01,"Source fallback: title + location + posted date (no stable posting URL)","fallback:source-fallbackapplitrack (direct district board)helena public schoolsschool aged child care (sacc) para educators (assistant)district wide2026-08-07#1"
"Middle School Level I (Special Education) Para Educator (Teacher Assistant) 2026-2027",2026-08-10,NA,"All Middle Schools","https://www.applitrack.com/helena/onlineapp/default.aspx","Helena Public Schools","AppliTrack (direct district board)",2026-09-01,"Source fallback: title + location + posted date (no stable posting URL)","fallback:source-fallbackapplitrack (direct district board)helena public schoolsmiddle school level i (special education) para educator (teacher assistant) 2026-2027all middle schools2026-08-10#1"
"General Education Para Educator (Teacher Assistant)- Exploration Works",2026-09-01,NA,"Exploration Works","https://www.applitrack.com/helena/onlineapp/default.aspx","Helena Public Schools","AppliTrack (direct district board)",2026-09-01,"Source fallback: title + location + posted date (no stable posting URL)","fallback:source-fallbackapplitrack (direct district board)helena public schoolsgeneral education para educator (teacher assistant)- exploration worksexploration works2026-09-01#1"
"Assistant Wrestling Coaches",2026-06-08,NA,"East Helena High School","https://www.applitrack.com/ehps/onlineapp/default.aspx","East Helena Public Schools","AppliTrack (direct district board)",2026-09-01,"Source fallback: title + location + posted date (no stable posting URL)","fallback:source-fallbackapplitrack (direct district board)east helena public schoolsassistant wrestling coacheseast helena high school2026-06-08#1"
"Math Teacher",2026-05-29,NA,"District Wide","https://www.applitrack.com/ehps/onlineapp/default.aspx","East Helena Public Schools","AppliTrack (direct district board)",2026-09-01,"Source fallback: title + location + posted date (no stable posting URL)","fallback:source-fallbackapplitrack (direct district board)east helena public schoolsmath teacherdistrict wide2026-05-29#1"
"Paraprofessional",2026-08-06,NA,"District Wide","https://www.applitrack.com/ehps/onlineapp/default.aspx","East Helena Public Schools","AppliTrack (direct district board)",2026-09-01,"Source fallback: title + location + posted date (no stable posting URL)","fallback:source-fallbackapplitrack (direct district board)east helena public schoolsparaprofessionaldistrict wide2026-08-06#1"
"Drivers Education Teacher",2025-01-02,NA,"East Helena High School","https://www.applitrack.com/ehps/onlineapp/default.aspx","East Helena Public Schools","AppliTrack (direct district board)",2026-09-01,"Source fallback: title + location + posted date (no stable posting URL)","fallback:source-fallbackapplitrack (direct district board)east helena public schoolsdrivers education teachereast helena high school2025-01-02#1"
"Science Teacher",2026-06-15,NA,"East Helena High School","https://www.applitrack.com/ehps/onlineapp/default.aspx","East Helena Public Schools","AppliTrack (direct district board)",2026-09-01,"Source fallback: title + location + posted date (no stable posting URL)","fallback:source-fallbackapplitrack (direct district board)east helena public schoolsscience teachereast helena high school2026-06-15#1"
"Foreign Language Teacher",2026-06-01,NA,"East Valley Middle School","https://www.applitrack.com/ehps/onlineapp/default.aspx","East Helena Public Schools","AppliTrack (direct district board)",2026-09-01,"Source fallback: title + location + posted date (no stable posting URL)","fallback:source-fallbackapplitrack (direct district board)east helena public schoolsforeign language teachereast valley middle school2026-06-01#1"
"Kitchen Aid",2026-08-06,NA,"District Wide","https://www.applitrack.com/ehps/onlineapp/default.aspx","East Helena Public Schools","AppliTrack (direct district board)",2026-09-01,"Source fallback: title + location + posted date (no stable posting URL)","fallback:source-fallbackapplitrack (direct district board)east helena public schoolskitchen aiddistrict wide2026-08-06#1"
"Custodian",2026-06-15,NA,"District Wide","https://www.applitrack.com/ehps/onlineapp/default.aspx","East Helena Public Schools","AppliTrack (direct district board)",2026-09-01,"Source fallback: title + location + posted date (no stable posting URL)","fallback:source-fallbackapplitrack (direct district board)east helena public schoolscustodiandistrict wide2026-06-15#1"
"Substitutes",2026-06-15,NA,"District Wide","https://www.applitrack.com/ehps/onlineapp/default.aspx","East Helena Public Schools","AppliTrack (direct district board)",2026-09-01,"Source fallback: title + location + posted date (no stable posting URL)","fallback:source-fallbackapplitrack (direct district board)east helena public schoolssubstitutesdistrict wide2026-06-15#1"
"Head Athletic Coach | Girls Soccer",NA,NA,NA,"https://www.applitrack.com/lockwoodschool/onlineapp/default.aspx","Lockwood Schools","AppliTrack (direct district board)",2026-09-01,"Source fallback: title + location + posted date (no stable posting URL)","fallback:source-fallbackapplitrack (direct district board)lockwood schoolshead athletic coach | girls soccerNANA#1"
"Head Athletic Coach | Boys Soccer",NA,NA,NA,"https://www.applitrack.com/lockwoodschool/onlineapp/default.aspx","Lockwood Schools","AppliTrack (direct district board)",2026-09-01,"Source fallback: title + location + posted date (no stable posting URL)","fallback:source-fallbackapplitrack (direct district board)lockwood schoolshead athletic coach | boys soccerNANA#1"
"Business Education Teacher",2026-08-12,NA,"Lockwood Schools K-12","https://www.applitrack.com/lockwoodschool/onlineapp/default.aspx","Lockwood Schools","AppliTrack (direct district board)",2026-09-01,"Source fallback: title + location + posted date (no stable posting URL)","fallback:source-fallbackapplitrack (direct district board)lockwood schoolsbusiness education teacherlockwood schools k-122026-08-12#1"
"Mathematics Teacher (Grades 9-12)",2026-07-09,NA,"Lockwood Schools K-12","https://www.applitrack.com/lockwoodschool/onlineapp/default.aspx","Lockwood Schools","AppliTrack (direct district board)",2026-09-01,"Source fallback: title + location + posted date (no stable posting URL)","fallback:source-fallbackapplitrack (direct district board)lockwood schoolsmathematics teacher (grades 9-12)lockwood schools k-122026-07-09#1"
"Special Education Teacher (Grades K-12)",2026-02-23,NA,"Lockwood Schools K-12","https://www.applitrack.com/lockwoodschool/onlineapp/default.aspx","Lockwood Schools","AppliTrack (direct district board)",2026-09-01,"Source fallback: title + location + posted date (no stable posting URL)","fallback:source-fallbackapplitrack (direct district board)lockwood schoolsspecial education teacher (grades k-12)lockwood schools k-122026-02-23#1"
"Custodian",2024-07-24,NA,"Lockwood Schools K-12","https://www.applitrack.com/lockwoodschool/onlineapp/default.aspx","Lockwood Schools","AppliTrack (direct district board)",2026-09-01,"Source fallback: title + location + posted date (no stable posting URL)","fallback:source-fallbackapplitrack (direct district board)lockwood schoolscustodianlockwood schools k-122024-07-24#1"
"Part-Time Crosswalk Guard",2025-08-21,NA,"Lockwood Schools K-12","https://www.applitrack.com/lockwoodschool/onlineapp/default.aspx","Lockwood Schools","AppliTrack (direct district board)",2026-09-01,"Source fallback: title + location + posted date (no stable posting URL)","fallback:source-fallbackapplitrack (direct district board)lockwood schoolspart-time crosswalk guardlockwood schools k-122025-08-21#1"
"High School Paraprofessional (Non-Instructional)",NA,NA,"08/2026","https://www.applitrack.com/lockwoodschool/onlineapp/default.aspx","Lockwood Schools","AppliTrack (direct district board)",2026-09-01,"Source fallback: title + location + posted date (no stable posting URL)","fallback:source-fallbackapplitrack (direct district board)lockwood schoolshigh school paraprofessional (non-instructional)08/2026NA#1"
"Paraprofessional (Non-Instructional)",NA,NA,NA,"https://www.applitrack.com/lockwoodschool/onlineapp/default.aspx","Lockwood Schools","AppliTrack (direct district board)",2026-09-01,"Source fallback: title + location + posted date (no stable posting URL)","fallback:source-fallbackapplitrack (direct district board)lockwood schoolsparaprofessional (non-instructional)NANA#1"
"High School Paraprofessional (Non-Instructional)",NA,NA,"08/2026","https://www.applitrack.com/lockwoodschool/onlineapp/default.aspx","Lockwood Schools","AppliTrack (direct district board)",2026-09-01,"Source fallback: title + location + posted date (no stable posting URL)","fallback:source-fallbackapplitrack (direct district board)lockwood schoolshigh school paraprofessional (non-instructional)08/2026NA#2"
"Speech-Language Pathologist (K12) | Part-Time",2026-08-05,NA,"Lockwood Schools K-12","https://www.applitrack.com/lockwoodschool/onlineapp/default.aspx","Lockwood Schools","AppliTrack (direct district board)",2026-09-01,"Source fallback: title + location + posted date (no stable posting URL)","fallback:source-fallbackapplitrack (direct district board)lockwood schoolsspeech-language pathologist (k12) | part-timelockwood schools k-122026-08-05#1"
"Substitute Teachers, Paras, Secretary",2024-07-24,NA,"Lockwood Schools K-12","https://www.applitrack.com/lockwoodschool/onlineapp/default.aspx","Lockwood Schools","AppliTrack (direct district board)",2026-09-01,"Source fallback: title + location + posted date (no stable posting URL)","fallback:source-fallbackapplitrack (direct district board)lockwood schoolssubstitute teachers, paras, secretarylockwood schools k-122024-07-24#1"
"Bus Aide",NA,NA,NA,"https://www.applitrack.com/lockwoodschool/onlineapp/default.aspx","Lockwood Schools","AppliTrack (direct district board)",2026-09-01,"Source fallback: title + location + posted date (no stable posting URL)","fallback:source-fallbackapplitrack (direct district board)lockwood schoolsbus aideNANA#1"
"Daycare Aide | Part-Time",NA,NA,NA,"https://www.applitrack.com/lockwoodschool/onlineapp/default.aspx","Lockwood Schools","AppliTrack (direct district board)",2026-09-01,"Source fallback: title + location + posted date (no stable posting URL)","fallback:source-fallbackapplitrack (direct district board)lockwood schoolsdaycare aide | part-timeNANA#1"
"High School Assistant Swim Coach",NA,NA,"2026-27 School Year","https://www.applitrack.com/havre/onlineapp/default.aspx","Havre Public Schools","AppliTrack (direct district board)",2026-09-01,"Source fallback: title + location + posted date (no stable posting URL)","fallback:source-fallbackapplitrack (direct district board)havre public schoolshigh school assistant swim coach2026-27 school yearNA#1"
"Elementary Special Education Teacher",NA,NA,"2026-27 School Year","https://www.applitrack.com/havre/onlineapp/default.aspx","Havre Public Schools","AppliTrack (direct district board)",2026-09-01,"Source fallback: title + location + posted date (no stable posting URL)","fallback:source-fallbackapplitrack (direct district board)havre public schoolselementary special education teacher2026-27 school yearNA#1"
"Substitute Food Service Helper",NA,NA,NA,"https://www.applitrack.com/havre/onlineapp/default.aspx","Havre Public Schools","AppliTrack (direct district board)",2026-09-01,"Source fallback: title + location + posted date (no stable posting URL)","fallback:source-fallbackapplitrack (direct district board)havre public schoolssubstitute food service helperNANA#1"
"Helper - School Food Service",NA,NA,NA,"https://www.applitrack.com/havre/onlineapp/default.aspx","Havre Public Schools","AppliTrack (direct district board)",2026-09-01,"Source fallback: title + location + posted date (no stable posting URL)","fallback:source-fallbackapplitrack (direct district board)havre public schoolshelper - school food serviceNANA#1"
"High School English Teacher",2026-04-29,NA,"Havre High School","https://www.applitrack.com/havre/onlineapp/default.aspx","Havre Public Schools","AppliTrack (direct district board)",2026-09-01,"Source fallback: title + location + posted date (no stable posting URL)","fallback:source-fallbackapplitrack (direct district board)havre public schoolshigh school english teacherhavre high school2026-04-29#1"
"High School Math Teacher",2026-01-16,NA,"Havre High School","https://www.applitrack.com/havre/onlineapp/default.aspx","Havre Public Schools","AppliTrack (direct district board)",2026-09-01,"Source fallback: title + location + posted date (no stable posting URL)","fallback:source-fallbackapplitrack (direct district board)havre public schoolshigh school math teacherhavre high school2026-01-16#1"
"Custodian",2026-08-21,NA,"Havre Middle School","https://www.applitrack.com/havre/onlineapp/default.aspx","Havre Public Schools","AppliTrack (direct district board)",2026-09-01,"Source fallback: title + location + posted date (no stable posting URL)","fallback:source-fallbackapplitrack (direct district board)havre public schoolscustodianhavre middle school2026-08-21#1"
"Middle School Teacher",NA,NA,"2026-27 School Year","https://www.applitrack.com/havre/onlineapp/default.aspx","Havre Public Schools","AppliTrack (direct district board)",2026-09-01,"Source fallback: title + location + posted date (no stable posting URL)","fallback:source-fallbackapplitrack (direct district board)havre public schoolsmiddle school teacher2026-27 school yearNA#1"
"Middle School English Language Arts Teacher",NA,NA,"2026-27 School Year","https://www.applitrack.com/havre/onlineapp/default.aspx","Havre Public Schools","AppliTrack (direct district board)",2026-09-01,"Source fallback: title + location + posted date (no stable posting URL)","fallback:source-fallbackapplitrack (direct district board)havre public schoolsmiddle school english language arts teacher2026-27 school yearNA#1"
"Speech Language Pathologist",2025-03-18,NA,"District Wide","https://www.applitrack.com/havre/onlineapp/default.aspx","Havre Public Schools","AppliTrack (direct district board)",2026-09-01,"Source fallback: title + location + posted date (no stable posting URL)","fallback:source-fallbackapplitrack (direct district board)havre public schoolsspeech language pathologistdistrict wide2025-03-18#1"
"Substitute Teacher",2024-08-21,NA,"District Wide","https://www.applitrack.com/havre/onlineapp/default.aspx","Havre Public Schools","AppliTrack (direct district board)",2026-09-01,"Source fallback: title + location + posted date (no stable posting URL)","fallback:source-fallbackapplitrack (direct district board)havre public schoolssubstitute teacherdistrict wide2024-08-21#1"
"Relief Bus Driver",NA,NA,NA,"https://www.applitrack.com/havre/onlineapp/default.aspx","Havre Public Schools","AppliTrack (direct district board)",2026-09-01,"Source fallback: title + location + posted date (no stable posting URL)","fallback:source-fallbackapplitrack (direct district board)havre public schoolsrelief bus driverNANA#1"
"Paraprofessional",2024-08-21,NA,"District Wide","https://www.applitrack.com/havre/onlineapp/default.aspx","Havre Public Schools","AppliTrack (direct district board)",2026-09-01,"Source fallback: title + location + posted date (no stable posting URL)","fallback:source-fallbackapplitrack (direct district board)havre public schoolsparaprofessionaldistrict wide2024-08-21#1"
"Academic Mentor",2026-08-14,NA,"District Wide","https://www.applitrack.com/havre/onlineapp/default.aspx","Havre Public Schools","AppliTrack (direct district board)",2026-09-01,"Source fallback: title + location + posted date (no stable posting URL)","fallback:source-fallbackapplitrack (direct district board)havre public schoolsacademic mentordistrict wide2026-08-14#1"
"Assistant Girls Basketball Coach (DCHS)",2026-07-09,NA,"Dawson County High School","https://www.applitrack.com/glendiveschools/onlineapp/default.aspx","Glendive Public Schools","AppliTrack (direct district board)",2026-09-01,"Source fallback: title + location + posted date (no stable posting URL)","fallback:source-fallbackapplitrack (direct district board)glendive public schoolsassistant girls basketball coach (dchs)dawson county high school2026-07-09#1"
"Accounts Payable/Payroll Specialist",2026-08-28,NA,"Central Office","https://www.applitrack.com/glendiveschools/onlineapp/default.aspx","Glendive Public Schools","AppliTrack (direct district board)",2026-09-01,"Source fallback: title + location + posted date (no stable posting URL)","fallback:source-fallbackapplitrack (direct district board)glendive public schoolsaccounts payable/payroll specialistcentral office2026-08-28#1"
"Substitute Teacher / Paraprofessional",2026-07-09,NA,"Glendive Public Schools","https://www.applitrack.com/glendiveschools/onlineapp/default.aspx","Glendive Public Schools","AppliTrack (direct district board)",2026-09-01,"Source fallback: title + location + posted date (no stable posting URL)","fallback:source-fallbackapplitrack (direct district board)glendive public schoolssubstitute teacher / paraprofessionalglendive public schools2026-07-09#1"
"Substitute Cook",2026-07-09,NA,"Glendive Public Schools","https://www.applitrack.com/glendiveschools/onlineapp/default.aspx","Glendive Public Schools","AppliTrack (direct district board)",2026-09-01,"Source fallback: title + location + posted date (no stable posting URL)","fallback:source-fallbackapplitrack (direct district board)glendive public schoolssubstitute cookglendive public schools2026-07-09#1"
"High School Drivers Education Teacher",2026-07-09,NA,"Dawson County High School","https://www.applitrack.com/glendiveschools/onlineapp/default.aspx","Glendive Public Schools","AppliTrack (direct district board)",2026-09-01,"Source fallback: title + location + posted date (no stable posting URL)","fallback:source-fallbackapplitrack (direct district board)glendive public schoolshigh school drivers education teacherdawson county high school2026-07-09#1"
"High School Special Education Teacher",2026-07-27,NA,"Glendive Public Schools","https://www.applitrack.com/glendiveschools/onlineapp/default.aspx","Glendive Public Schools","AppliTrack (direct district board)",2026-09-01,"Source fallback: title + location + posted date (no stable posting URL)","fallback:source-fallbackapplitrack (direct district board)glendive public schoolshigh school special education teacherglendive public schools2026-07-27#1"
"Middle School Special Education Teacher",2026-08-03,NA,"Washington Middle School","https://www.applitrack.com/glendiveschools/onlineapp/default.aspx","Glendive Public Schools","AppliTrack (direct district board)",2026-09-01,"Source fallback: title + location + posted date (no stable posting URL)","fallback:source-fallbackapplitrack (direct district board)glendive public schoolsmiddle school special education teacherwashington middle school2026-08-03#1"
"School Psychologist",2026-08-20,NA,"Glendive Public Schools","https://www.applitrack.com/glendiveschools/onlineapp/default.aspx","Glendive Public Schools","AppliTrack (direct district board)",2026-09-01,"Source fallback: title + location + posted date (no stable posting URL)","fallback:source-fallbackapplitrack (direct district board)glendive public schoolsschool psychologistglendive public schools2026-08-20#1"
"Head Track Coach (DCHS)",2026-07-09,NA,"Dawson County High School","https://www.applitrack.com/glendiveschools/onlineapp/default.aspx","Glendive Public Schools","AppliTrack (direct district board)",2026-09-01,"Source fallback: title + location + posted date (no stable posting URL)","fallback:source-fallbackapplitrack (direct district board)glendive public schoolshead track coach (dchs)dawson county high school2026-07-09#1"
"Temporary Custodian (GPS)",2026-07-09,NA,"Glendive Public Schools","https://www.applitrack.com/glendiveschools/onlineapp/default.aspx","Glendive Public Schools","AppliTrack (direct district board)",2026-09-01,"Source fallback: title + location + posted date (no stable posting URL)","fallback:source-fallbackapplitrack (direct district board)glendive public schoolstemporary custodian (gps)glendive public schools2026-07-09#1"
"Custodian - WMS (Part Time)",2026-07-09,NA,"Washington Middle School","https://www.applitrack.com/glendiveschools/onlineapp/default.aspx","Glendive Public Schools","AppliTrack (direct district board)",2026-09-01,"Source fallback: title + location + posted date (no stable posting URL)","fallback:source-fallbackapplitrack (direct district board)glendive public schoolscustodian - wms (part time)washington middle school2026-07-09#1"
"Special Education Paraprofessional (District)",2026-07-09,NA,"Glendive Public Schools","https://www.applitrack.com/glendiveschools/onlineapp/default.aspx","Glendive Public Schools","AppliTrack (direct district board)",2026-09-01,"Source fallback: title + location + posted date (no stable posting URL)","fallback:source-fallbackapplitrack (direct district board)glendive public schoolsspecial education paraprofessional (district)glendive public schools2026-07-09#1"
"Substitute Custodian (GPS)",2026-07-09,NA,"Glendive Public Schools","https://www.applitrack.com/glendiveschools/onlineapp/default.aspx","Glendive Public Schools","AppliTrack (direct district board)",2026-09-01,"Source fallback: title + location + posted date (no stable posting URL)","fallback:source-fallbackapplitrack (direct district board)glendive public schoolssubstitute custodian (gps)glendive public schools2026-07-09#1"
"Bus Driver",NA,NA,"2026-2027 School Year","https://www.applitrack.com/glendiveschools/onlineapp/default.aspx","Glendive Public Schools","AppliTrack (direct district board)",2026-09-01,"Source fallback: title + location + posted date (no stable posting URL)","fallback:source-fallbackapplitrack (direct district board)glendive public schoolsbus driver2026-2027 school yearNA#1"
"Substitute Bus Driver",NA,NA,"2026-2027 School Year","https://www.applitrack.com/glendiveschools/onlineapp/default.aspx","Glendive Public Schools","AppliTrack (direct district board)",2026-09-01,"Source fallback: title + location + posted date (no stable posting URL)","fallback:source-fallbackapplitrack (direct district board)glendive public schoolssubstitute bus driver2026-2027 school yearNA#1"
"Bus Aide",NA,NA,"2026-2027 School Year","https://www.applitrack.com/glendiveschools/onlineapp/default.aspx","Glendive Public Schools","AppliTrack (direct district board)",2026-09-01,"Source fallback: title + location + posted date (no stable posting URL)","fallback:source-fallbackapplitrack (direct district board)glendive public schoolsbus aide2026-2027 school yearNA#1"
"Sustitute Bus Aide",NA,NA,"2026-2027 School Year","https://www.applitrack.com/glendiveschools/onlineapp/default.aspx","Glendive Public Schools","AppliTrack (direct district board)",2026-09-01,"Source fallback: title + location + posted date (no stable posting URL)","fallback:source-fallbackapplitrack (direct district board)glendive public schoolssustitute bus aide2026-2027 school yearNA#1"
"Middle School Principal",2026-03-31,NA,"Frank Brattin Middle School (FBMS)","https://www.applitrack.com/colstrip/onlineapp/default.aspx","Colstrip Public Schools","AppliTrack (direct district board)",2026-09-01,"Source fallback: title + location + posted date (no stable posting URL)","fallback:source-fallbackapplitrack (direct district board)colstrip public schoolsmiddle school principalfrank brattin middle school (fbms)2026-03-31#1"
"Elementary School Principal",2026-04-20,NA,"Pine Butte Elementary School (PBES)","https://www.applitrack.com/colstrip/onlineapp/default.aspx","Colstrip Public Schools","AppliTrack (direct district board)",2026-09-01,"Source fallback: title + location + posted date (no stable posting URL)","fallback:source-fallbackapplitrack (direct district board)colstrip public schoolselementary school principalpine butte elementary school (pbes)2026-04-20#1"
"Extra Curricular Coach/ Activities Sponsor",2025-01-28,NA,"District Position","https://www.applitrack.com/colstrip/onlineapp/default.aspx","Colstrip Public Schools","AppliTrack (direct district board)",2026-09-01,"Source fallback: title + location + posted date (no stable posting URL)","fallback:source-fallbackapplitrack (direct district board)colstrip public schoolsextra curricular coach/ activities sponsordistrict position2025-01-28#1"
"Bus Driver - Route",2025-01-27,NA,"District Position","https://www.applitrack.com/colstrip/onlineapp/default.aspx","Colstrip Public Schools","AppliTrack (direct district board)",2026-09-01,"Source fallback: title + location + posted date (no stable posting URL)","fallback:source-fallbackapplitrack (direct district board)colstrip public schoolsbus driver - routedistrict position2025-01-27#1"
"Bus Monitor",2025-01-27,NA,"Colstrip High School (CHS)","https://www.applitrack.com/colstrip/onlineapp/default.aspx","Colstrip Public Schools","AppliTrack (direct district board)",2026-09-01,"Source fallback: title + location + posted date (no stable posting URL)","fallback:source-fallbackapplitrack (direct district board)colstrip public schoolsbus monitorcolstrip high school (chs)2025-01-27#1"
"Elementary Education Teacher K-8",2026-04-06,NA,"Pine Butte Elementary School (PBES)","https://www.applitrack.com/colstrip/onlineapp/default.aspx","Colstrip Public Schools","AppliTrack (direct district board)",2026-09-01,"Source fallback: title + location + posted date (no stable posting URL)","fallback:source-fallbackapplitrack (direct district board)colstrip public schoolselementary education teacher k-8pine butte elementary school (pbes)2026-04-06#1"
"Title I Reading / Math Teacher",2026-04-10,NA,"Pine Butte Elementary School (PBES)","https://www.applitrack.com/colstrip/onlineapp/default.aspx","Colstrip Public Schools","AppliTrack (direct district board)",2026-09-01,"Source fallback: title + location + posted date (no stable posting URL)","fallback:source-fallbackapplitrack (direct district board)colstrip public schoolstitle i reading / math teacherpine butte elementary school (pbes)2026-04-10#1"
"High School English Teacher",2026-05-29,NA,"Colstrip High School (CHS)","https://www.applitrack.com/colstrip/onlineapp/default.aspx","Colstrip Public Schools","AppliTrack (direct district board)",2026-09-01,"Source fallback: title + location + posted date (no stable posting URL)","fallback:source-fallbackapplitrack (direct district board)colstrip public schoolshigh school english teachercolstrip high school (chs)2026-05-29#1"
"Custodian",2025-08-01,NA,"District Position","https://www.applitrack.com/colstrip/onlineapp/default.aspx","Colstrip Public Schools","AppliTrack (direct district board)",2026-09-01,"Source fallback: title + location + posted date (no stable posting URL)","fallback:source-fallbackapplitrack (direct district board)colstrip public schoolscustodiandistrict position2025-08-01#1"
"Head Custodian",2025-10-29,NA,"District Position","https://www.applitrack.com/colstrip/onlineapp/default.aspx","Colstrip Public Schools","AppliTrack (direct district board)",2026-09-01,"Source fallback: title + location + posted date (no stable posting URL)","fallback:source-fallbackapplitrack (direct district board)colstrip public schoolshead custodiandistrict position2025-10-29#1"
"Spanish Education Teacher / Foreign Language Teacher Grades 6-12",2026-04-10,NA,"Colstrip High School (CHS)","https://www.applitrack.com/colstrip/onlineapp/default.aspx","Colstrip Public Schools","AppliTrack (direct district board)",2026-09-01,"Source fallback: title + location + posted date (no stable posting URL)","fallback:source-fallbackapplitrack (direct district board)colstrip public schoolsspanish education teacher / foreign language teacher grades 6-12colstrip high school (chs)2026-04-10#1"
"Special Education Teacher (Grades K-12)",2026-02-19,NA,"Frank Brattin Middle School (FBMS)","https://www.applitrack.com/colstrip/onlineapp/default.aspx","Colstrip Public Schools","AppliTrack (direct district board)",2026-09-01,"Source fallback: title + location + posted date (no stable posting URL)","fallback:source-fallbackapplitrack (direct district board)colstrip public schoolsspecial education teacher (grades k-12)frank brattin middle school (fbms)2026-02-19#1"
"Elementary Education Teacher K-8",2025-04-15,NA,"Frank Brattin Middle School (FBMS)","https://www.applitrack.com/colstrip/onlineapp/default.aspx","Colstrip Public Schools","AppliTrack (direct district board)",2026-09-01,"Source fallback: title + location + posted date (no stable posting URL)","fallback:source-fallbackapplitrack (direct district board)colstrip public schoolselementary education teacher k-8frank brattin middle school (fbms)2025-04-15#1"
"Elementary (6-8) Title 1 Teacher",2025-01-27,NA,"Frank Brattin Middle School (FBMS)","https://www.applitrack.com/colstrip/onlineapp/default.aspx","Colstrip Public Schools","AppliTrack (direct district board)",2026-09-01,"Source fallback: title + location + posted date (no stable posting URL)","fallback:source-fallbackapplitrack (direct district board)colstrip public schoolselementary (6-8) title 1 teacherfrank brattin middle school (fbms)2025-01-27#1"
"Counselor -High School",2026-03-31,NA,"Colstrip High School (CHS)","https://www.applitrack.com/colstrip/onlineapp/default.aspx","Colstrip Public Schools","AppliTrack (direct district board)",2026-09-01,"Source fallback: title + location + posted date (no stable posting URL)","fallback:source-fallbackapplitrack (direct district board)colstrip public schoolscounselor -high schoolcolstrip high school (chs)2026-03-31#1"
"Substitute Food Service",NA,NA,NA,"https://www.applitrack.com/colstrip/onlineapp/default.aspx","Colstrip Public Schools","AppliTrack (direct district board)",2026-09-01,"Source fallback: title + location + posted date (no stable posting URL)","fallback:source-fallbackapplitrack (direct district board)colstrip public schoolssubstitute food serviceNANA#1"
"District Substitute",2025-08-01,NA,"District Position","https://www.applitrack.com/colstrip/onlineapp/default.aspx","Colstrip Public Schools","AppliTrack (direct district board)",2026-09-01,"Source fallback: title + location + posted date (no stable posting URL)","fallback:source-fallbackapplitrack (direct district board)colstrip public schoolsdistrict substitutedistrict position2025-08-01#1"
"Central Warehouse",2025-11-03,NA,"District Position","https://www.applitrack.com/colstrip/onlineapp/default.aspx","Colstrip Public Schools","AppliTrack (direct district board)",2026-09-01,"Source fallback: title + location + posted date (no stable posting URL)","fallback:source-fallbackapplitrack (direct district board)colstrip public schoolscentral warehousedistrict position2025-11-03#1"
"Work Based Learning Student (Co-op)",2026-05-15,NA,"District Position","https://www.applitrack.com/colstrip/onlineapp/default.aspx","Colstrip Public Schools","AppliTrack (direct district board)",2026-09-01,"Source fallback: title + location + posted date (no stable posting URL)","fallback:source-fallbackapplitrack (direct district board)colstrip public schoolswork based learning student (co-op)district position2026-05-15#1"
"Library Media Specialist",NA,NA,NA,"https://www.applitrack.com/sidney/onlineapp/default.aspx","Sidney Public Schools","AppliTrack (direct district board)",2026-09-01,"Source fallback: title + location + posted date (no stable posting URL)","fallback:source-fallbackapplitrack (direct district board)sidney public schoolslibrary media specialistNANA#1"
"Special Education Teacher Grades 7-12",2025-05-15,NA,"Sidney Jr/Sr High School","https://www.applitrack.com/sidney/onlineapp/default.aspx","Sidney Public Schools","AppliTrack (direct district board)",2026-09-01,"Source fallback: title + location + posted date (no stable posting URL)","fallback:source-fallbackapplitrack (direct district board)sidney public schoolsspecial education teacher grades 7-12sidney jr/sr high school2025-05-15#1"
"Substitute School Nurse RN/LPN",2025-12-17,NA,"Sidney Central District Office","https://www.applitrack.com/sidney/onlineapp/default.aspx","Sidney Public Schools","AppliTrack (direct district board)",2026-09-01,"Source fallback: title + location + posted date (no stable posting URL)","fallback:source-fallbackapplitrack (direct district board)sidney public schoolssubstitute school nurse rn/lpnsidney central district office2025-12-17#1"
"Substitute Bus Driver",NA,NA,"09/01/2021","https://www.applitrack.com/sidney/onlineapp/default.aspx","Sidney Public Schools","AppliTrack (direct district board)",2026-09-01,"Source fallback: title + location + posted date (no stable posting URL)","fallback:source-fallbackapplitrack (direct district board)sidney public schoolssubstitute bus driver09/01/2021NA#1"
"Substitute Teacher /Substitute Aide/Substitute Nurse",2021-07-01,NA,"Sidney Central District Office","https://www.applitrack.com/sidney/onlineapp/default.aspx","Sidney Public Schools","AppliTrack (direct district board)",2026-09-01,"Source fallback: title + location + posted date (no stable posting URL)","fallback:source-fallbackapplitrack (direct district board)sidney public schoolssubstitute teacher /substitute aide/substitute nursesidney central district office2021-07-01#1"
"Bus Driver",2025-01-29,NA,"Sidney Maintenance/Transportation Facility","https://www.applitrack.com/sidney/onlineapp/default.aspx","Sidney Public Schools","AppliTrack (direct district board)",2026-09-01,"Source fallback: title + location + posted date (no stable posting URL)","fallback:source-fallbackapplitrack (direct district board)sidney public schoolsbus driversidney maintenance/transportation facility2025-01-29#1"
"Afterschool Bus Driver",2026-08-03,NA,"Sidney Elementary School","https://www.applitrack.com/sidney/onlineapp/default.aspx","Sidney Public Schools","AppliTrack (direct district board)",2026-09-01,"Source fallback: title + location + posted date (no stable posting URL)","fallback:source-fallbackapplitrack (direct district board)sidney public schoolsafterschool bus driversidney elementary school2026-08-03#1"
"Athletic Coach - High School Assistant Basketball Coach",NA,NA,"TBD","https://www.applitrack.com/stevensville/onlineapp/default.aspx","Stevensville Public Schools","AppliTrack (direct district board)",2026-09-01,"Source fallback: title + location + posted date (no stable posting URL)","fallback:source-fallbackapplitrack (direct district board)stevensville public schoolsathletic coach - high school assistant basketball coachtbdNA#1"
"High School Girls Basketball Assistant Coach",2026-06-09,NA,"SHS Coaching","https://www.applitrack.com/stevensville/onlineapp/default.aspx","Stevensville Public Schools","AppliTrack (direct district board)",2026-09-01,"Source fallback: title + location + posted date (no stable posting URL)","fallback:source-fallbackapplitrack (direct district board)stevensville public schoolshigh school girls basketball assistant coachshs coaching2026-06-09#1"
"Speech and Debate Head Coach",2026-07-14,NA,"Stevensville High School","https://www.applitrack.com/stevensville/onlineapp/default.aspx","Stevensville Public Schools","AppliTrack (direct district board)",2026-09-01,"Source fallback: title + location + posted date (no stable posting URL)","fallback:source-fallbackapplitrack (direct district board)stevensville public schoolsspeech and debate head coachstevensville high school2026-07-14#1"
"Volunteer High School Assistant Coach",2025-10-15,NA,"SHS Coaching","https://www.applitrack.com/stevensville/onlineapp/default.aspx","Stevensville Public Schools","AppliTrack (direct district board)",2026-09-01,"Source fallback: title + location + posted date (no stable posting URL)","fallback:source-fallbackapplitrack (direct district board)stevensville public schoolsvolunteer high school assistant coachshs coaching2025-10-15#1"
"Volunteer Middle School Assistant Coach",2025-10-15,NA,"SMS Coaching","https://www.applitrack.com/stevensville/onlineapp/default.aspx","Stevensville Public Schools","AppliTrack (direct district board)",2026-09-01,"Source fallback: title + location + posted date (no stable posting URL)","fallback:source-fallbackapplitrack (direct district board)stevensville public schoolsvolunteer middle school assistant coachsms coaching2025-10-15#1"
"Spanish Teacher",2026-04-09,NA,"Stevensville High School","https://www.applitrack.com/stevensville/onlineapp/default.aspx","Stevensville Public Schools","AppliTrack (direct district board)",2026-09-01,"Source fallback: title + location + posted date (no stable posting URL)","fallback:source-fallbackapplitrack (direct district board)stevensville public schoolsspanish teacherstevensville high school2026-04-09#1"
"Long-term Custodian Substitute",2026-05-05,NA,"SPS Custodial/Maintenance/Grounds","https://www.applitrack.com/stevensville/onlineapp/default.aspx","Stevensville Public Schools","AppliTrack (direct district board)",2026-09-01,"Source fallback: title + location + posted date (no stable posting URL)","fallback:source-fallbackapplitrack (direct district board)stevensville public schoolslong-term custodian substitutesps custodial/maintenance/grounds2026-05-05#1"
"Certified EMT Trainer",2026-07-03,NA,"Stevensville Health Sciences Academy","https://www.applitrack.com/stevensville/onlineapp/default.aspx","Stevensville Public Schools","AppliTrack (direct district board)",2026-09-01,"Source fallback: title + location + posted date (no stable posting URL)","fallback:source-fallbackapplitrack (direct district board)stevensville public schoolscertified emt trainerstevensville health sciences academy2026-07-03#1"
"Substitute: Custodian",2025-09-15,NA,"Stevensville School District","https://www.applitrack.com/stevensville/onlineapp/default.aspx","Stevensville Public Schools","AppliTrack (direct district board)",2026-09-01,"Source fallback: title + location + posted date (no stable posting URL)","fallback:source-fallbackapplitrack (direct district board)stevensville public schoolssubstitute: custodianstevensville school district2025-09-15#1"
"Substitute: Kitchen Staff",2025-09-15,NA,"SPS Food Services","https://www.applitrack.com/stevensville/onlineapp/default.aspx","Stevensville Public Schools","AppliTrack (direct district board)",2026-09-01,"Source fallback: title + location + posted date (no stable posting URL)","fallback:source-fallbackapplitrack (direct district board)stevensville public schoolssubstitute: kitchen staffsps food services2025-09-15#1"
"Substitute: Teacher/Paraprofessional",2025-09-15,NA,"Stevensville School District","https://www.applitrack.com/stevensville/onlineapp/default.aspx","Stevensville Public Schools","AppliTrack (direct district board)",2026-09-01,"Source fallback: title + location + posted date (no stable posting URL)","fallback:source-fallbackapplitrack (direct district board)stevensville public schoolssubstitute: teacher/paraprofessionalstevensville school district2025-09-15#1"
"Elementary Paraprofessional 2026/2027",2026-08-26,NA,"Stevensville Elementary School","https://www.applitrack.com/stevensville/onlineapp/default.aspx","Stevensville Public Schools","AppliTrack (direct district board)",2026-09-01,"Source fallback: title + location + posted date (no stable posting URL)","fallback:source-fallbackapplitrack (direct district board)stevensville public schoolselementary paraprofessional 2026/2027stevensville elementary school2026-08-26#1"
"Elementary Special Education Paraprofessional",2026-07-25,NA,"Stevensville Elementary School","https://www.applitrack.com/stevensville/onlineapp/default.aspx","Stevensville Public Schools","AppliTrack (direct district board)",2026-09-01,"Source fallback: title + location + posted date (no stable posting URL)","fallback:source-fallbackapplitrack (direct district board)stevensville public schoolselementary special education paraprofessionalstevensville elementary school2026-07-25#1"
"High School Special Education Paraprofessional",2026-08-21,NA,"Stevensville High School","https://www.applitrack.com/stevensville/onlineapp/default.aspx","Stevensville Public Schools","AppliTrack (direct district board)",2026-09-01,"Source fallback: title + location + posted date (no stable posting URL)","fallback:source-fallbackapplitrack (direct district board)stevensville public schoolshigh school special education paraprofessionalstevensville high school2026-08-21#1"
"High School Special Education Paraprofessional",2026-08-21,NA,"Stevensville High School","https://www.applitrack.com/stevensville/onlineapp/default.aspx","Stevensville Public Schools","AppliTrack (direct district board)",2026-09-01,"Source fallback: title + location + posted date (no stable posting URL)","fallback:source-fallbackapplitrack (direct district board)stevensville public schoolshigh school special education paraprofessionalstevensville high school2026-08-21#2"
"Elementary Life Skills Teacher",NA,NA,NA,"https://www.applitrack.com/bigsandy/onlineapp/default.aspx","Big Sandy Public Schools","AppliTrack (direct district board)",2026-09-01,"Source fallback: title + location + posted date (no stable posting URL)","fallback:source-fallbackapplitrack (direct district board)big sandy public schoolselementary life skills teacherNANA#1"
"Maintenance",NA,NA,NA,"https://www.applitrack.com/bigsandy/onlineapp/default.aspx","Big Sandy Public Schools","AppliTrack (direct district board)",2026-09-01,"Source fallback: title + location + posted date (no stable posting URL)","fallback:source-fallbackapplitrack (direct district board)big sandy public schoolsmaintenanceNANA#1"
"Custodian",2025-04-25,NA,"Big Sandy Maintenance","https://www.applitrack.com/bigsandy/onlineapp/default.aspx","Big Sandy Public Schools","AppliTrack (direct district board)",2026-09-01,"Source fallback: title + location + posted date (no stable posting URL)","fallback:source-fallbackapplitrack (direct district board)big sandy public schoolscustodianbig sandy maintenance2025-04-25#1"
"Mathematics Teacher",2026-05-11,NA,"Big Sandy Junior High","https://www.applitrack.com/bigsandy/onlineapp/default.aspx","Big Sandy Public Schools","AppliTrack (direct district board)",2026-09-01,"Source fallback: title + location + posted date (no stable posting URL)","fallback:source-fallbackapplitrack (direct district board)big sandy public schoolsmathematics teacherbig sandy junior high2026-05-11#1"
"Paraprofessional - Content Mastery",NA,NA,NA,"https://www.applitrack.com/bigsandy/onlineapp/default.aspx","Big Sandy Public Schools","AppliTrack (direct district board)",2026-09-01,"Source fallback: title + location + posted date (no stable posting URL)","fallback:source-fallbackapplitrack (direct district board)big sandy public schoolsparaprofessional - content masteryNANA#1"
"Instructional Paraprofessional - Special Ed",NA,NA,"08/05/2026","https://www.applitrack.com/bigsandy/onlineapp/default.aspx","Big Sandy Public Schools","AppliTrack (direct district board)",2026-09-01,"Source fallback: title + location + posted date (no stable posting URL)","fallback:source-fallbackapplitrack (direct district board)big sandy public schoolsinstructional paraprofessional - special ed08/05/2026NA#1"
"School Nurse",2026-07-17,NA,"Big Sandy District","https://www.applitrack.com/bigsandy/onlineapp/default.aspx","Big Sandy Public Schools","AppliTrack (direct district board)",2026-09-01,"Source fallback: title + location + posted date (no stable posting URL)","fallback:source-fallbackapplitrack (direct district board)big sandy public schoolsschool nursebig sandy district2026-07-17#1"
"Substitute",2026-07-20,NA,"Big Sandy District","https://www.applitrack.com/bigsandy/onlineapp/default.aspx","Big Sandy Public Schools","AppliTrack (direct district board)",2026-09-01,"Source fallback: title + location + posted date (no stable posting URL)","fallback:source-fallbackapplitrack (direct district board)big sandy public schoolssubstitutebig sandy district2026-07-20#1"
"Bus Driver",NA,NA,NA,"https://www.applitrack.com/bigsandy/onlineapp/default.aspx","Big Sandy Public Schools","AppliTrack (direct district board)",2026-09-01,"Source fallback: title + location + posted date (no stable posting URL)","fallback:source-fallbackapplitrack (direct district board)big sandy public schoolsbus driverNANA#1"
"Assistant Principal",2022-07-26,NA,"Jr. High/High School","https://www.applitrack.com/lamedeer/onlineapp/default.aspx","Lame Deer Public Schools","AppliTrack (direct district board)",2026-09-01,"Source fallback: title + location + posted date (no stable posting URL)","fallback:source-fallbackapplitrack (direct district board)lame deer public schoolsassistant principaljr. high/high school2022-07-26#1"
"Assistant Principal",2024-05-27,NA,"Jr. High/High School","https://www.applitrack.com/lamedeer/onlineapp/default.aspx","Lame Deer Public Schools","AppliTrack (direct district board)",2026-09-01,"Source fallback: title + location + posted date (no stable posting URL)","fallback:source-fallbackapplitrack (direct district board)lame deer public schoolsassistant principaljr. high/high school2024-05-27#1"
"Copy Of Elementary Assistant Principal",2025-03-11,NA,"Elementary School","https://www.applitrack.com/lamedeer/onlineapp/default.aspx","Lame Deer Public Schools","AppliTrack (direct district board)",2026-09-01,"Source fallback: title + location + posted date (no stable posting URL)","fallback:source-fallbackapplitrack (direct district board)lame deer public schoolscopy of elementary assistant principalelementary school2025-03-11#1"
"Athletics and Activities Director",2024-04-30,NA,"District-Wide","https://www.applitrack.com/lamedeer/onlineapp/default.aspx","Lame Deer Public Schools","AppliTrack (direct district board)",2026-09-01,"Source fallback: title + location + posted date (no stable posting URL)","fallback:source-fallbackapplitrack (direct district board)lame deer public schoolsathletics and activities directordistrict-wide2024-04-30#1"
"Athletics and Activities Director",2024-05-30,NA,"Jr. High/High School","https://www.applitrack.com/lamedeer/onlineapp/default.aspx","Lame Deer Public Schools","AppliTrack (direct district board)",2026-09-01,"Source fallback: title + location + posted date (no stable posting URL)","fallback:source-fallbackapplitrack (direct district board)lame deer public schoolsathletics and activities directorjr. high/high school2024-05-30#1"
"Instructional Coach/Testing/Curriculum Coordinator",2024-05-21,NA,"District-Wide","https://www.applitrack.com/lamedeer/onlineapp/default.aspx","Lame Deer Public Schools","AppliTrack (direct district board)",2026-09-01,"Source fallback: title + location + posted date (no stable posting URL)","fallback:source-fallbackapplitrack (direct district board)lame deer public schoolsinstructional coach/testing/curriculum coordinatordistrict-wide2024-05-21#1"
"High School Principal",2024-04-01,NA,"Jr. High/High School","https://www.applitrack.com/lamedeer/onlineapp/default.aspx","Lame Deer Public Schools","AppliTrack (direct district board)",2026-09-01,"Source fallback: title + location + posted date (no stable posting URL)","fallback:source-fallbackapplitrack (direct district board)lame deer public schoolshigh school principaljr. high/high school2024-04-01#1"
"Superintendent",2024-03-18,NA,"District-Wide","https://www.applitrack.com/lamedeer/onlineapp/default.aspx","Lame Deer Public Schools","AppliTrack (direct district board)",2026-09-01,"Source fallback: title + location + posted date (no stable posting URL)","fallback:source-fallbackapplitrack (direct district board)lame deer public schoolssuperintendentdistrict-wide2024-03-18#1"
"Girls Head Basketball Coach (Jr. High)",2025-03-05,NA,"Jr. High/High School","https://www.applitrack.com/lamedeer/onlineapp/default.aspx","Lame Deer Public Schools","AppliTrack (direct district board)",2026-09-01,"Source fallback: title + location + posted date (no stable posting URL)","fallback:source-fallbackapplitrack (direct district board)lame deer public schoolsgirls head basketball coach (jr. high)jr. high/high school2025-03-05#1"
"Bus Monitor",2024-06-03,NA,"Transportation Bus Barn","https://www.applitrack.com/lamedeer/onlineapp/default.aspx","Lame Deer Public Schools","AppliTrack (direct district board)",2026-09-01,"Source fallback: title + location + posted date (no stable posting URL)","fallback:source-fallbackapplitrack (direct district board)lame deer public schoolsbus monitortransportation bus barn2024-06-03#1"
"Paraprofessional (7-12)",2023-06-07,NA,"Jr. High/High School","https://www.applitrack.com/lamedeer/onlineapp/default.aspx","Lame Deer Public Schools","AppliTrack (direct district board)",2026-09-01,"Source fallback: title + location + posted date (no stable posting URL)","fallback:source-fallbackapplitrack (direct district board)lame deer public schoolsparaprofessional (7-12)jr. high/high school2023-06-07#1"
"Paraprofessional (K-6)",2023-08-16,NA,"Elementary School","https://www.applitrack.com/lamedeer/onlineapp/default.aspx","Lame Deer Public Schools","AppliTrack (direct district board)",2026-09-01,"Source fallback: title + location + posted date (no stable posting URL)","fallback:source-fallbackapplitrack (direct district board)lame deer public schoolsparaprofessional (k-6)elementary school2023-08-16#1"
"Bus Driver",2024-06-03,NA,"District-Wide","https://www.applitrack.com/lamedeer/onlineapp/default.aspx","Lame Deer Public Schools","AppliTrack (direct district board)",2026-09-01,"Source fallback: title + location + posted date (no stable posting URL)","fallback:source-fallbackapplitrack (direct district board)lame deer public schoolsbus driverdistrict-wide2024-06-03#1"
"Culture Teacher (K-6)",2024-03-12,NA,"Elementary School","https://www.applitrack.com/lamedeer/onlineapp/default.aspx","Lame Deer Public Schools","AppliTrack (direct district board)",2026-09-01,"Source fallback: title + location + posted date (no stable posting URL)","fallback:source-fallbackapplitrack (direct district board)lame deer public schoolsculture teacher (k-6)elementary school2024-03-12#1"
"Elementary Curriculum Teacher",2023-10-23,NA,"Elementary School","https://www.applitrack.com/lamedeer/onlineapp/default.aspx","Lame Deer Public Schools","AppliTrack (direct district board)",2026-09-01,"Source fallback: title + location + posted date (no stable posting URL)","fallback:source-fallbackapplitrack (direct district board)lame deer public schoolselementary curriculum teacherelementary school2023-10-23#1"
"Elementary Curriculum Teacher",2024-06-04,NA,"Elementary School","https://www.applitrack.com/lamedeer/onlineapp/default.aspx","Lame Deer Public Schools","AppliTrack (direct district board)",2026-09-01,"Source fallback: title + location + posted date (no stable posting URL)","fallback:source-fallbackapplitrack (direct district board)lame deer public schoolselementary curriculum teacherelementary school2024-06-04#1"
"Elementary Librarian (Grades K-6)",2023-04-27,NA,"Elementary School","https://www.applitrack.com/lamedeer/onlineapp/default.aspx","Lame Deer Public Schools","AppliTrack (direct district board)",2026-09-01,"Source fallback: title + location + posted date (no stable posting URL)","fallback:source-fallbackapplitrack (direct district board)lame deer public schoolselementary librarian (grades k-6)elementary school2023-04-27#1"
"English Teacher (7-12)",2022-07-26,NA,"Jr. High/High School","https://www.applitrack.com/lamedeer/onlineapp/default.aspx","Lame Deer Public Schools","AppliTrack (direct district board)",2026-09-01,"Source fallback: title + location + posted date (no stable posting URL)","fallback:source-fallbackapplitrack (direct district board)lame deer public schoolsenglish teacher (7-12)jr. high/high school2022-07-26#1"
"Mathematics Teacher (Grades 7-12)",2023-03-08,NA,"Jr. High/High School","https://www.applitrack.com/lamedeer/onlineapp/default.aspx","Lame Deer Public Schools","AppliTrack (direct district board)",2026-09-01,"Source fallback: title + location + posted date (no stable posting URL)","fallback:source-fallbackapplitrack (direct district board)lame deer public schoolsmathematics teacher (grades 7-12)jr. high/high school2023-03-08#1"
"JH/HS Music Teacher",2025-03-11,NA,"Jr. High/High School","https://www.applitrack.com/lamedeer/onlineapp/default.aspx","Lame Deer Public Schools","AppliTrack (direct district board)",2026-09-01,"Source fallback: title + location + posted date (no stable posting URL)","fallback:source-fallbackapplitrack (direct district board)lame deer public schoolsjh/hs music teacherjr. high/high school2025-03-11#1"
"Physical Education Teacher",2022-07-26,NA,"Jr. High/High School","https://www.applitrack.com/lamedeer/onlineapp/default.aspx","Lame Deer Public Schools","AppliTrack (direct district board)",2026-09-01,"Source fallback: title + location + posted date (no stable posting URL)","fallback:source-fallbackapplitrack (direct district board)lame deer public schoolsphysical education teacherjr. high/high school2022-07-26#1"
"HS Science Teacher (7-12)",2024-06-04,NA,"Jr. High/High School","https://www.applitrack.com/lamedeer/onlineapp/default.aspx","Lame Deer Public Schools","AppliTrack (direct district board)",2026-09-01,"Source fallback: title + location + posted date (no stable posting URL)","fallback:source-fallbackapplitrack (direct district board)lame deer public schoolshs science teacher (7-12)jr. high/high school2024-06-04#1"
"Special Education Teacher (Grades K-12)",2025-03-05,NA,"Jr. High/High School (High-Needs School)","https://www.applitrack.com/lamedeer/onlineapp/default.aspx","Lame Deer Public Schools","AppliTrack (direct district board)",2026-09-01,"Source fallback: title + location + posted date (no stable posting URL)","fallback:source-fallbackapplitrack (direct district board)lame deer public schoolsspecial education teacher (grades k-12)jr. high/high school (high-needs school)2025-03-05#1"
"Seasonal House Cleaning Laborer",2023-06-29,NA,"District-Wide","https://www.applitrack.com/lamedeer/onlineapp/default.aspx","Lame Deer Public Schools","AppliTrack (direct district board)",2026-09-01,"Source fallback: title + location + posted date (no stable posting URL)","fallback:source-fallbackapplitrack (direct district board)lame deer public schoolsseasonal house cleaning laborerdistrict-wide2023-06-29#1"
"Maintenance Manager",2023-06-26,NA,"District-Wide","https://www.applitrack.com/lamedeer/onlineapp/default.aspx","Lame Deer Public Schools","AppliTrack (direct district board)",2026-09-01,"Source fallback: title + location + posted date (no stable posting URL)","fallback:source-fallbackapplitrack (direct district board)lame deer public schoolsmaintenance managerdistrict-wide2023-06-26#1"
"Copy Of Middle School Classroom Teacher",2025-09-26,NA,"Jr. High/High School","https://www.applitrack.com/lamedeer/onlineapp/default.aspx","Lame Deer Public Schools","AppliTrack (direct district board)",2026-09-01,"Source fallback: title + location + posted date (no stable posting URL)","fallback:source-fallbackapplitrack (direct district board)lame deer public schoolscopy of middle school classroom teacherjr. high/high school2025-09-26#1"
"Copy Of Copy Of Middle School Classroom Teacher",2025-09-26,NA,"Jr. High/High School","https://www.applitrack.com/lamedeer/onlineapp/default.aspx","Lame Deer Public Schools","AppliTrack (direct district board)",2026-09-01,"Source fallback: title + location + posted date (no stable posting URL)","fallback:source-fallbackapplitrack (direct district board)lame deer public schoolscopy of copy of middle school classroom teacherjr. high/high school2025-09-26#1"
"Jr. High Social Studies Teacher",2022-07-26,NA,"Jr. High/High School","https://www.applitrack.com/lamedeer/onlineapp/default.aspx","Lame Deer Public Schools","AppliTrack (direct district board)",2026-09-01,"Source fallback: title + location + posted date (no stable posting URL)","fallback:source-fallbackapplitrack (direct district board)lame deer public schoolsjr. high social studies teacherjr. high/high school2022-07-26#1"
"Librarian (Jr High/High School)",2024-06-04,NA,"Jr. High/High School","https://www.applitrack.com/lamedeer/onlineapp/default.aspx","Lame Deer Public Schools","AppliTrack (direct district board)",2026-09-01,"Source fallback: title + location + posted date (no stable posting URL)","fallback:source-fallbackapplitrack (direct district board)lame deer public schoolslibrarian (jr high/high school)jr. high/high school2024-06-04#1"
"District-Wide Substitute",2023-08-08,NA,"District-Wide","https://www.applitrack.com/lamedeer/onlineapp/default.aspx","Lame Deer Public Schools","AppliTrack (direct district board)",2026-09-01,"Source fallback: title + location + posted date (no stable posting URL)","fallback:source-fallbackapplitrack (direct district board)lame deer public schoolsdistrict-wide substitutedistrict-wide2023-08-08#1"
"Head Coach or Sponsor",NA,NA,NA,"https://www.applitrack.com/poplar/onlineapp/default.aspx","Poplar Public Schools","AppliTrack (direct district board)",2026-09-01,"Source fallback: title + location + posted date (no stable posting URL)","fallback:source-fallbackapplitrack (direct district board)poplar public schoolshead coach or sponsorNANA#1"
"MS or Assistant Coach/Sponsor",NA,NA,NA,"https://www.applitrack.com/poplar/onlineapp/default.aspx","Poplar Public Schools","AppliTrack (direct district board)",2026-09-01,"Source fallback: title + location + posted date (no stable posting URL)","fallback:source-fallbackapplitrack (direct district board)poplar public schoolsms or assistant coach/sponsorNANA#1"
"Activities Director",NA,NA,"8/1/2024","https://www.applitrack.com/poplar/onlineapp/default.aspx","Poplar Public Schools","AppliTrack (direct district board)",2026-09-01,"Source fallback: title + location + posted date (no stable posting URL)","fallback:source-fallbackapplitrack (direct district board)poplar public schoolsactivities director8/1/2024NA#1"
"Elementary Classroom Teacher K-4",NA,NA,"08/16/2024","https://www.applitrack.com/poplar/onlineapp/default.aspx","Poplar Public Schools","AppliTrack (direct district board)",2026-09-01,"Source fallback: title + location + posted date (no stable posting URL)","fallback:source-fallbackapplitrack (direct district board)poplar public schoolselementary classroom teacher k-408/16/2024NA#1"
"Elementary Music Teacher",2024-01-25,NA,"Poplar Elementary School","https://www.applitrack.com/poplar/onlineapp/default.aspx","Poplar Public Schools","AppliTrack (direct district board)",2026-09-01,"Source fallback: title + location + posted date (no stable posting URL)","fallback:source-fallbackapplitrack (direct district board)poplar public schoolselementary music teacherpoplar elementary school2024-01-25#1"
"Technology Education Teacher",2022-07-14,NA,"Poplar High School (High-Needs School)","https://www.applitrack.com/poplar/onlineapp/default.aspx","Poplar Public Schools","AppliTrack (direct district board)",2026-09-01,"Source fallback: title + location + posted date (no stable posting URL)","fallback:source-fallbackapplitrack (direct district board)poplar public schoolstechnology education teacherpoplar high school (high-needs school)2022-07-14#1"
"Social Studies Teacher (Grades 9-12)",2023-10-30,NA,"Poplar High School (High-Needs School)","https://www.applitrack.com/poplar/onlineapp/default.aspx","Poplar Public Schools","AppliTrack (direct district board)",2026-09-01,"Source fallback: title + location + posted date (no stable posting URL)","fallback:source-fallbackapplitrack (direct district board)poplar public schoolssocial studies teacher (grades 9-12)poplar high school (high-needs school)2023-10-30#1"
"Guidance Counselor",2024-01-14,NA,"Poplar Middle School (High-Needs School)","https://www.applitrack.com/poplar/onlineapp/default.aspx","Poplar Public Schools","AppliTrack (direct district board)",2026-09-01,"Source fallback: title + location + posted date (no stable posting URL)","fallback:source-fallbackapplitrack (direct district board)poplar public schoolsguidance counselorpoplar middle school (high-needs school)2024-01-14#1"
"Special Education Teacher (Grades K-12)",2024-02-23,NA,"Poplar Schools (High-Needs School)","https://www.applitrack.com/poplar/onlineapp/default.aspx","Poplar Public Schools","AppliTrack (direct district board)",2026-09-01,"Source fallback: title + location + posted date (no stable posting URL)","fallback:source-fallbackapplitrack (direct district board)poplar public schoolsspecial education teacher (grades k-12)poplar schools (high-needs school)2024-02-23#1"
"Speech Pathologist",2024-01-13,NA,"Poplar Schools (High-Needs School)","https://www.applitrack.com/poplar/onlineapp/default.aspx","Poplar Public Schools","AppliTrack (direct district board)",2026-09-01,"Source fallback: title + location + posted date (no stable posting URL)","fallback:source-fallbackapplitrack (direct district board)poplar public schoolsspeech pathologistpoplar schools (high-needs school)2024-01-13#1"
"Paraprofessional",2022-07-14,NA,"Poplar Schools (High-Needs School)","https://www.applitrack.com/poplar/onlineapp/default.aspx","Poplar Public Schools","AppliTrack (direct district board)",2026-09-01,"Source fallback: title + location + posted date (no stable posting URL)","fallback:source-fallbackapplitrack (direct district board)poplar public schoolsparaprofessionalpoplar schools (high-needs school)2022-07-14#1"
"Educational Aide (5 positions)",2026-07-20,NA,"District Wide","https://www.applitrack.com/fairview/onlineapp/default.aspx","Fairview Public Schools","AppliTrack (direct district board)",2026-09-01,"Source fallback: title + location + posted date (no stable posting URL)","fallback:source-fallbackapplitrack (direct district board)fairview public schoolseducational aide (5 positions)district wide2026-07-20#1"
"Custodian - Second Shift",NA,NA,"09/07/2026","https://www.applitrack.com/fairview/onlineapp/default.aspx","Fairview Public Schools","AppliTrack (direct district board)",2026-09-01,"Source fallback: title + location + posted date (no stable posting URL)","fallback:source-fallbackapplitrack (direct district board)fairview public schoolscustodian - second shift09/07/2026NA#1"
"Utility Person",2026-08-31,NA,"District Wide","https://www.applitrack.com/fairview/onlineapp/default.aspx","Fairview Public Schools","AppliTrack (direct district board)",2026-09-01,"Source fallback: title + location + posted date (no stable posting URL)","fallback:source-fallbackapplitrack (direct district board)fairview public schoolsutility persondistrict wide2026-08-31#1"
"Payroll Coordinator",2026-08-11,NA,"Central Office","https://www.applitrack.com/fairview/onlineapp/default.aspx","Fairview Public Schools","AppliTrack (direct district board)",2026-09-01,"Source fallback: title + location + posted date (no stable posting URL)","fallback:source-fallbackapplitrack (direct district board)fairview public schoolspayroll coordinatorcentral office2026-08-11#1"
"Assistant Jr. High School Football Coaches (2)",2026-06-01,NA,"Rocky Boy Jr. & Sr. High School","https://www.applitrack.com/rockyboy/onlineapp/default.aspx","Rocky Boy Public Schools","AppliTrack (direct district board)",2026-09-01,"Source fallback: title + location + posted date (no stable posting URL)","fallback:source-fallbackapplitrack (direct district board)rocky boy public schoolsassistant jr. high school football coaches (2)rocky boy jr. & sr. high school2026-06-01#1"
"Head Jr. High Wrestling Coach",2026-06-01,NA,"Rocky Boy Jr. & Sr. High School","https://www.applitrack.com/rockyboy/onlineapp/default.aspx","Rocky Boy Public Schools","AppliTrack (direct district board)",2026-09-01,"Source fallback: title + location + posted date (no stable posting URL)","fallback:source-fallbackapplitrack (direct district board)rocky boy public schoolshead jr. high wrestling coachrocky boy jr. & sr. high school2026-06-01#1"
"Assistant Jr. High Track Coach",2026-06-01,NA,"Rocky Boy Jr. & Sr. High School","https://www.applitrack.com/rockyboy/onlineapp/default.aspx","Rocky Boy Public Schools","AppliTrack (direct district board)",2026-09-01,"Source fallback: title + location + posted date (no stable posting URL)","fallback:source-fallbackapplitrack (direct district board)rocky boy public schoolsassistant jr. high track coachrocky boy jr. & sr. high school2026-06-01#1"
"Assistant Jr. High Volleyball Coaches (2)",2026-06-01,NA,"Rocky Boy Jr. & Sr. High School","https://www.applitrack.com/rockyboy/onlineapp/default.aspx","Rocky Boy Public Schools","AppliTrack (direct district board)",2026-09-01,"Source fallback: title + location + posted date (no stable posting URL)","fallback:source-fallbackapplitrack (direct district board)rocky boy public schoolsassistant jr. high volleyball coaches (2)rocky boy jr. & sr. high school2026-06-01#1"
"Coaching Positions-Head Wrestling Coach",2026-04-24,NA,"Rocky Boy Jr. & Sr. High School","https://www.applitrack.com/rockyboy/onlineapp/default.aspx","Rocky Boy Public Schools","AppliTrack (direct district board)",2026-09-01,"Source fallback: title + location + posted date (no stable posting URL)","fallback:source-fallbackapplitrack (direct district board)rocky boy public schoolscoaching positions-head wrestling coachrocky boy jr. & sr. high school2026-04-24#1"
"Elementary School Teacher - 5th Grade",NA,NA,"07/28/2026","https://www.applitrack.com/rockyboy/onlineapp/default.aspx","Rocky Boy Public Schools","AppliTrack (direct district board)",2026-09-01,"Source fallback: title + location + posted date (no stable posting URL)","fallback:source-fallbackapplitrack (direct district board)rocky boy public schoolselementary school teacher - 5th grade07/28/2026NA#1"
"Elementary School Teacher -4th Grade",NA,NA,NA,"https://www.applitrack.com/rockyboy/onlineapp/default.aspx","Rocky Boy Public Schools","AppliTrack (direct district board)",2026-09-01,"Source fallback: title + location + posted date (no stable posting URL)","fallback:source-fallbackapplitrack (direct district board)rocky boy public schoolselementary school teacher -4th gradeNANA#1"
"(1) K-8 1st Grade",NA,NA,"07/21/2026","https://www.applitrack.com/rockyboy/onlineapp/default.aspx","Rocky Boy Public Schools","AppliTrack (direct district board)",2026-09-01,"Source fallback: title + location + posted date (no stable posting URL)","fallback:source-fallbackapplitrack (direct district board)rocky boy public schools(1) k-8 1st grade07/21/2026NA#1"
"Copy Of Pre -K Teacher",2026-01-22,NA,"Rocky Boy Elementary School","https://www.applitrack.com/rockyboy/onlineapp/default.aspx","Rocky Boy Public Schools","AppliTrack (direct district board)",2026-09-01,"Source fallback: title + location + posted date (no stable posting URL)","fallback:source-fallbackapplitrack (direct district board)rocky boy public schoolscopy of pre -k teacherrocky boy elementary school2026-01-22#1"
"(1) Food Service Aide",NA,NA,NA,"https://www.applitrack.com/rockyboy/onlineapp/default.aspx","Rocky Boy Public Schools","AppliTrack (direct district board)",2026-09-01,"Source fallback: title + location + posted date (no stable posting URL)","fallback:source-fallbackapplitrack (direct district board)rocky boy public schools(1) food service aideNANA#1"
"Head Start Family Service Advocate",NA,NA,NA,"https://www.applitrack.com/rockyboy/onlineapp/default.aspx","Rocky Boy Public Schools","AppliTrack (direct district board)",2026-09-01,"Source fallback: title + location + posted date (no stable posting URL)","fallback:source-fallbackapplitrack (direct district board)rocky boy public schoolshead start family service advocateNANA#1"
"Early Head Start Educators",2025-12-16,NA,"Rocky Boy Head Start","https://www.applitrack.com/rockyboy/onlineapp/default.aspx","Rocky Boy Public Schools","AppliTrack (direct district board)",2026-09-01,"Source fallback: title + location + posted date (no stable posting URL)","fallback:source-fallbackapplitrack (direct district board)rocky boy public schoolsearly head start educatorsrocky boy head start2025-12-16#1"
"Head Start Teacher Assistant",2026-04-01,NA,"Rocky Boy Head Start","https://www.applitrack.com/rockyboy/onlineapp/default.aspx","Rocky Boy Public Schools","AppliTrack (direct district board)",2026-09-01,"Source fallback: title + location + posted date (no stable posting URL)","fallback:source-fallbackapplitrack (direct district board)rocky boy public schoolshead start teacher assistantrocky boy head start2026-04-01#1"
"(3) Head Start PT Bus Drivers",2026-04-02,NA,"Rocky Boy Head Start","https://www.applitrack.com/rockyboy/onlineapp/default.aspx","Rocky Boy Public Schools","AppliTrack (direct district board)",2026-09-01,"Source fallback: title + location + posted date (no stable posting URL)","fallback:source-fallbackapplitrack (direct district board)rocky boy public schools(3) head start pt bus driversrocky boy head start2026-04-02#1"
"Rocky Boy School 7-12 Family and Consumer Sciences",2026-04-01,NA,"Rocky Boy Jr. & Sr. High School","https://www.applitrack.com/rockyboy/onlineapp/default.aspx","Rocky Boy Public Schools","AppliTrack (direct district board)",2026-09-01,"Source fallback: title + location + posted date (no stable posting URL)","fallback:source-fallbackapplitrack (direct district board)rocky boy public schoolsrocky boy school 7-12 family and consumer sciencesrocky boy jr. & sr. high school2026-04-01#1"
"K-12 Custodian (2)",2026-07-22,NA,"Rocky Boy Jr. & Sr. High School","https://www.applitrack.com/rockyboy/onlineapp/default.aspx","Rocky Boy Public Schools","AppliTrack (direct district board)",2026-09-01,"Source fallback: title + location + posted date (no stable posting URL)","fallback:source-fallbackapplitrack (direct district board)rocky boy public schoolsk-12 custodian (2)rocky boy jr. & sr. high school2026-07-22#1"
"(2) K-12 Paraprofessional",NA,NA,NA,"https://www.applitrack.com/rockyboy/onlineapp/default.aspx","Rocky Boy Public Schools","AppliTrack (direct district board)",2026-09-01,"Source fallback: title + location + posted date (no stable posting URL)","fallback:source-fallbackapplitrack (direct district board)rocky boy public schools(2) k-12 paraprofessionalNANA#1"
"(2) Part-Time Bus Drivers/Custodians",2026-07-22,NA,"Rocky Boy School Transportation","https://www.applitrack.com/rockyboy/onlineapp/default.aspx","Rocky Boy Public Schools","AppliTrack (direct district board)",2026-09-01,"Source fallback: title + location + posted date (no stable posting URL)","fallback:source-fallbackapplitrack (direct district board)rocky boy public schools(2) part-time bus drivers/custodiansrocky boy school transportation2026-07-22#1"
"Instructional Coaches (2 Openings); Location TBD",NA,NA,"08/17/2026","https://www.applitrack.com/bpsk12/onlineapp/default.aspx","Browning Public Schools","AppliTrack (direct district board)",2026-09-01,"Source fallback: title + location + posted date (no stable posting URL)","fallback:source-fallbackapplitrack (direct district board)browning public schoolsinstructional coaches (2 openings); location tbd08/17/2026NA#1"
"Special Education Teachers; K-12",2026-06-24,NA,"Special Services","https://www.applitrack.com/bpsk12/onlineapp/default.aspx","Browning Public Schools","AppliTrack (direct district board)",2026-09-01,"Source fallback: title + location + posted date (no stable posting URL)","fallback:source-fallbackapplitrack (direct district board)browning public schoolsspecial education teachers; k-12special services2026-06-24#1"
"English Language Arts (ELA)/Reading Teacher; 26-27 SY",2026-04-14,NA,"Browning High School","https://www.applitrack.com/bpsk12/onlineapp/default.aspx","Browning Public Schools","AppliTrack (direct district board)",2026-09-01,"Source fallback: title + location + posted date (no stable posting URL)","fallback:source-fallbackapplitrack (direct district board)browning public schoolsenglish language arts (ela)/reading teacher; 26-27 sybrowning high school2026-04-14#1"
"Bus Driver; 9 Month (4 Openings)",2026-01-22,NA,"Transportation/Bus Garage","https://www.applitrack.com/bpsk12/onlineapp/default.aspx","Browning Public Schools","AppliTrack (direct district board)",2026-09-01,"Source fallback: title + location + posted date (no stable posting URL)","fallback:source-fallbackapplitrack (direct district board)browning public schoolsbus driver; 9 month (4 openings)transportation/bus garage2026-01-22#1"
"7th-Grade PE/Health Teacher",NA,NA,"ASAP","https://www.applitrack.com/bpsk12/onlineapp/default.aspx","Browning Public Schools","AppliTrack (direct district board)",2026-09-01,"Source fallback: title + location + posted date (no stable posting URL)","fallback:source-fallbackapplitrack (direct district board)browning public schools7th-grade pe/health teacherasapNA#1"
"Middle School Wood Shop Teacher",2026-08-03,NA,"Browning Middle School","https://www.applitrack.com/bpsk12/onlineapp/default.aspx","Browning Public Schools","AppliTrack (direct district board)",2026-09-01,"Source fallback: title + location + posted date (no stable posting URL)","fallback:source-fallbackapplitrack (direct district board)browning public schoolsmiddle school wood shop teacherbrowning middle school2026-08-03#1"
"Personal Care Attendant; 3 Openings",NA,NA,"ASAP","https://www.applitrack.com/bpsk12/onlineapp/default.aspx","Browning Public Schools","AppliTrack (direct district board)",2026-09-01,"Source fallback: title + location + posted date (no stable posting URL)","fallback:source-fallbackapplitrack (direct district board)browning public schoolspersonal care attendant; 3 openingsasapNA#1"
"Food Service - Assistant Cooks",NA,NA,"08/17/26","https://www.applitrack.com/bpsk12/onlineapp/default.aspx","Browning Public Schools","AppliTrack (direct district board)",2026-09-01,"Source fallback: title + location + posted date (no stable posting URL)","fallback:source-fallbackapplitrack (direct district board)browning public schoolsfood service - assistant cooks08/17/26NA#1"
"Teacher Assistant",2026-05-01,NA,"Browning High School","https://www.applitrack.com/bpsk12/onlineapp/default.aspx","Browning Public Schools","AppliTrack (direct district board)",2026-09-01,"Source fallback: title + location + posted date (no stable posting URL)","fallback:source-fallbackapplitrack (direct district board)browning public schoolsteacher assistantbrowning high school2026-05-01#1"
"Drivers Education (Traffic Ed.) Instructor",2026-01-29,NA,"Three Forks High School","https://www.applitrack.com/tfschools/onlineapp/default.aspx","Three Forks Public Schools","AppliTrack (direct district board)",2026-09-01,"Source fallback: title + location + posted date (no stable posting URL)","fallback:source-fallbackapplitrack (direct district board)three forks public schoolsdrivers education (traffic ed.) instructorthree forks high school2026-01-29#1"
"Substitute Teacher",NA,NA,"ASAP","https://www.applitrack.com/tfschools/onlineapp/default.aspx","Three Forks Public Schools","AppliTrack (direct district board)",2026-09-01,"Source fallback: title + location + posted date (no stable posting URL)","fallback:source-fallbackapplitrack (direct district board)three forks public schoolssubstitute teacherasapNA#1"
"DISTRICT TRANSPORTATION LIAISON",NA,NA,"TBD","https://www.applitrack.com/tfschools/onlineapp/default.aspx","Three Forks Public Schools","AppliTrack (direct district board)",2026-09-01,"Source fallback: title + location + posted date (no stable posting URL)","fallback:source-fallbackapplitrack (direct district board)three forks public schoolsdistrict transportation liaisontbdNA#1"
"Junior High Cheer Coach",NA,NA,"09/10/2026","https://www.applitrack.com/anacondaschools/onlineapp/default.aspx","Anaconda School District #10","AppliTrack (direct district board)",2026-09-01,"Source fallback: title + location + posted date (no stable posting URL)","fallback:source-fallbackapplitrack (direct district board)anaconda school district #10junior high cheer coach09/10/2026NA#1"
"Elementary Special Education Teacher (2 positions)",2026-07-31,NA,"Fred Moodry Intermediate School (High-Needs School)","https://www.applitrack.com/anacondaschools/onlineapp/default.aspx","Anaconda School District #10","AppliTrack (direct district board)",2026-09-01,"Source fallback: title + location + posted date (no stable posting URL)","fallback:source-fallbackapplitrack (direct district board)anaconda school district #10elementary special education teacher (2 positions)fred moodry intermediate school (high-needs school)2026-07-31#1"
"Paraprofessional - 2",2026-08-04,NA,"Lincoln Primary School (High-Needs School)","https://www.applitrack.com/anacondaschools/onlineapp/default.aspx","Anaconda School District #10","AppliTrack (direct district board)",2026-09-01,"Source fallback: title + location + posted date (no stable posting URL)","fallback:source-fallbackapplitrack (direct district board)anaconda school district #10paraprofessional - 2lincoln primary school (high-needs school)2026-08-04#1"
"Paraprofessional (AJHS)",2026-08-14,NA,"Anaconda Junior Senior High School (High-Needs School)","https://www.applitrack.com/anacondaschools/onlineapp/default.aspx","Anaconda School District #10","AppliTrack (direct district board)",2026-09-01,"Source fallback: title + location + posted date (no stable posting URL)","fallback:source-fallbackapplitrack (direct district board)anaconda school district #10paraprofessional (ajhs)anaconda junior senior high school (high-needs school)2026-08-14#1"
"Lit Grant Long Term Literacy Substitute",NA,NA,NA,"https://www.applitrack.com/anacondaschools/onlineapp/default.aspx","Anaconda School District #10","AppliTrack (direct district board)",2026-09-01,"Source fallback: title + location + posted date (no stable posting URL)","fallback:source-fallbackapplitrack (direct district board)anaconda school district #10lit grant long term literacy substituteNANA#1"
"Substitutes All Areas",2021-05-13,NA,"School District #10 (High-Needs School)","https://www.applitrack.com/anacondaschools/onlineapp/default.aspx","Anaconda School District #10","AppliTrack (direct district board)",2026-09-01,"Source fallback: title + location + posted date (no stable posting URL)","fallback:source-fallbackapplitrack (direct district board)anaconda school district #10substitutes all areasschool district #10 (high-needs school)2021-05-13#1"
"Instructional Aide",2024-08-01,NA,"Lincoln Primary School","https://www.applitrack.com/anacondaschools/onlineapp/default.aspx","Anaconda School District #10","AppliTrack (direct district board)",2026-09-01,"Source fallback: title + location + posted date (no stable posting URL)","fallback:source-fallbackapplitrack (direct district board)anaconda school district #10instructional aidelincoln primary school2024-08-01#1"
"Kindergarten Teacher - ECLC (Long Term Substitute 8/26/2026 - 10/30/2026)/TCH00106",2026-08-26,NA,"Phillipsburg Early Childhood Learning Center","https://www.applitrack.com/pburgsd/onlineapp/default.aspx","Philipsburg School District","AppliTrack (direct district board)",2026-09-01,"Source fallback: title + location + posted date (no stable posting URL)","fallback:source-fallbackapplitrack (direct district board)philipsburg school districtkindergarten teacher - eclc (long term substitute 8/26/2026 - 10/30/2026)/tch00106phillipsburg early childhood learning center2026-08-26#1"
"Special Education Maternity Leave (2) - PMS - (8/26/26-12/14/26)/TCH00532 - (11/2/26-3/15/27)/TCH00073",2026-08-03,NA,"Phillipsburg Middle School","https://www.applitrack.com/pburgsd/onlineapp/default.aspx","Philipsburg School District","AppliTrack (direct district board)",2026-09-01,"Source fallback: title + location + posted date (no stable posting URL)","fallback:source-fallbackapplitrack (direct district board)philipsburg school districtspecial education maternity leave (2) - pms - (8/26/26-12/14/26)/tch00532 - (11/2/26-3/15/27)/tch00073phillipsburg middle school2026-08-03#1"
"Special Education Teacher - Phillipsburg Middle School (Leave Replacement August - October 2026 / TCH00320",2026-08-10,NA,"Phillipsburg Middle School","https://www.applitrack.com/pburgsd/onlineapp/default.aspx","Philipsburg School District","AppliTrack (direct district board)",2026-09-01,"Source fallback: title + location + posted date (no stable posting URL)","fallback:source-fallbackapplitrack (direct district board)philipsburg school districtspecial education teacher - phillipsburg middle school (leave replacement august - october 2026 / tch00320phillipsburg middle school2026-08-10#1"
"LPN-District",NA,NA,"08/31/2026","https://www.applitrack.com/pburgsd/onlineapp/default.aspx","Philipsburg School District","AppliTrack (direct district board)",2026-09-01,"Source fallback: title + location + posted date (no stable posting URL)","fallback:source-fallbackapplitrack (direct district board)philipsburg school districtlpn-district08/31/2026NA#1"
"Substitute Bus Drivers",2025-09-18,NA,"Phillipsburg Education Center","https://www.applitrack.com/pburgsd/onlineapp/default.aspx","Philipsburg School District","AppliTrack (direct district board)",2026-09-01,"Source fallback: title + location + posted date (no stable posting URL)","fallback:source-fallbackapplitrack (direct district board)philipsburg school districtsubstitute bus driversphillipsburg education center2025-09-18#1"
"Substitute Custodians (2nd Shift)",2025-09-18,NA,"Phillipsburg Education Center","https://www.applitrack.com/pburgsd/onlineapp/default.aspx","Philipsburg School District","AppliTrack (direct district board)",2026-09-01,"Source fallback: title + location + posted date (no stable posting URL)","fallback:source-fallbackapplitrack (direct district board)philipsburg school districtsubstitute custodians (2nd shift)phillipsburg education center2025-09-18#1"
"Substitute School Nurse",2025-09-18,NA,"Phillipsburg Education Center","https://www.applitrack.com/pburgsd/onlineapp/default.aspx","Philipsburg School District","AppliTrack (direct district board)",2026-09-01,"Source fallback: title + location + posted date (no stable posting URL)","fallback:source-fallbackapplitrack (direct district board)philipsburg school districtsubstitute school nursephillipsburg education center2025-09-18#1"
"Adult Education",2025-07-07,NA,"Corvallis School District #1","https://www.applitrack.com/corvallisschools/onlineapp/default.aspx","Corvallis School District #1","AppliTrack (direct district board)",2026-09-01,"Source fallback: title + location + posted date (no stable posting URL)","fallback:source-fallbackapplitrack (direct district board)corvallis school district #1adult educationcorvallis school district #12025-07-07#1"
"Adult Ed - Financial Literacy Instructor",2025-07-07,NA,"Corvallis School District #1","https://www.applitrack.com/corvallisschools/onlineapp/default.aspx","Corvallis School District #1","AppliTrack (direct district board)",2026-09-01,"Source fallback: title + location + posted date (no stable posting URL)","fallback:source-fallbackapplitrack (direct district board)corvallis school district #1adult ed - financial literacy instructorcorvallis school district #12025-07-07#1"
"Adult Ed - Small Business Instructor",2024-08-07,NA,"Corvallis School District #1","https://www.applitrack.com/corvallisschools/onlineapp/default.aspx","Corvallis School District #1","AppliTrack (direct district board)",2026-09-01,"Source fallback: title + location + posted date (no stable posting URL)","fallback:source-fallbackapplitrack (direct district board)corvallis school district #1adult ed - small business instructorcorvallis school district #12024-08-07#1"
"Adult Ed - Pickleball Instructor",2025-07-07,NA,"Corvallis School District #1","https://www.applitrack.com/corvallisschools/onlineapp/default.aspx","Corvallis School District #1","AppliTrack (direct district board)",2026-09-01,"Source fallback: title + location + posted date (no stable posting URL)","fallback:source-fallbackapplitrack (direct district board)corvallis school district #1adult ed - pickleball instructorcorvallis school district #12025-07-07#1"
"Adult Ed - Yoga Instructor",2025-07-07,NA,"Corvallis School District #1","https://www.applitrack.com/corvallisschools/onlineapp/default.aspx","Corvallis School District #1","AppliTrack (direct district board)",2026-09-01,"Source fallback: title + location + posted date (no stable posting URL)","fallback:source-fallbackapplitrack (direct district board)corvallis school district #1adult ed - yoga instructorcorvallis school district #12025-07-07#1"
"High School Assistant Football Coach",2024-04-17,NA,"High School","https://www.applitrack.com/corvallisschools/onlineapp/default.aspx","Corvallis School District #1","AppliTrack (direct district board)",2026-09-01,"Source fallback: title + location + posted date (no stable posting URL)","fallback:source-fallbackapplitrack (direct district board)corvallis school district #1high school assistant football coachhigh school2024-04-17#1"
"Middle School Cheer Coach",2026-05-04,NA,"Middle School","https://www.applitrack.com/corvallisschools/onlineapp/default.aspx","Corvallis School District #1","AppliTrack (direct district board)",2026-09-01,"Source fallback: title + location + posted date (no stable posting URL)","fallback:source-fallbackapplitrack (direct district board)corvallis school district #1middle school cheer coachmiddle school2026-05-04#1"
"Middle School Football Coach",2025-07-07,NA,"Middle School","https://www.applitrack.com/corvallisschools/onlineapp/default.aspx","Corvallis School District #1","AppliTrack (direct district board)",2026-09-01,"Source fallback: title + location + posted date (no stable posting URL)","fallback:source-fallbackapplitrack (direct district board)corvallis school district #1middle school football coachmiddle school2025-07-07#1"
"Food Service Worker-Part Time Position and On-Call Sub",2026-06-17,NA,"Corvallis School District #1","https://www.applitrack.com/corvallisschools/onlineapp/default.aspx","Corvallis School District #1","AppliTrack (direct district board)",2026-09-01,"Source fallback: title + location + posted date (no stable posting URL)","fallback:source-fallbackapplitrack (direct district board)corvallis school district #1food service worker-part time position and on-call subcorvallis school district #12026-06-17#1"
"Night Maintenance",NA,NA,NA,"https://www.applitrack.com/corvallisschools/onlineapp/default.aspx","Corvallis School District #1","AppliTrack (direct district board)",2026-09-01,"Source fallback: title + location + posted date (no stable posting URL)","fallback:source-fallbackapplitrack (direct district board)corvallis school district #1night maintenanceNANA#1"
"Custodian",2025-07-01,NA,"Corvallis School District #1","https://www.applitrack.com/corvallisschools/onlineapp/default.aspx","Corvallis School District #1","AppliTrack (direct district board)",2026-09-01,"Source fallback: title + location + posted date (no stable posting URL)","fallback:source-fallbackapplitrack (direct district board)corvallis school district #1custodiancorvallis school district #12025-07-01#1"
"Sub-Custodian",2025-07-01,NA,"Corvallis School District #1","https://www.applitrack.com/corvallisschools/onlineapp/default.aspx","Corvallis School District #1","AppliTrack (direct district board)",2026-09-01,"Source fallback: title + location + posted date (no stable posting URL)","fallback:source-fallbackapplitrack (direct district board)corvallis school district #1sub-custodiancorvallis school district #12025-07-01#1"
"Daytime Custodian",2025-07-02,NA,"Corvallis School District #1","https://www.applitrack.com/corvallisschools/onlineapp/default.aspx","Corvallis School District #1","AppliTrack (direct district board)",2026-09-01,"Source fallback: title + location + posted date (no stable posting URL)","fallback:source-fallbackapplitrack (direct district board)corvallis school district #1daytime custodiancorvallis school district #12025-07-02#1"
"Middle School 5/6 SPED Teacher",NA,NA,"Open Until Filled","https://www.applitrack.com/corvallisschools/onlineapp/default.aspx","Corvallis School District #1","AppliTrack (direct district board)",2026-09-01,"Source fallback: title + location + posted date (no stable posting URL)","fallback:source-fallbackapplitrack (direct district board)corvallis school district #1middle school 5/6 sped teacheropen until filledNA#1"
"Academic Coach - Middle School (2 positions)",NA,NA,NA,"https://www.applitrack.com/corvallisschools/onlineapp/default.aspx","Corvallis School District #1","AppliTrack (direct district board)",2026-09-01,"Source fallback: title + location + posted date (no stable posting URL)","fallback:source-fallbackapplitrack (direct district board)corvallis school district #1academic coach - middle school (2 positions)NANA#1"
"Special Education Teacher",2026-04-09,NA,"Corvallis School District #1","https://www.applitrack.com/corvallisschools/onlineapp/default.aspx","Corvallis School District #1","AppliTrack (direct district board)",2026-09-01,"Source fallback: title + location + posted date (no stable posting URL)","fallback:source-fallbackapplitrack (direct district board)corvallis school district #1special education teachercorvallis school district #12026-04-09#1"
"Middle School Title I Teacher - .5 FTE 1 year only",2026-04-28,NA,"Middle School","https://www.applitrack.com/corvallisschools/onlineapp/default.aspx","Corvallis School District #1","AppliTrack (direct district board)",2026-09-01,"Source fallback: title + location + posted date (no stable posting URL)","fallback:source-fallbackapplitrack (direct district board)corvallis school district #1middle school title i teacher - .5 fte 1 year onlymiddle school2026-04-28#1"
"Substitute Teacher",2025-07-01,NA,"Corvallis School District #1","https://www.applitrack.com/corvallisschools/onlineapp/default.aspx","Corvallis School District #1","AppliTrack (direct district board)",2026-09-01,"Source fallback: title + location + posted date (no stable posting URL)","fallback:source-fallbackapplitrack (direct district board)corvallis school district #1substitute teachercorvallis school district #12025-07-01#1"
"Middle School Sped Para Professional",2026-04-28,NA,"Middle School","https://www.applitrack.com/corvallisschools/onlineapp/default.aspx","Corvallis School District #1","AppliTrack (direct district board)",2026-09-01,"Source fallback: title + location + posted date (no stable posting URL)","fallback:source-fallbackapplitrack (direct district board)corvallis school district #1middle school sped para professionalmiddle school2026-04-28#1"
"Primary .5 Sped Paraprofessional/.5 Academic Coach",2026-04-28,NA,"Primary School","https://www.applitrack.com/corvallisschools/onlineapp/default.aspx","Corvallis School District #1","AppliTrack (direct district board)",2026-09-01,"Source fallback: title + location + posted date (no stable posting URL)","fallback:source-fallbackapplitrack (direct district board)corvallis school district #1primary .5 sped paraprofessional/.5 academic coachprimary school2026-04-28#1"
"High School Sped Para Professional Positions",2026-04-28,NA,"High School","https://www.applitrack.com/corvallisschools/onlineapp/default.aspx","Corvallis School District #1","AppliTrack (direct district board)",2026-09-01,"Source fallback: title + location + posted date (no stable posting URL)","fallback:source-fallbackapplitrack (direct district board)corvallis school district #1high school sped para professional positionshigh school2026-04-28#1"
"Bus Driver",2025-08-25,NA,"Corvallis School District #1","https://www.applitrack.com/corvallisschools/onlineapp/default.aspx","Corvallis School District #1","AppliTrack (direct district board)",2026-09-01,"Source fallback: title + location + posted date (no stable posting URL)","fallback:source-fallbackapplitrack (direct district board)corvallis school district #1bus drivercorvallis school district #12025-08-25#1"
"Substitute Teacher (Grades K-12)",2016-05-12,NA,NA,"https://www.applitrack.com/fortbenton/onlineapp/default.aspx","Fort Benton School District 1","AppliTrack (direct district board)",2026-09-01,"Source fallback: title + location + posted date (no stable posting URL)","fallback:source-fallbackapplitrack (direct district board)fort benton school district 1substitute teacher (grades k-12)NA2016-05-12#1"
"Special Education Teacher - Muldown Elementary",2026-08-14,NA,"Whitefish, Montana","https://whitefishschools.schoolspring.com/jobs/5887590","Whitefish School District","SchoolSpring (direct district board)",2026-09-01,"Stable per-posting URL","url:https://whitefishschools.schoolspring.com/jobs/5887590"
"Playground Supervisor",2026-08-12,NA,"Whitefish, Montana","https://whitefishschools.schoolspring.com/jobs/5883636","Whitefish School District","SchoolSpring (direct district board)",2026-09-01,"Stable per-posting URL","url:https://whitefishschools.schoolspring.com/jobs/5883636"
"Substitute School Secretary",2026-08-06,NA,"Whitefish, Montana","https://whitefishschools.schoolspring.com/jobs/5874822","Whitefish School District","SchoolSpring (direct district board)",2026-09-01,"Stable per-posting URL","url:https://whitefishschools.schoolspring.com/jobs/5874822"
"Custodian-Performing Arts Center (Part-Time)",2026-07-15,NA,"Whitefish, Montana","https://whitefishschools.schoolspring.com/jobs/5834379","Whitefish School District","SchoolSpring (direct district board)",2026-09-01,"Stable per-posting URL","url:https://whitefishschools.schoolspring.com/jobs/5834379"
"WMS Special Education Paraeducator (multiple positions)",2026-07-14,NA,"Whitefish, Montana","https://whitefishschools.schoolspring.com/jobs/5832175","Whitefish School District","SchoolSpring (direct district board)",2026-09-01,"Stable per-posting URL","url:https://whitefishschools.schoolspring.com/jobs/5832175"
"WMS Special Education Teacher (Structured Learning)",2026-07-09,NA,"Whitefish, Montana","https://whitefishschools.schoolspring.com/jobs/5825711","Whitefish School District","SchoolSpring (direct district board)",2026-09-01,"Stable per-posting URL","url:https://whitefishschools.schoolspring.com/jobs/5825711"
"School Psychologist .5 FTE (beginning 26/27)",2026-06-10,NA,"Whitefish, Montana","https://whitefishschools.schoolspring.com/jobs/5773491","Whitefish School District","SchoolSpring (direct district board)",2026-09-01,"Stable per-posting URL","url:https://whitefishschools.schoolspring.com/jobs/5773491"
"WHS Assistant Wrestling Coach",2026-05-08,NA,"Whitefish, Montana","https://whitefishschools.schoolspring.com/jobs/5702620","Whitefish School District","SchoolSpring (direct district board)",2026-09-01,"Stable per-posting URL","url:https://whitefishschools.schoolspring.com/jobs/5702620"
"Special Education Paraeducator (beginning 26/27) - multiple positions",2026-03-03,NA,"Whitefish, Montana","https://whitefishschools.schoolspring.com/jobs/5566328","Whitefish School District","SchoolSpring (direct district board)",2026-09-01,"Stable per-posting URL","url:https://whitefishschools.schoolspring.com/jobs/5566328"
"Crossing Guards (1 WMS, 1 Muldown)",2026-01-21,NA,"Whitefish, Montana","https://whitefishschools.schoolspring.com/jobs/5506878","Whitefish School District","SchoolSpring (direct district board)",2026-09-01,"Stable per-posting URL","url:https://whitefishschools.schoolspring.com/jobs/5506878"
"Substitute Custodian",2025-02-26,NA,"Whitefish, Montana","https://whitefishschools.schoolspring.com/jobs/5005408","Whitefish School District","SchoolSpring (direct district board)",2026-09-01,"Stable per-posting URL","url:https://whitefishschools.schoolspring.com/jobs/5005408"
"Guest Teacher",2021-09-21,NA,"Whitefish, Montana","https://whitefishschools.schoolspring.com/jobs/4863703","Whitefish School District","SchoolSpring (direct district board)",2026-09-01,"Stable per-posting URL","url:https://whitefishschools.schoolspring.com/jobs/4863703"
"Fergus High School Head Cheer Coach",2026-06-10,NA,"Lewistown, Montana","https://lewistown.schoolspring.com/jobs/5775816","Lewistown Public Schools","SchoolSpring (direct district board)",2026-09-01,"Stable per-posting URL","url:https://lewistown.schoolspring.com/jobs/5775816"
"Food Service",2026-05-15,NA,"Lewistown, Montana","https://lewistown.schoolspring.com/jobs/5718971","Lewistown Public Schools","SchoolSpring (direct district board)",2026-09-01,"Stable per-posting URL","url:https://lewistown.schoolspring.com/jobs/5718971"
"Coaches",2026-04-22,NA,"Lewistown, Montana","https://lewistown.schoolspring.com/jobs/5873503","Lewistown Public Schools","SchoolSpring (direct district board)",2026-09-01,"Stable per-posting URL","url:https://lewistown.schoolspring.com/jobs/5873503"
"Custodian - Lewis &amp; Clark Elementary",2026-02-13,NA,"Lewistown, Montana","https://lewistown.schoolspring.com/jobs/5547070","Lewistown Public Schools","SchoolSpring (direct district board)",2026-09-01,"Stable per-posting URL","url:https://lewistown.schoolspring.com/jobs/5547070"
"Custodian - FHS",2025-03-31,NA,"Lewistown, Montana","https://lewistown.schoolspring.com/jobs/5070784","Lewistown Public Schools","SchoolSpring (direct district board)",2026-09-01,"Stable per-posting URL","url:https://lewistown.schoolspring.com/jobs/5070784"
"Bus Driver - Route 4 - 4hrs/day",2024-08-07,NA,"Lewistown, Montana","https://lewistown.schoolspring.com/jobs/4745811","Lewistown Public Schools","SchoolSpring (direct district board)",2026-09-01,"Stable per-posting URL","url:https://lewistown.schoolspring.com/jobs/4745811"
"Substitute Bus Driver",2023-09-27,NA,"Lewistown, Montana","https://lewistown.schoolspring.com/jobs/4409755","Lewistown Public Schools","SchoolSpring (direct district board)",2026-09-01,"Stable per-posting URL","url:https://lewistown.schoolspring.com/jobs/4409755"
"Guest or Substitute Teacher",2021-09-16,NA,"Lewistown, Montana","https://lewistown.schoolspring.com/jobs/4831393","Lewistown Public Schools","SchoolSpring (direct district board)",2026-09-01,"Stable per-posting URL","url:https://lewistown.schoolspring.com/jobs/4831393"
"Middle School Wrestling Coach",2026-08-25,NA,"Laurel, Montana","https://laurel.schoolspring.com/jobs/5897113","Laurel Public Schools","SchoolSpring (direct district board)",2026-09-01,"Stable per-posting URL","url:https://laurel.schoolspring.com/jobs/5897113"
"High School Assistant Speech, Drama, Debate Coach",2026-08-24,NA,"Laurel, Montana","https://laurel.schoolspring.com/jobs/5896178","Laurel Public Schools","SchoolSpring (direct district board)",2026-09-01,"Stable per-posting URL","url:https://laurel.schoolspring.com/jobs/5896178"
"Long Term Substitute - High School Math Teacher",2026-08-20,NA,"Laurel, Montana","https://laurel.schoolspring.com/jobs/5889585","Laurel Public Schools","SchoolSpring (direct district board)",2026-09-01,"Stable per-posting URL","url:https://laurel.schoolspring.com/jobs/5889585"
"High School Math Teacher",2026-08-20,NA,"Laurel, Montana","https://laurel.schoolspring.com/jobs/5889576","Laurel Public Schools","SchoolSpring (direct district board)",2026-09-01,"Stable per-posting URL","url:https://laurel.schoolspring.com/jobs/5889576"
"Specialized Needs Aide",2026-08-13,NA,"Laurel, Montana","https://laurel.schoolspring.com/jobs/5682188","Laurel Public Schools","SchoolSpring (direct district board)",2026-09-01,"Stable per-posting URL","url:https://laurel.schoolspring.com/jobs/5682188"
"Middle School Girls Basketball Coach",2026-08-10,NA,"Laurel, Montana","https://laurel.schoolspring.com/jobs/5874737","Laurel Public Schools","SchoolSpring (direct district board)",2026-09-01,"Stable per-posting URL","url:https://laurel.schoolspring.com/jobs/5874737"
"Bus Driver",2026-07-20,NA,"Laurel, Montana","https://laurel.schoolspring.com/jobs/5838370","Laurel Public Schools","SchoolSpring (direct district board)",2026-09-01,"Stable per-posting URL","url:https://laurel.schoolspring.com/jobs/5838370"
"Middle School Boys Basketball Coach",2026-07-14,NA,"Laurel, Montana","https://laurel.schoolspring.com/jobs/5825438","Laurel Public Schools","SchoolSpring (direct district board)",2026-09-01,"Stable per-posting URL","url:https://laurel.schoolspring.com/jobs/5825438"
"Middle School Track Coach",2026-07-14,NA,"Laurel, Montana","https://laurel.schoolspring.com/jobs/5825431","Laurel Public Schools","SchoolSpring (direct district board)",2026-09-01,"Stable per-posting URL","url:https://laurel.schoolspring.com/jobs/5825431"
"Teacher for the Visually Impaired",2026-07-13,NA,"Laurel, Montana","https://laurel.schoolspring.com/jobs/5823118","Laurel Public Schools","SchoolSpring (direct district board)",2026-09-01,"Stable per-posting URL","url:https://laurel.schoolspring.com/jobs/5823118"
"High School Assistant Wrestling Coach",2026-06-29,NA,"Laurel, Montana","https://laurel.schoolspring.com/jobs/5801094","Laurel Public Schools","SchoolSpring (direct district board)",2026-09-01,"Stable per-posting URL","url:https://laurel.schoolspring.com/jobs/5801094"
"Security",2026-05-29,NA,"Laurel, Montana","https://laurel.schoolspring.com/jobs/5737326","Laurel Public Schools","SchoolSpring (direct district board)",2026-09-01,"Stable per-posting URL","url:https://laurel.schoolspring.com/jobs/5737326"
"26-27 Substitute",2026-04-24,NA,"Laurel, Montana","https://laurel.schoolspring.com/jobs/5660181","Laurel Public Schools","SchoolSpring (direct district board)",2026-09-01,"Stable per-posting URL","url:https://laurel.schoolspring.com/jobs/5660181"
"Seasonal Groundskeeper",2026-03-19,NA,"Laurel, Montana","https://laurel.schoolspring.com/jobs/5589475","Laurel Public Schools","SchoolSpring (direct district board)",2026-09-01,"Stable per-posting URL","url:https://laurel.schoolspring.com/jobs/5589475"
"Bus Aide",2026-03-12,NA,"Laurel, Montana","https://laurel.schoolspring.com/jobs/5576634","Laurel Public Schools","SchoolSpring (direct district board)",2026-09-01,"Stable per-posting URL","url:https://laurel.schoolspring.com/jobs/5576634"
"26-27 Speech Language Pathologist",2026-02-13,NA,"Laurel, Montana","https://laurel.schoolspring.com/jobs/5532286","Laurel Public Schools","SchoolSpring (direct district board)",2026-09-01,"Stable per-posting URL","url:https://laurel.schoolspring.com/jobs/5532286"
"Physical Therapist",2026-01-15,NA,"Laurel, Montana","https://laurel.schoolspring.com/jobs/5134174","Laurel Public Schools","SchoolSpring (direct district board)",2026-09-01,"Stable per-posting URL","url:https://laurel.schoolspring.com/jobs/5134174"
"Speech Language Pathologist",2025-06-21,NA,"Laurel, Montana","https://laurel.schoolspring.com/jobs/5246053","Laurel Public Schools","SchoolSpring (direct district board)",2026-09-01,"Stable per-posting URL","url:https://laurel.schoolspring.com/jobs/5246053"
"Middle School Football Coach",2025-05-22,NA,"Laurel, Montana","https://laurel.schoolspring.com/jobs/5176765","Laurel Public Schools","SchoolSpring (direct district board)",2026-09-01,"Stable per-posting URL","url:https://laurel.schoolspring.com/jobs/5176765"
"Foreign Language Interpreter",2024-11-24,NA,"Laurel, Montana","https://laurel.schoolspring.com/jobs/4880860","Laurel Public Schools","SchoolSpring (direct district board)",2026-09-01,"Stable per-posting URL","url:https://laurel.schoolspring.com/jobs/4880860"
"School Psychologist",2024-06-16,NA,"Laurel, Montana","https://laurel.schoolspring.com/jobs/5007605","Laurel Public Schools","SchoolSpring (direct district board)",2026-09-01,"Stable per-posting URL","url:https://laurel.schoolspring.com/jobs/5007605"
"Community Education",2022-09-12,NA,"Laurel, Montana","https://laurel.schoolspring.com/jobs/5007604","Laurel Public Schools","SchoolSpring (direct district board)",2026-09-01,"Stable per-posting URL","url:https://laurel.schoolspring.com/jobs/5007604"
"Substitute Bus Driver",2019-02-13,NA,"Laurel, Montana","https://laurel.schoolspring.com/jobs/5007601","Laurel Public Schools","SchoolSpring (direct district board)",2026-09-01,"Stable per-posting URL","url:https://laurel.schoolspring.com/jobs/5007601"
"Coach - Head Track - RHS",2026-08-11,NA,"Ronan, Montana","https://ronan.schoolspring.com/jobs/5880774","Ronan Public Schools","SchoolSpring (direct district board)",2026-09-01,"Stable per-posting URL","url:https://ronan.schoolspring.com/jobs/5880774"
"Full Time Substitute - District Wide",2026-07-01,NA,"Ronan, Montana","https://ronan.schoolspring.com/jobs/5855159","Ronan Public Schools","SchoolSpring (direct district board)",2026-09-01,"Stable per-posting URL","url:https://ronan.schoolspring.com/jobs/5855159"
"RMS Teacher ~ Salish and/or Kootenai Language ~ 2026-27",2026-06-23,NA,"Ronan, Montana","https://ronan.schoolspring.com/jobs/5797647","Ronan Public Schools","SchoolSpring (direct district board)",2026-09-01,"Stable per-posting URL","url:https://ronan.schoolspring.com/jobs/5797647"
"Coach ~ Assistant Baseball ~ RHS",2026-06-23,NA,"Ronan, Montana","https://ronan.schoolspring.com/jobs/5796614","Ronan Public Schools","SchoolSpring (direct district board)",2026-09-01,"Stable per-posting URL","url:https://ronan.schoolspring.com/jobs/5796614"
"Coach ~ Assistant Football ~ RMS",2026-06-02,NA,"Ronan, Montana","https://ronan.schoolspring.com/jobs/5755518","Ronan Public Schools","SchoolSpring (direct district board)",2026-09-01,"Stable per-posting URL","url:https://ronan.schoolspring.com/jobs/5755518"
"Coach ~ Assistant Girls Basketball ~ RMS",2026-05-21,NA,"Ronan, Montana","https://ronan.schoolspring.com/jobs/5732320","Ronan Public Schools","SchoolSpring (direct district board)",2026-09-01,"Stable per-posting URL","url:https://ronan.schoolspring.com/jobs/5732320"
"RMS Paraprofessional ~ 2026-2027",2026-05-18,NA,"Ronan, Montana","https://ronan.schoolspring.com/jobs/5721295","Ronan Public Schools","SchoolSpring (direct district board)",2026-09-01,"Stable per-posting URL","url:https://ronan.schoolspring.com/jobs/5721295"
"Speech Pathologist",2026-05-18,NA,"Ronan, Montana","https://ronan.schoolspring.com/jobs/5720823","Ronan Public Schools","SchoolSpring (direct district board)",2026-09-01,"Stable per-posting URL","url:https://ronan.schoolspring.com/jobs/5720823"
"Substitute Custodian",2026-04-02,NA,"Ronan, Montana","https://ronan.schoolspring.com/jobs/5624549","Ronan Public Schools","SchoolSpring (direct district board)",2026-09-01,"Stable per-posting URL","url:https://ronan.schoolspring.com/jobs/5624549"
"KWH Paraprofessional",2026-04-02,NA,"Ronan, Montana","https://ronan.schoolspring.com/jobs/5624542","Ronan Public Schools","SchoolSpring (direct district board)",2026-09-01,"Stable per-posting URL","url:https://ronan.schoolspring.com/jobs/5624542"
"RMS Teacher ~ Special Education ~ 2026-2027",2026-04-01,NA,"Ronan, Montana","https://ronan.schoolspring.com/jobs/5624560","Ronan Public Schools","SchoolSpring (direct district board)",2026-09-01,"Stable per-posting URL","url:https://ronan.schoolspring.com/jobs/5624560"
"Food Service Assistant Cook",2026-03-30,NA,"Ronan, Montana","https://ronan.schoolspring.com/jobs/5616945","Ronan Public Schools","SchoolSpring (direct district board)",2026-09-01,"Stable per-posting URL","url:https://ronan.schoolspring.com/jobs/5616945"
"Coach ~ Assistant Football ~ RHS",2026-01-28,NA,"Ronan, Montana","https://ronan.schoolspring.com/jobs/5516680","Ronan Public Schools","SchoolSpring (direct district board)",2026-09-01,"Stable per-posting URL","url:https://ronan.schoolspring.com/jobs/5516680"
"Food Service Substitute",2025-12-16,NA,"Ronan, Montana","https://ronan.schoolspring.com/jobs/5473468","Ronan Public Schools","SchoolSpring (direct district board)",2026-09-01,"Stable per-posting URL","url:https://ronan.schoolspring.com/jobs/5473468"
"Substitute Teacher",2024-05-31,NA,"Ronan, Montana","https://ronan.schoolspring.com/jobs/4975392","Ronan Public Schools","SchoolSpring (direct district board)",2026-09-01,"Stable per-posting URL","url:https://ronan.schoolspring.com/jobs/4975392"
"Substitute School Bus Driver",2024-05-31,NA,"Ronan, Montana","https://ronan.schoolspring.com/jobs/4955037","Ronan Public Schools","SchoolSpring (direct district board)",2026-09-01,"Stable per-posting URL","url:https://ronan.schoolspring.com/jobs/4955037"
"2026-2027 Paraprofessional(s) - for Grades PreK-6th",2026-08-31,NA,"Libby, Montana","https://libbyschools.schoolspring.com/jobs/5908653","Libby Public Schools","SchoolSpring (direct district board)",2026-09-01,"Stable per-posting URL","url:https://libbyschools.schoolspring.com/jobs/5908653"
"Coach - 2026-27 LMS Head Girls Basketball",2026-08-12,NA,"Libby, Montana","https://libbyschools.schoolspring.com/jobs/5883336","Libby Public Schools","SchoolSpring (direct district board)",2026-09-01,"Stable per-posting URL","url:https://libbyschools.schoolspring.com/jobs/5883336"
"2026-27 Central Charter School Teacher Grades 9-12",2026-08-05,NA,"Libby, Montana","https://libbyschools.schoolspring.com/jobs/5871252","Libby Public Schools","SchoolSpring (direct district board)",2026-09-01,"Stable per-posting URL","url:https://libbyschools.schoolspring.com/jobs/5871252"
"2026-2027 Substitute for All Positions",2026-07-24,NA,"Libby, Montana","https://libbyschools.schoolspring.com/jobs/5851821","Libby Public Schools","SchoolSpring (direct district board)",2026-09-01,"Stable per-posting URL","url:https://libbyschools.schoolspring.com/jobs/5851821"
"Coach - 2026-27 LHS  Assistant Boys Soccer",2026-06-26,NA,"Libby, Montana","https://libbyschools.schoolspring.com/jobs/5805323","Libby Public Schools","SchoolSpring (direct district board)",2026-09-01,"Stable per-posting URL","url:https://libbyschools.schoolspring.com/jobs/5805323"
"Coach - 2026-27 LMS Volleyball",2026-06-11,NA,"Libby, Montana","https://libbyschools.schoolspring.com/jobs/5773231","Libby Public Schools","SchoolSpring (direct district board)",2026-09-01,"Stable per-posting URL","url:https://libbyschools.schoolspring.com/jobs/5773231"
"Coach - 2026-27 LMS Asst Girls Basketball",2026-06-10,NA,"Libby, Montana","https://libbyschools.schoolspring.com/jobs/5773188","Libby Public Schools","SchoolSpring (direct district board)",2026-09-01,"Stable per-posting URL","url:https://libbyschools.schoolspring.com/jobs/5773188"
"Coach - 2026-27 LMS Asst Track",2026-06-08,NA,"Libby, Montana","https://libbyschools.schoolspring.com/jobs/5773428","Libby Public Schools","SchoolSpring (direct district board)",2026-09-01,"Stable per-posting URL","url:https://libbyschools.schoolspring.com/jobs/5773428"
"Coach - 2026-27 LMS Asst Volleyball",2026-06-08,NA,"Libby, Montana","https://libbyschools.schoolspring.com/jobs/5773420","Libby Public Schools","SchoolSpring (direct district board)",2026-09-01,"Stable per-posting URL","url:https://libbyschools.schoolspring.com/jobs/5773420"
"2026-27 Social Studies Teacher",2026-06-08,NA,"Libby, Montana","https://libbyschools.schoolspring.com/jobs/5766145","Libby Public Schools","SchoolSpring (direct district board)",2026-09-01,"Stable per-posting URL","url:https://libbyschools.schoolspring.com/jobs/5766145"
"2026-27 Elementary Teacher",2026-06-03,NA,"Libby, Montana","https://libbyschools.schoolspring.com/jobs/5759123","Libby Public Schools","SchoolSpring (direct district board)",2026-09-01,"Stable per-posting URL","url:https://libbyschools.schoolspring.com/jobs/5759123"
"2026-27 Math Teacher",2026-06-03,NA,"Libby, Montana","https://libbyschools.schoolspring.com/jobs/5759118","Libby Public Schools","SchoolSpring (direct district board)",2026-09-01,"Stable per-posting URL","url:https://libbyschools.schoolspring.com/jobs/5759118"
"Coach - 2026-27 LMS Head Boys Basketball",2026-05-27,NA,"Libby, Montana","https://libbyschools.schoolspring.com/jobs/5740731","Libby Public Schools","SchoolSpring (direct district board)",2026-09-01,"Stable per-posting URL","url:https://libbyschools.schoolspring.com/jobs/5740731"
"Coach - 2026-27 LHS Asst Volleyball",2026-05-27,NA,"Libby, Montana","https://libbyschools.schoolspring.com/jobs/5513722","Libby Public Schools","SchoolSpring (direct district board)",2026-09-01,"Stable per-posting URL","url:https://libbyschools.schoolspring.com/jobs/5513722"
"Coach - 2026-27 LHS  Assistant Wrestling",2026-05-26,NA,"Libby, Montana","https://libbyschools.schoolspring.com/jobs/5740678","Libby Public Schools","SchoolSpring (direct district board)",2026-09-01,"Stable per-posting URL","url:https://libbyschools.schoolspring.com/jobs/5740678"
"2026-27 Special Education Teacher",2026-03-12,NA,"Libby, Montana","https://libbyschools.schoolspring.com/jobs/5582088","Libby Public Schools","SchoolSpring (direct district board)",2026-09-01,"Stable per-posting URL","url:https://libbyschools.schoolspring.com/jobs/5582088"
"Coach - 2026-27 LES (5th &amp; 6th) Asst Football",2026-01-27,NA,"Libby, Montana","https://libbyschools.schoolspring.com/jobs/5513720","Libby Public Schools","SchoolSpring (direct district board)",2026-09-01,"Stable per-posting URL","url:https://libbyschools.schoolspring.com/jobs/5513720"
"Use This Template to Create An Account For Future Classified Openings",2017-01-18,NA,"Libby, Montana","https://libbyschools.schoolspring.com/jobs/4900074","Libby Public Schools","SchoolSpring (direct district board)",2026-09-01,"Stable per-posting URL","url:https://libbyschools.schoolspring.com/jobs/4900074"
"Use This Template to Create An Account For Future Certified Openings",2017-01-18,NA,"Libby, Montana","https://libbyschools.schoolspring.com/jobs/4900071","Libby Public Schools","SchoolSpring (direct district board)",2026-09-01,"Stable per-posting URL","url:https://libbyschools.schoolspring.com/jobs/4900071"
"Assistant Football Coach",2026-08-27,NA,"Bridger, Montana","https://bridger.schoolspring.com/jobs/5906481","Bridger School District 2","SchoolSpring (direct district board)",2026-09-01,"Stable per-posting URL","url:https://bridger.schoolspring.com/jobs/5906481"
"Paraeducator",2026-08-12,NA,"Bridger, Montana","https://bridger.schoolspring.com/jobs/5883474","Bridger School District 2","SchoolSpring (direct district board)",2026-09-01,"Stable per-posting URL","url:https://bridger.schoolspring.com/jobs/5883474"
"Kitchen Assistant (part-time)",2026-08-12,NA,"Bridger, Montana","https://bridger.schoolspring.com/jobs/5883455","Bridger School District 2","SchoolSpring (direct district board)",2026-09-01,"Stable per-posting URL","url:https://bridger.schoolspring.com/jobs/5883455"
"Substitute Teacher",2026-05-14,NA,"Bridger, Montana","https://bridger.schoolspring.com/jobs/5030387","Bridger School District 2","SchoolSpring (direct district board)",2026-09-01,"Stable per-posting URL","url:https://bridger.schoolspring.com/jobs/5030387"
"Substitute Custodian",2025-03-07,NA,"Bridger, Montana","https://bridger.schoolspring.com/jobs/5025818","Bridger School District 2","SchoolSpring (direct district board)",2026-09-01,"Stable per-posting URL","url:https://bridger.schoolspring.com/jobs/5025818"
"Custodian (Afternoon/Evening)",2026-08-03,NA,"Missoula, Montana","https://target.schoolspring.com/jobs/5867045","Target Range School District","SchoolSpring (direct district board)",2026-09-01,"Stable per-posting URL","url:https://target.schoolspring.com/jobs/5867045"
"Substitute Teacher/Para",2025-08-01,NA,"Missoula, Montana","https://target.schoolspring.com/jobs/5327409","Target Range School District","SchoolSpring (direct district board)",2026-09-01,"Stable per-posting URL","url:https://target.schoolspring.com/jobs/5327409"
"Substitute Paraeducator",2025-08-01,NA,"Missoula, Montana","https://target.schoolspring.com/jobs/4954675","Target Range School District","SchoolSpring (direct district board)",2026-09-01,"Stable per-posting URL","url:https://target.schoolspring.com/jobs/4954675"
"Substitute Kitchen Aide",2025-08-01,NA,"Missoula, Montana","https://target.schoolspring.com/jobs/4930171","Target Range School District","SchoolSpring (direct district board)",2026-09-01,"Stable per-posting URL","url:https://target.schoolspring.com/jobs/4930171"
"Substitute Custodian",2025-07-01,NA,"Missoula, Montana","https://target.schoolspring.com/jobs/4954674","Target Range School District","SchoolSpring (direct district board)",2026-09-01,"Stable per-posting URL","url:https://target.schoolspring.com/jobs/4954674"
"ASSISTANT BUSINESS DIRECTOR",2026-09-01,NA,"Kalispell Public Schools","https://kalispellpublicschoolsmt.tylerportico.com/tess/citizen/jobs/job-list/e3fd92dd-e8e1-4db7-abbf-b4b800a02005","Kalispell Public Schools","Tyler Portico (direct district board)",2026-09-01,"Stable per-posting URL","url:https://kalispellpublicschoolsmt.tylerportico.com/tess/citizen/jobs/job-list/e3fd92dd-e8e1-4db7-abbf-b4b800a02005"
"BUS - DRIVER",2026-06-29,NA,"Kalispell Public Schools","https://kalispellpublicschoolsmt.tylerportico.com/tess/citizen/jobs/job-list/a76ba87a-ff37-4194-9f9d-b47800b87221","Kalispell Public Schools","Tyler Portico (direct district board)",2026-09-01,"Stable per-posting URL","url:https://kalispellpublicschoolsmt.tylerportico.com/tess/citizen/jobs/job-list/a76ba87a-ff37-4194-9f9d-b47800b87221"
"BUS MONITOR",2025-07-30,NA,"Kalispell Public Schools","https://kalispellpublicschoolsmt.tylerportico.com/tess/citizen/jobs/job-list/fb8d984e-510d-4fb8-baa4-b32a00a7554a","Kalispell Public Schools","Tyler Portico (direct district board)",2026-09-01,"Stable per-posting URL","url:https://kalispellpublicschoolsmt.tylerportico.com/tess/citizen/jobs/job-list/fb8d984e-510d-4fb8-baa4-b32a00a7554a"
"CENTRAL OFFICE STUDENT INTERN",2026-08-06,NA,"Kalispell Public Schools","https://kalispellpublicschoolsmt.tylerportico.com/tess/citizen/jobs/job-list/e43f8efe-7385-458d-a8a3-b49e0100988c","Kalispell Public Schools","Tyler Portico (direct district board)",2026-09-01,"Stable per-posting URL","url:https://kalispellpublicschoolsmt.tylerportico.com/tess/citizen/jobs/job-list/e43f8efe-7385-458d-a8a3-b49e0100988c"
"COMMUNICATIONS COORD.",2026-06-26,NA,"Kalispell Public Schools","https://kalispellpublicschoolsmt.tylerportico.com/tess/citizen/jobs/job-list/e05cc591-d5a4-450f-aa05-b475010b5d4d","Kalispell Public Schools","Tyler Portico (direct district board)",2026-09-01,"Stable per-posting URL","url:https://kalispellpublicschoolsmt.tylerportico.com/tess/citizen/jobs/job-list/e05cc591-d5a4-450f-aa05-b475010b5d4d"
"ES - TECH",2025-09-11,NA,"Kalispell Public Schools","https://kalispellpublicschoolsmt.tylerportico.com/tess/citizen/jobs/job-list/df36c559-2abc-431a-9e96-b35500a86f52","Kalispell Public Schools","Tyler Portico (direct district board)",2026-09-01,"Stable per-posting URL","url:https://kalispellpublicschoolsmt.tylerportico.com/tess/citizen/jobs/job-list/df36c559-2abc-431a-9e96-b35500a86f52"
"FOOD SERVICE II",2025-11-04,NA,"Kalispell Public Schools","https://kalispellpublicschoolsmt.tylerportico.com/tess/citizen/jobs/job-list/f676d581-5aac-48df-b4b7-b38b00e61e14","Kalispell Public Schools","Tyler Portico (direct district board)",2026-09-01,"Stable per-posting URL","url:https://kalispellpublicschoolsmt.tylerportico.com/tess/citizen/jobs/job-list/f676d581-5aac-48df-b4b7-b38b00e61e14"
"FOOD SERVICE LEAD",2025-09-03,NA,"Kalispell Public Schools","https://kalispellpublicschoolsmt.tylerportico.com/tess/citizen/jobs/job-list/67cc761b-c461-4932-a830-b34d00f47abe","Kalispell Public Schools","Tyler Portico (direct district board)",2026-09-01,"Stable per-posting URL","url:https://kalispellpublicschoolsmt.tylerportico.com/tess/citizen/jobs/job-list/67cc761b-c461-4932-a830-b34d00f47abe"
"LONG TERM SUB - TEACHER, SPECIAL EDUCATION",2026-08-14,NA,"Kalispell Public Schools","https://kalispellpublicschoolsmt.tylerportico.com/tess/citizen/jobs/job-list/cdb768d7-a23f-44c5-9a34-b421011e6820","Kalispell Public Schools","Tyler Portico (direct district board)",2026-09-01,"Stable per-posting URL","url:https://kalispellpublicschoolsmt.tylerportico.com/tess/citizen/jobs/job-list/cdb768d7-a23f-44c5-9a34-b421011e6820"
"MAINTENANCE I - GROUNDS",2026-07-02,NA,"Kalispell Public Schools","https://kalispellpublicschoolsmt.tylerportico.com/tess/citizen/jobs/job-list/2c5fb5ac-b826-40be-a33b-b47b00fb3562","Kalispell Public Schools","Tyler Portico (direct district board)",2026-09-01,"Stable per-posting URL","url:https://kalispellpublicschoolsmt.tylerportico.com/tess/citizen/jobs/job-list/2c5fb5ac-b826-40be-a33b-b47b00fb3562"
"Misc - GIFTED & TALENTED COORDINATOR",2026-03-30,NA,"Kalispell Public Schools","https://kalispellpublicschoolsmt.tylerportico.com/tess/citizen/jobs/job-list/7a2844c9-b774-40b0-aa21-b41d0104ac39","Kalispell Public Schools","Tyler Portico (direct district board)",2026-09-01,"Stable per-posting URL","url:https://kalispellpublicschoolsmt.tylerportico.com/tess/citizen/jobs/job-list/7a2844c9-b774-40b0-aa21-b41d0104ac39"
"PARAPROFESSIONAL",2026-06-15,NA,"Kalispell Public Schools","https://kalispellpublicschoolsmt.tylerportico.com/tess/citizen/jobs/job-list/b32f0a15-4632-463e-9988-b46a011e2e77","Kalispell Public Schools","Tyler Portico (direct district board)",2026-09-01,"Stable per-posting URL","url:https://kalispellpublicschoolsmt.tylerportico.com/tess/citizen/jobs/job-list/b32f0a15-4632-463e-9988-b46a011e2e77"
"PARAPROFESSIONAL",2026-08-11,NA,"Kalispell Public Schools","https://kalispellpublicschoolsmt.tylerportico.com/tess/citizen/jobs/job-list/e5501ef0-1c8c-4f7f-aadb-b4a300a7f973","Kalispell Public Schools","Tyler Portico (direct district board)",2026-09-01,"Stable per-posting URL","url:https://kalispellpublicschoolsmt.tylerportico.com/tess/citizen/jobs/job-list/e5501ef0-1c8c-4f7f-aadb-b4a300a7f973"
"PARAPROFESSIONAL",2026-08-21,NA,"Kalispell Public Schools","https://kalispellpublicschoolsmt.tylerportico.com/tess/citizen/jobs/job-list/ce561d8d-5e3a-4812-8b30-b4ad00cbe3bd","Kalispell Public Schools","Tyler Portico (direct district board)",2026-09-01,"Stable per-posting URL","url:https://kalispellpublicschoolsmt.tylerportico.com/tess/citizen/jobs/job-list/ce561d8d-5e3a-4812-8b30-b4ad00cbe3bd"
"SCHOOL NURSE",2026-08-12,NA,"Kalispell Public Schools","https://kalispellpublicschoolsmt.tylerportico.com/tess/citizen/jobs/job-list/320ef686-bf38-4d7f-b270-b4a401018068","Kalispell Public Schools","Tyler Portico (direct district board)",2026-09-01,"Stable per-posting URL","url:https://kalispellpublicschoolsmt.tylerportico.com/tess/citizen/jobs/job-list/320ef686-bf38-4d7f-b270-b4a401018068"
"SE - PARAPROFESSIONAL",2026-03-19,NA,"Kalispell Public Schools","https://kalispellpublicschoolsmt.tylerportico.com/tess/citizen/jobs/job-list/ccd4a06d-dfa1-4b68-a701-b412010fc4ba","Kalispell Public Schools","Tyler Portico (direct district board)",2026-09-01,"Stable per-posting URL","url:https://kalispellpublicschoolsmt.tylerportico.com/tess/citizen/jobs/job-list/ccd4a06d-dfa1-4b68-a701-b412010fc4ba"
"SE - PARAPROFESSIONAL",2026-08-06,NA,"Kalispell Public Schools","https://kalispellpublicschoolsmt.tylerportico.com/tess/citizen/jobs/job-list/5f173653-6428-409c-922f-b49e00fd622a","Kalispell Public Schools","Tyler Portico (direct district board)",2026-09-01,"Stable per-posting URL","url:https://kalispellpublicschoolsmt.tylerportico.com/tess/citizen/jobs/job-list/5f173653-6428-409c-922f-b49e00fd622a"
"SE - PARAPROFESSIONAL - LS",2026-08-06,NA,"Kalispell Public Schools","https://kalispellpublicschoolsmt.tylerportico.com/tess/citizen/jobs/job-list/6b174af5-39fb-4df1-9ea7-b49e01025ea9","Kalispell Public Schools","Tyler Portico (direct district board)",2026-09-01,"Stable per-posting URL","url:https://kalispellpublicschoolsmt.tylerportico.com/tess/citizen/jobs/job-list/6b174af5-39fb-4df1-9ea7-b49e01025ea9"
"SE - PARAPROFESSIONAL - LS",2026-08-11,NA,"Kalispell Public Schools","https://kalispellpublicschoolsmt.tylerportico.com/tess/citizen/jobs/job-list/213cf3f6-f2c9-40b6-8377-b4a300a76606","Kalispell Public Schools","Tyler Portico (direct district board)",2026-09-01,"Stable per-posting URL","url:https://kalispellpublicschoolsmt.tylerportico.com/tess/citizen/jobs/job-list/213cf3f6-f2c9-40b6-8377-b4a300a76606"
"SE - PARAPROFESSIONAL - LS",2026-09-01,NA,"Kalispell Public Schools","https://kalispellpublicschoolsmt.tylerportico.com/tess/citizen/jobs/job-list/61bc64ac-2e91-45a6-81e0-b4b800a2f956","Kalispell Public Schools","Tyler Portico (direct district board)",2026-09-01,"Stable per-posting URL","url:https://kalispellpublicschoolsmt.tylerportico.com/tess/citizen/jobs/job-list/61bc64ac-2e91-45a6-81e0-b4b800a2f956"
"SE - PARAPROFESSIONAL - LS 19-21",2026-08-06,NA,"Kalispell Public Schools","https://kalispellpublicschoolsmt.tylerportico.com/tess/citizen/jobs/job-list/c84e3a0f-e141-4455-aa97-b49e00fe8900","Kalispell Public Schools","Tyler Portico (direct district board)",2026-09-01,"Stable per-posting URL","url:https://kalispellpublicschoolsmt.tylerportico.com/tess/citizen/jobs/job-list/c84e3a0f-e141-4455-aa97-b49e00fe8900"
"SE - PHYSICAL THERAPIST",2026-06-12,NA,"Kalispell Public Schools","https://kalispellpublicschoolsmt.tylerportico.com/tess/citizen/jobs/job-list/a08b16ae-5150-431f-bd38-b46700af890a","Kalispell Public Schools","Tyler Portico (direct district board)",2026-09-01,"Stable per-posting URL","url:https://kalispellpublicschoolsmt.tylerportico.com/tess/citizen/jobs/job-list/a08b16ae-5150-431f-bd38-b46700af890a"
"SE - PSYCH",2026-06-30,NA,"Kalispell Public Schools","https://kalispellpublicschoolsmt.tylerportico.com/tess/citizen/jobs/job-list/70d848f3-eb6e-4f9b-a362-b31501109279","Kalispell Public Schools","Tyler Portico (direct district board)",2026-09-01,"Stable per-posting URL","url:https://kalispellpublicschoolsmt.tylerportico.com/tess/citizen/jobs/job-list/70d848f3-eb6e-4f9b-a362-b31501109279"
"SE - SLP TEMP",2026-07-02,NA,"Kalispell Public Schools","https://kalispellpublicschoolsmt.tylerportico.com/tess/citizen/jobs/job-list/4f94a6ff-abcc-4241-8f98-b47b00f4b4a4","Kalispell Public Schools","Tyler Portico (direct district board)",2026-09-01,"Stable per-posting URL","url:https://kalispellpublicschoolsmt.tylerportico.com/tess/citizen/jobs/job-list/4f94a6ff-abcc-4241-8f98-b47b00f4b4a4"
"SE - TEACHER",2026-06-12,NA,"Kalispell Public Schools","https://kalispellpublicschoolsmt.tylerportico.com/tess/citizen/jobs/job-list/e2035868-5fb1-4a82-b743-b46700ad6b43","Kalispell Public Schools","Tyler Portico (direct district board)",2026-09-01,"Stable per-posting URL","url:https://kalispellpublicschoolsmt.tylerportico.com/tess/citizen/jobs/job-list/e2035868-5fb1-4a82-b743-b46700ad6b43"
"SE - TEACHER",2026-08-12,NA,"Kalispell Public Schools","https://kalispellpublicschoolsmt.tylerportico.com/tess/citizen/jobs/job-list/2526cfb6-232f-4dc8-bba7-b4a4010146ae","Kalispell Public Schools","Tyler Portico (direct district board)",2026-09-01,"Stable per-posting URL","url:https://kalispellpublicschoolsmt.tylerportico.com/tess/citizen/jobs/job-list/2526cfb6-232f-4dc8-bba7-b4a4010146ae"
"SE - TEACHER LS",2026-05-29,NA,"Kalispell Public Schools","https://kalispellpublicschoolsmt.tylerportico.com/tess/citizen/jobs/job-list/2299389d-20ca-49e5-9e4b-b459016795f1","Kalispell Public Schools","Tyler Portico (direct district board)",2026-09-01,"Stable per-posting URL","url:https://kalispellpublicschoolsmt.tylerportico.com/tess/citizen/jobs/job-list/2299389d-20ca-49e5-9e4b-b459016795f1"
"SPECIAL PROJECTS - ACTIVITIES SUPERVISION",2026-02-27,NA,"Kalispell Public Schools","https://kalispellpublicschoolsmt.tylerportico.com/tess/citizen/jobs/job-list/0024190c-99b2-45e6-8d7f-b3fe00f5a8ea","Kalispell Public Schools","Tyler Portico (direct district board)",2026-09-01,"Stable per-posting URL","url:https://kalispellpublicschoolsmt.tylerportico.com/tess/citizen/jobs/job-list/0024190c-99b2-45e6-8d7f-b3fe00f5a8ea"
"STIPEND - BASEBALL HS ASSISTANT",2025-11-05,NA,"Kalispell Public Schools","https://kalispellpublicschoolsmt.tylerportico.com/tess/citizen/jobs/job-list/d24b31c6-5c8d-4a88-a7a6-b38c00bf7e9b","Kalispell Public Schools","Tyler Portico (direct district board)",2026-09-01,"Stable per-posting URL","url:https://kalispellpublicschoolsmt.tylerportico.com/tess/citizen/jobs/job-list/d24b31c6-5c8d-4a88-a7a6-b38c00bf7e9b"
"STIPEND - BPA ADVISOR",2026-05-27,NA,"Kalispell Public Schools","https://kalispellpublicschoolsmt.tylerportico.com/tess/citizen/jobs/job-list/75f781e1-e8e4-4d0f-9501-b457012c18ef","Kalispell Public Schools","Tyler Portico (direct district board)",2026-09-01,"Stable per-posting URL","url:https://kalispellpublicschoolsmt.tylerportico.com/tess/citizen/jobs/job-list/75f781e1-e8e4-4d0f-9501-b457012c18ef"
"STIPEND - CROSS COUNTRY ASSISTAN",2026-07-02,NA,"Kalispell Public Schools","https://kalispellpublicschoolsmt.tylerportico.com/tess/citizen/jobs/job-list/2aa462c4-7346-44e5-9b3f-b47b00f9f6d1","Kalispell Public Schools","Tyler Portico (direct district board)",2026-09-01,"Stable per-posting URL","url:https://kalispellpublicschoolsmt.tylerportico.com/tess/citizen/jobs/job-list/2aa462c4-7346-44e5-9b3f-b47b00f9f6d1"
"STIPEND - FOOTBALL ASSISTANT JV",2026-02-27,NA,"Kalispell Public Schools","https://kalispellpublicschoolsmt.tylerportico.com/tess/citizen/jobs/job-list/1ab14277-9081-48d6-a7b0-b3fe00f45932","Kalispell Public Schools","Tyler Portico (direct district board)",2026-09-01,"Stable per-posting URL","url:https://kalispellpublicschoolsmt.tylerportico.com/tess/citizen/jobs/job-list/1ab14277-9081-48d6-a7b0-b3fe00f45932"
"STIPEND - FOOTBALL MS",2026-04-29,NA,"Kalispell Public Schools","https://kalispellpublicschoolsmt.tylerportico.com/tess/citizen/jobs/job-list/7e6823ff-e435-4e15-9204-b43b00b3d8ac","Kalispell Public Schools","Tyler Portico (direct district board)",2026-09-01,"Stable per-posting URL","url:https://kalispellpublicschoolsmt.tylerportico.com/tess/citizen/jobs/job-list/7e6823ff-e435-4e15-9204-b43b00b3d8ac"
"STIPEND - HOSA ADVISOR",2026-06-12,NA,"Kalispell Public Schools","https://kalispellpublicschoolsmt.tylerportico.com/tess/citizen/jobs/job-list/c0e027c6-4321-4839-8377-b46700af0874","Kalispell Public Schools","Tyler Portico (direct district board)",2026-09-01,"Stable per-posting URL","url:https://kalispellpublicschoolsmt.tylerportico.com/tess/citizen/jobs/job-list/c0e027c6-4321-4839-8377-b46700af0874"
"STIPEND - SOCCER ASSISTANT JV",2026-04-22,NA,"Kalispell Public Schools","https://kalispellpublicschoolsmt.tylerportico.com/tess/citizen/jobs/job-list/818923c8-ab34-4034-9ae9-b43401142a90","Kalispell Public Schools","Tyler Portico (direct district board)",2026-09-01,"Stable per-posting URL","url:https://kalispellpublicschoolsmt.tylerportico.com/tess/citizen/jobs/job-list/818923c8-ab34-4034-9ae9-b43401142a90"
"STIPEND - SOFTBALL HS HEAD",2026-06-12,NA,"Kalispell Public Schools","https://kalispellpublicschoolsmt.tylerportico.com/tess/citizen/jobs/job-list/7421447d-4c72-4520-b8c7-b46700b11aac","Kalispell Public Schools","Tyler Portico (direct district board)",2026-09-01,"Stable per-posting URL","url:https://kalispellpublicschoolsmt.tylerportico.com/tess/citizen/jobs/job-list/7421447d-4c72-4520-b8c7-b46700b11aac"
"STIPEND - SPEECH ASSISTANT",2026-06-12,NA,"Kalispell Public Schools","https://kalispellpublicschoolsmt.tylerportico.com/tess/citizen/jobs/job-list/ff4cea6c-86ff-46f9-8483-b46700adf462","Kalispell Public Schools","Tyler Portico (direct district board)",2026-09-01,"Stable per-posting URL","url:https://kalispellpublicschoolsmt.tylerportico.com/tess/citizen/jobs/job-list/ff4cea6c-86ff-46f9-8483-b46700adf462"
"STIPEND - SWIMMING ASSISTANT JV",2025-07-15,NA,"Kalispell Public Schools","https://kalispellpublicschoolsmt.tylerportico.com/tess/citizen/jobs/job-list/9e39b507-ef71-4110-9f92-b31b00a5b86d","Kalispell Public Schools","Tyler Portico (direct district board)",2026-09-01,"Stable per-posting URL","url:https://kalispellpublicschoolsmt.tylerportico.com/tess/citizen/jobs/job-list/9e39b507-ef71-4110-9f92-b31b00a5b86d"
"STIPEND - SWIMMING ASSISTANT JV",2026-05-26,NA,"Kalispell Public Schools","https://kalispellpublicschoolsmt.tylerportico.com/tess/citizen/jobs/job-list/267a1dfe-b31b-49f5-ac82-b36900be1226","Kalispell Public Schools","Tyler Portico (direct district board)",2026-09-01,"Stable per-posting URL","url:https://kalispellpublicschoolsmt.tylerportico.com/tess/citizen/jobs/job-list/267a1dfe-b31b-49f5-ac82-b36900be1226"
"STIPEND - WRESTLING ASSISTANT JV",2025-07-15,NA,"Kalispell Public Schools","https://kalispellpublicschoolsmt.tylerportico.com/tess/citizen/jobs/job-list/19d91a5a-de34-4a7d-a6eb-b31b00a635b9","Kalispell Public Schools","Tyler Portico (direct district board)",2026-09-01,"Stable per-posting URL","url:https://kalispellpublicschoolsmt.tylerportico.com/tess/citizen/jobs/job-list/19d91a5a-de34-4a7d-a6eb-b31b00a635b9"
"STUDENT INTERN SCHOOL COORDINATOR",2026-08-06,NA,"Kalispell Public Schools","https://kalispellpublicschoolsmt.tylerportico.com/tess/citizen/jobs/job-list/2c6cf071-f0ab-458b-a9bf-b49e0101c781","Kalispell Public Schools","Tyler Portico (direct district board)",2026-09-01,"Stable per-posting URL","url:https://kalispellpublicschoolsmt.tylerportico.com/tess/citizen/jobs/job-list/2c6cf071-f0ab-458b-a9bf-b49e0101c781"
"STUDENT STORE",2026-06-26,NA,"Kalispell Public Schools","https://kalispellpublicschoolsmt.tylerportico.com/tess/citizen/jobs/job-list/473d68c7-216f-43f5-8c89-b475010d3b72","Kalispell Public Schools","Tyler Portico (direct district board)",2026-09-01,"Stable per-posting URL","url:https://kalispellpublicschoolsmt.tylerportico.com/tess/citizen/jobs/job-list/473d68c7-216f-43f5-8c89-b475010d3b72"
"STUDENT WORKER",2025-10-07,NA,"Kalispell Public Schools","https://kalispellpublicschoolsmt.tylerportico.com/tess/citizen/jobs/job-list/50c9fd96-aa6c-40a6-918b-b36f00b5bc64","Kalispell Public Schools","Tyler Portico (direct district board)",2026-09-01,"Stable per-posting URL","url:https://kalispellpublicschoolsmt.tylerportico.com/tess/citizen/jobs/job-list/50c9fd96-aa6c-40a6-918b-b36f00b5bc64"
"SUBSTITUTE - CERTIFIED",2025-08-05,NA,"Kalispell Public Schools","https://kalispellpublicschoolsmt.tylerportico.com/tess/citizen/jobs/job-list/3851f257-0b84-477a-99b6-b33000ba38c5","Kalispell Public Schools","Tyler Portico (direct district board)",2026-09-01,"Stable per-posting URL","url:https://kalispellpublicschoolsmt.tylerportico.com/tess/citizen/jobs/job-list/3851f257-0b84-477a-99b6-b33000ba38c5"
"Summer Grounds",2026-04-09,NA,"Kalispell Public Schools","https://kalispellpublicschoolsmt.tylerportico.com/tess/citizen/jobs/job-list/bb41e31a-a06b-45a7-bfdf-b42700c8082c","Kalispell Public Schools","Tyler Portico (direct district board)",2026-09-01,"Stable per-posting URL","url:https://kalispellpublicschoolsmt.tylerportico.com/tess/citizen/jobs/job-list/bb41e31a-a06b-45a7-bfdf-b42700c8082c"
"SUMMER TECH CREW",2026-04-09,NA,"Kalispell Public Schools","https://kalispellpublicschoolsmt.tylerportico.com/tess/citizen/jobs/job-list/b9d9068a-a7ba-4577-ac36-b42700c52483","Kalispell Public Schools","Tyler Portico (direct district board)",2026-09-01,"Stable per-posting URL","url:https://kalispellpublicschoolsmt.tylerportico.com/tess/citizen/jobs/job-list/b9d9068a-a7ba-4577-ac36-b42700c52483"
"TEACHER - FAMILY CONSUMER SCIENCE",2026-08-14,NA,"Kalispell Public Schools","https://kalispellpublicschoolsmt.tylerportico.com/tess/citizen/jobs/job-list/55595bcf-2a71-48b7-893d-b4a600f1c2fe","Kalispell Public Schools","Tyler Portico (direct district board)",2026-09-01,"Stable per-posting URL","url:https://kalispellpublicschoolsmt.tylerportico.com/tess/citizen/jobs/job-list/55595bcf-2a71-48b7-893d-b4a600f1c2fe"
"TEACHER - PHYSICAL EDUCATION",2026-06-15,NA,"Kalispell Public Schools","https://kalispellpublicschoolsmt.tylerportico.com/tess/citizen/jobs/job-list/42ac7efc-5c9d-4a68-b057-b46a011e896a","Kalispell Public Schools","Tyler Portico (direct district board)",2026-09-01,"Stable per-posting URL","url:https://kalispellpublicschoolsmt.tylerportico.com/tess/citizen/jobs/job-list/42ac7efc-5c9d-4a68-b057-b46a011e896a"
"TEACHER - SOCIAL STUDIES",2026-06-15,NA,"Kalispell Public Schools","https://kalispellpublicschoolsmt.tylerportico.com/tess/citizen/jobs/job-list/1e4827d9-b728-46ca-b1e8-b46a011ee70b","Kalispell Public Schools","Tyler Portico (direct district board)",2026-09-01,"Stable per-posting URL","url:https://kalispellpublicschoolsmt.tylerportico.com/tess/citizen/jobs/job-list/1e4827d9-b728-46ca-b1e8-b46a011ee70b"
"Bus Aide",2026-07-08,NA,"Cascade Public Schools","https://cascadepublicschoolsmt.tylerportico.com/tess/citizen/jobs/job-list/8786917d-834d-4123-b78f-b48100e75ede","Cascade Public Schools","Tyler Portico (direct district board)",2026-09-01,"Stable per-posting URL","url:https://cascadepublicschoolsmt.tylerportico.com/tess/citizen/jobs/job-list/8786917d-834d-4123-b78f-b48100e75ede"
"Bus Driver",2026-05-19,NA,"Cascade Public Schools","https://cascadepublicschoolsmt.tylerportico.com/tess/citizen/jobs/job-list/c2098825-bcff-4999-bf89-b44f00a78779","Cascade Public Schools","Tyler Portico (direct district board)",2026-09-01,"Stable per-posting URL","url:https://cascadepublicschoolsmt.tylerportico.com/tess/citizen/jobs/job-list/c2098825-bcff-4999-bf89-b44f00a78779"
"Custodian",2026-05-19,NA,"Cascade Public Schools","https://cascadepublicschoolsmt.tylerportico.com/tess/citizen/jobs/job-list/104d88e1-d05c-4d1f-89c9-b44f00a6b9d2","Cascade Public Schools","Tyler Portico (direct district board)",2026-09-01,"Stable per-posting URL","url:https://cascadepublicschoolsmt.tylerportico.com/tess/citizen/jobs/job-list/104d88e1-d05c-4d1f-89c9-b44f00a6b9d2"
"General Kitchen Aide",2026-07-01,NA,"Cascade Public Schools","https://cascadepublicschoolsmt.tylerportico.com/tess/citizen/jobs/job-list/442dc5e8-f560-48fb-970c-b47b01249b4c","Cascade Public Schools","Tyler Portico (direct district board)",2026-09-01,"Stable per-posting URL","url:https://cascadepublicschoolsmt.tylerportico.com/tess/citizen/jobs/job-list/442dc5e8-f560-48fb-970c-b47b01249b4c"
"Head HS Girls Basketball Coach",2026-07-08,NA,"Cascade Public Schools","https://cascadepublicschoolsmt.tylerportico.com/tess/citizen/jobs/job-list/04b4fc1d-4ab1-4ae8-b958-b48100e913de","Cascade Public Schools","Tyler Portico (direct district board)",2026-09-01,"Stable per-posting URL","url:https://cascadepublicschoolsmt.tylerportico.com/tess/citizen/jobs/job-list/04b4fc1d-4ab1-4ae8-b958-b48100e913de"
"High School Science & Robotics Teacher",2026-05-19,NA,"Cascade Public Schools","https://cascadepublicschoolsmt.tylerportico.com/tess/citizen/jobs/job-list/a5018ba7-bebb-4f90-836d-b44f00c11fda","Cascade Public Schools","Tyler Portico (direct district board)",2026-09-01,"Stable per-posting URL","url:https://cascadepublicschoolsmt.tylerportico.com/tess/citizen/jobs/job-list/a5018ba7-bebb-4f90-836d-b44f00c11fda"
"HS Math Teacher",2026-03-19,NA,"Cascade Public Schools","https://cascadepublicschoolsmt.tylerportico.com/tess/citizen/jobs/job-list/3a23f3c7-d480-4058-88b7-b47b012400e6","Cascade Public Schools","Tyler Portico (direct district board)",2026-09-01,"Stable per-posting URL","url:https://cascadepublicschoolsmt.tylerportico.com/tess/citizen/jobs/job-list/3a23f3c7-d480-4058-88b7-b47b012400e6"
"JH/HS Athletic Coach - General",2026-07-08,NA,"Cascade Public Schools","https://cascadepublicschoolsmt.tylerportico.com/tess/citizen/jobs/job-list/caa952f1-9f9a-4d5f-ac42-b48100eb2a02","Cascade Public Schools","Tyler Portico (direct district board)",2026-09-01,"Stable per-posting URL","url:https://cascadepublicschoolsmt.tylerportico.com/tess/citizen/jobs/job-list/caa952f1-9f9a-4d5f-ac42-b48100eb2a02"
"JH/HS Special Education Teacher",2026-04-01,NA,"Cascade Public Schools","https://cascadepublicschoolsmt.tylerportico.com/tess/citizen/jobs/job-list/6e5e93d0-2ccb-428e-b0df-b47b012313e3","Cascade Public Schools","Tyler Portico (direct district board)",2026-09-01,"Stable per-posting URL","url:https://cascadepublicschoolsmt.tylerportico.com/tess/citizen/jobs/job-list/6e5e93d0-2ccb-428e-b0df-b47b012313e3"
"Paraprofessional",2026-05-01,NA,"Cascade Public Schools","https://cascadepublicschoolsmt.tylerportico.com/tess/citizen/jobs/job-list/344512f3-4169-46fe-b21d-b47b0124583e","Cascade Public Schools","Tyler Portico (direct district board)",2026-09-01,"Stable per-posting URL","url:https://cascadepublicschoolsmt.tylerportico.com/tess/citizen/jobs/job-list/344512f3-4169-46fe-b21d-b47b0124583e"
"Substitute & Activity Bus Driver",2026-07-08,NA,"Cascade Public Schools","https://cascadepublicschoolsmt.tylerportico.com/tess/citizen/jobs/job-list/684fbcca-3ef8-4ca9-aacf-b48100e7d1d4","Cascade Public Schools","Tyler Portico (direct district board)",2026-09-01,"Stable per-posting URL","url:https://cascadepublicschoolsmt.tylerportico.com/tess/citizen/jobs/job-list/684fbcca-3ef8-4ca9-aacf-b48100e7d1d4"
"Substitute Custodian",2026-07-08,NA,"Cascade Public Schools","https://cascadepublicschoolsmt.tylerportico.com/tess/citizen/jobs/job-list/ab61cd97-918e-4634-93a6-b48100e30266","Cascade Public Schools","Tyler Portico (direct district board)",2026-09-01,"Stable per-posting URL","url:https://cascadepublicschoolsmt.tylerportico.com/tess/citizen/jobs/job-list/ab61cd97-918e-4634-93a6-b48100e30266"
"Substitute Kitchen",2026-07-08,NA,"Cascade Public Schools","https://cascadepublicschoolsmt.tylerportico.com/tess/citizen/jobs/job-list/bbea72cf-b932-4365-94ee-b48100edfd06","Cascade Public Schools","Tyler Portico (direct district board)",2026-09-01,"Stable per-posting URL","url:https://cascadepublicschoolsmt.tylerportico.com/tess/citizen/jobs/job-list/bbea72cf-b932-4365-94ee-b48100edfd06"
"Substitute Teacher - Non Certified",2026-08-20,NA,"Cascade Public Schools","https://cascadepublicschoolsmt.tylerportico.com/tess/citizen/jobs/job-list/74cf4afb-f617-406b-9f24-b4ad0094d5cd","Cascade Public Schools","Tyler Portico (direct district board)",2026-09-01,"Stable per-posting URL","url:https://cascadepublicschoolsmt.tylerportico.com/tess/citizen/jobs/job-list/74cf4afb-f617-406b-9f24-b4ad0094d5cd"
"Substitute",2026-08-03,"Substitute","District Wide","https://hardinpublic.tedk12.com/hire/ViewJob.aspx?JobID=6222","Hardin Public Schools","TedK12 (direct district board)",2026-09-01,"Stable per-posting URL","url:https://hardinpublic.tedk12.com/hire/viewjob.aspx?jobid=6222"
"Maintenance Technician IV - District Wide",2026-07-31,"Maintenance","District Wide","https://hardinpublic.tedk12.com/hire/ViewJob.aspx?JobID=6225","Hardin Public Schools","TedK12 (direct district board)",2026-09-01,"Stable per-posting URL","url:https://hardinpublic.tedk12.com/hire/viewjob.aspx?jobid=6225"
"Elementary Special Education",2026-06-03,"Certified","Irle Elementary","https://glasgowsd.tedk12.com/hire/ViewJob.aspx?JobID=210","Glasgow School District 1-A","TedK12 (direct district board)",2026-09-01,"Stable per-posting URL","url:https://glasgowsd.tedk12.com/hire/viewjob.aspx?jobid=210"
"Substitute Activity Driver",2024-06-30,"Transportation","Transportation","https://glasgowsd.tedk12.com/hire/ViewJob.aspx?JobID=167","Glasgow School District 1-A","TedK12 (direct district board)",2026-09-01,"Stable per-posting URL","url:https://glasgowsd.tedk12.com/hire/viewjob.aspx?jobid=167"
"Substitute Prep Cook",2024-06-30,"Food Service","All Schools","https://glasgowsd.tedk12.com/hire/ViewJob.aspx?JobID=113","Glasgow School District 1-A","TedK12 (direct district board)",2026-09-01,"Stable per-posting URL","url:https://glasgowsd.tedk12.com/hire/viewjob.aspx?jobid=113"
"Substitute Route Driver",2024-06-30,"Transportation","Transportation","https://glasgowsd.tedk12.com/hire/ViewJob.aspx?JobID=89","Glasgow School District 1-A","TedK12 (direct district board)",2026-09-01,"Stable per-posting URL","url:https://glasgowsd.tedk12.com/hire/viewjob.aspx?jobid=89"
"Substitute Custodian",2024-06-30,"Substitute","All Schools","https://glasgowsd.tedk12.com/hire/ViewJob.aspx?JobID=19","Glasgow School District 1-A","TedK12 (direct district board)",2026-09-01,"Stable per-posting URL","url:https://glasgowsd.tedk12.com/hire/viewjob.aspx?jobid=19"
"Substitute Teacher/Aide",2024-06-30,"Substitute","All Schools","https://glasgowsd.tedk12.com/hire/ViewJob.aspx?JobID=18","Glasgow School District 1-A","TedK12 (direct district board)",2026-09-01,"Stable per-posting URL","url:https://glasgowsd.tedk12.com/hire/viewjob.aspx?jobid=18"
"Custodial",2026-08-12,"Maintenance","District Office","https://redlodge.tedk12.com/Hire/ViewJob.aspx?JobID=54","Red Lodge School District 1","TedK12 (direct district board)",2026-09-01,"Stable per-posting URL","url:https://redlodge.tedk12.com/hire/viewjob.aspx?jobid=54"
"Kitchen Assistant",2026-08-12,"Food Service","District Office","https://redlodge.tedk12.com/Hire/ViewJob.aspx?JobID=53","Red Lodge School District 1","TedK12 (direct district board)",2026-09-01,"Stable per-posting URL","url:https://redlodge.tedk12.com/hire/viewjob.aspx?jobid=53"
"Substitute Teacher",2025-01-29,"Substitute","District Office","https://redlodge.tedk12.com/Hire/ViewJob.aspx?JobID=42","Red Lodge School District 1","TedK12 (direct district board)",2026-09-01,"Stable per-posting URL","url:https://redlodge.tedk12.com/hire/viewjob.aspx?jobid=42"
"Bus Driver",2025-01-29,"Classified","District Office","https://redlodge.tedk12.com/Hire/ViewJob.aspx?JobID=13","Red Lodge School District 1","TedK12 (direct district board)",2026-09-01,"Stable per-posting URL","url:https://redlodge.tedk12.com/hire/viewjob.aspx?jobid=13"
"PHS Custodian 2026 (2)",NA,NA,"PARK HIGH SCHOOL","https://4.files.edl.io/b775/03/10/26/215302-1685b9e7-a967-4963-9362-0203af0d2673.pdf","Livingston Public Schools","Livingston district site (direct board)",2026-09-01,"Stable per-posting URL","url:https://4.files.edl.io/b775/03/10/26/215302-1685b9e7-a967-4963-9362-0203af0d2673.pdf"
"Head Boys Basketball Coach 26 27",NA,NA,"PARK HIGH SCHOOL","https://4.files.edl.io/d5c0/04/13/26/170331-97ad72aa-f29a-4085-a238-3353e7ac66c3.pdf","Livingston Public Schools","Livingston district site (direct board)",2026-09-01,"Stable per-posting URL","url:https://4.files.edl.io/d5c0/04/13/26/170331-97ad72aa-f29a-4085-a238-3353e7ac66c3.pdf"
"PHS Assistant Volleyball Coaches 2026",NA,NA,"PARK HIGH SCHOOL","https://4.files.edl.io/fac3/05/01/26/181620-30e42cd4-3d89-4a9c-afd4-154f29453bed.pdf","Livingston Public Schools","Livingston district site (direct board)",2026-09-01,"Stable per-posting URL","url:https://4.files.edl.io/fac3/05/01/26/181620-30e42cd4-3d89-4a9c-afd4-154f29453bed.pdf"
"PHS Assistant Boys Basketball Coach 26 27",NA,NA,"PARK HIGH SCHOOL","https://4.files.edl.io/ae3e/06/08/26/162049-af162282-e52d-4eb6-bb56-a67a7be1900d.pdf","Livingston Public Schools","Livingston district site (direct board)",2026-09-01,"Stable per-posting URL","url:https://4.files.edl.io/ae3e/06/08/26/162049-af162282-e52d-4eb6-bb56-a67a7be1900d.pdf"
"PHS Assistant Football Coach 2026 27",NA,NA,"PARK HIGH SCHOOL","https://4.files.edl.io/7826/06/08/26/162050-ad36184e-aeb9-49a4-b000-08783a49daad.pdf","Livingston Public Schools","Livingston district site (direct board)",2026-09-01,"Stable per-posting URL","url:https://4.files.edl.io/7826/06/08/26/162050-ad36184e-aeb9-49a4-b000-08783a49daad.pdf"
"PHS Assistant Boys Soccer Coach 26 27 - Copy",NA,NA,"PARK HIGH SCHOOL","https://4.files.edl.io/d1c5/06/11/26/182852-01914443-44fa-4fb0-8837-6d6cf83f0a57.pdf","Livingston Public Schools","Livingston district site (direct board)",2026-09-01,"Stable per-posting URL","url:https://4.files.edl.io/d1c5/06/11/26/182852-01914443-44fa-4fb0-8837-6d6cf83f0a57.pdf"
"PHS BPA Advisor 2026 27",NA,NA,"PARK HIGH SCHOOL","https://4.files.edl.io/106f/07/31/26/155215-bdba64a1-bce1-43a7-95fc-0713a22e63ef.pdf","Livingston Public Schools","Livingston district site (direct board)",2026-09-01,"Stable per-posting URL","url:https://4.files.edl.io/106f/07/31/26/155215-bdba64a1-bce1-43a7-95fc-0713a22e63ef.pdf"
"PHS HOSA Advisor 2026 27",NA,NA,"PARK HIGH SCHOOL","https://4.files.edl.io/9514/07/31/26/155215-2f0276e0-3460-494c-9a55-b0bee4fbc0ff.pdf","Livingston Public Schools","Livingston district site (direct board)",2026-09-01,"Stable per-posting URL","url:https://4.files.edl.io/9514/07/31/26/155215-2f0276e0-3460-494c-9a55-b0bee4fbc0ff.pdf"
"SGMS Volleyball Coach 26 27",NA,NA,"SLEEPING GIANT MIDDLE SCHOOL","https://4.files.edl.io/a4df/06/03/26/185322-0d6b375b-cca0-41bc-ae97-c9875455ac87.pdf","Livingston Public Schools","Livingston district site (direct board)",2026-09-01,"Stable per-posting URL","url:https://4.files.edl.io/a4df/06/03/26/185322-0d6b375b-cca0-41bc-ae97-c9875455ac87.pdf"
"SGMS Football Coach 26 27",NA,NA,"SLEEPING GIANT MIDDLE SCHOOL","https://4.files.edl.io/56a4/08/14/26/164707-09c680b4-868a-4ccd-a8c8-e8168fc778c2.pdf","Livingston Public Schools","Livingston district site (direct board)",2026-09-01,"Stable per-posting URL","url:https://4.files.edl.io/56a4/08/14/26/164707-09c680b4-868a-4ccd-a8c8-e8168fc778c2.pdf"
"SGMS Student Council Advisor 26 27",NA,NA,"SLEEPING GIANT MIDDLE SCHOOL","https://4.files.edl.io/8ac6/08/14/26/164707-f22a9c23-bdf3-4d5b-8b3d-819c7c5cd75a.pdf","Livingston Public Schools","Livingston district site (direct board)",2026-09-01,"Stable per-posting URL","url:https://4.files.edl.io/8ac6/08/14/26/164707-f22a9c23-bdf3-4d5b-8b3d-819c7c5cd75a.pdf"
"LEAP Program High Needs Paraeducator",NA,NA,"STUDENT SUPPORT SERVICES","https://4.files.edl.io/9d3e/05/15/26/170931-2c09c51f-b76b-4a48-accb-83180c0b3a00.pdf","Livingston Public Schools","Livingston district site (direct board)",2026-09-01,"Stable per-posting URL","url:https://4.files.edl.io/9d3e/05/15/26/170931-2c09c51f-b76b-4a48-accb-83180c0b3a00.pdf"
"New Chapter High Needs Paraeducator 26 27",NA,NA,"STUDENT SUPPORT SERVICES","https://4.files.edl.io/2286/07/07/26/175522-be7bf5c0-d504-4c34-b30f-10a2a3cae11a.pdf","Livingston Public Schools","Livingston district site (direct board)",2026-09-01,"Stable per-posting URL","url:https://4.files.edl.io/2286/07/07/26/175522-be7bf5c0-d504-4c34-b30f-10a2a3cae11a.pdf"
"After School Activity Coordinator",NA,NA,"LINKS FOR LEARNING","https://4.files.edl.io/b470/07/31/26/152622-e9c26d56-8fb4-4849-919f-57d2bcd32628.pdf","Livingston Public Schools","Livingston district site (direct board)",2026-09-01,"Stable per-posting URL","url:https://4.files.edl.io/b470/07/31/26/152622-e9c26d56-8fb4-4849-919f-57d2bcd32628.pdf"
"After School Program Aide",NA,NA,"LINKS FOR LEARNING","https://4.files.edl.io/3616/07/31/26/152622-4f115f16-7fb3-4d3d-b7d2-a018d1eb1b49.pdf","Livingston Public Schools","Livingston district site (direct board)",2026-09-01,"Stable per-posting URL","url:https://4.files.edl.io/3616/07/31/26/152622-4f115f16-7fb3-4d3d-b7d2-a018d1eb1b49.pdf"
"Relief Bus Driver 2025",NA,NA,"OTHER DISTRICT POSTINGS","https://4.files.edl.io/a2f2/04/08/25/140200-2a035424-aa22-4b77-a124-537ffb27bdfb.pdf","Livingston Public Schools","Livingston district site (direct board)",2026-09-01,"Stable per-posting URL","url:https://4.files.edl.io/a2f2/04/08/25/140200-2a035424-aa22-4b77-a124-537ffb27bdfb.pdf"
"Dish_Server_Cashiers 26",NA,NA,"OTHER DISTRICT POSTINGS","https://4.files.edl.io/c5cb/04/15/26/170421-29e36aab-ed52-409e-a22c-8bbf545863ac.pdf","Livingston Public Schools","Livingston district site (direct board)",2026-09-01,"Stable per-posting URL","url:https://4.files.edl.io/c5cb/04/15/26/170421-29e36aab-ed52-409e-a22c-8bbf545863ac.pdf"
"Food Service Cook",NA,NA,"OTHER DISTRICT POSTINGS","https://4.files.edl.io/251d/04/15/26/172102-8d960eeb-c8ce-455f-953b-f6922167d962.pdf","Livingston Public Schools","Livingston district site (direct board)",2026-09-01,"Stable per-posting URL","url:https://4.files.edl.io/251d/04/15/26/172102-8d960eeb-c8ce-455f-953b-f6922167d962.pdf"
"Agriculture Education HS 7-12",NA,NA,"Certified","https://www.lgschools.org/apps/pages/index.jsp?uREC_ID=373420&type=d","Lodge Grass Public Schools","Lodge Grass district site (direct board)",2026-09-01,"Source fallback: title + location + posted date (no stable posting URL)","fallback:source-fallbacklodge grass district site (direct board)lodge grass public schoolsagriculture education hs 7-12certifiedNA#1"
"Mathematics HS 7-12",NA,NA,"Certified","https://www.lgschools.org/apps/pages/index.jsp?uREC_ID=373420&type=d","Lodge Grass Public Schools","Lodge Grass district site (direct board)",2026-09-01,"Source fallback: title + location + posted date (no stable posting URL)","fallback:source-fallbacklodge grass district site (direct board)lodge grass public schoolsmathematics hs 7-12certifiedNA#1"
"Social Studies HS 7-12",NA,NA,"Certified","https://www.lgschools.org/apps/pages/index.jsp?uREC_ID=373420&type=d","Lodge Grass Public Schools","Lodge Grass district site (direct board)",2026-09-01,"Source fallback: title + location + posted date (no stable posting URL)","fallback:source-fallbacklodge grass district site (direct board)lodge grass public schoolssocial studies hs 7-12certifiedNA#1"
"Business Education HS 7-12",NA,NA,"Certified","https://www.lgschools.org/apps/pages/index.jsp?uREC_ID=373420&type=d","Lodge Grass Public Schools","Lodge Grass district site (direct board)",2026-09-01,"Source fallback: title + location + posted date (no stable posting URL)","fallback:source-fallbacklodge grass district site (direct board)lodge grass public schoolsbusiness education hs 7-12certifiedNA#1"
"Junior High 7-8",NA,NA,"Certified","https://www.lgschools.org/apps/pages/index.jsp?uREC_ID=373420&type=d","Lodge Grass Public Schools","Lodge Grass district site (direct board)",2026-09-01,"Source fallback: title + location + posted date (no stable posting URL)","fallback:source-fallbacklodge grass district site (direct board)lodge grass public schoolsjunior high 7-8certifiedNA#1"
"Art HS 7-12",NA,NA,"Certified","https://www.lgschools.org/apps/pages/index.jsp?uREC_ID=373420&type=d","Lodge Grass Public Schools","Lodge Grass district site (direct board)",2026-09-01,"Source fallback: title + location + posted date (no stable posting URL)","fallback:source-fallbacklodge grass district site (direct board)lodge grass public schoolsart hs 7-12certifiedNA#1"
"P.E. / HEALTH HS 7-12",NA,NA,"Certified","https://www.lgschools.org/apps/pages/index.jsp?uREC_ID=373420&type=d","Lodge Grass Public Schools","Lodge Grass district site (direct board)",2026-09-01,"Source fallback: title + location + posted date (no stable posting URL)","fallback:source-fallbacklodge grass district site (direct board)lodge grass public schoolsp.e. / health hs 7-12certifiedNA#1"
"Elementary Teacher k-6",NA,NA,"Certified","https://www.lgschools.org/apps/pages/index.jsp?uREC_ID=373420&type=d","Lodge Grass Public Schools","Lodge Grass district site (direct board)",2026-09-01,"Source fallback: title + location + posted date (no stable posting URL)","fallback:source-fallbacklodge grass district site (direct board)lodge grass public schoolselementary teacher k-6certifiedNA#1"
"Elementary Principal k-6",NA,NA,"Certified","https://www.lgschools.org/apps/pages/index.jsp?uREC_ID=373420&type=d","Lodge Grass Public Schools","Lodge Grass district site (direct board)",2026-09-01,"Source fallback: title + location + posted date (no stable posting URL)","fallback:source-fallbacklodge grass district site (direct board)lodge grass public schoolselementary principal k-6certifiedNA#1"
"Certified Reading Specialist",NA,NA,"Certified","https://www.lgschools.org/apps/pages/index.jsp?uREC_ID=373420&type=d","Lodge Grass Public Schools","Lodge Grass district site (direct board)",2026-09-01,"Source fallback: title + location + posted date (no stable posting URL)","fallback:source-fallbacklodge grass district site (direct board)lodge grass public schoolscertified reading specialistcertifiedNA#1"
"Certified Special Ed. Teacher (Elementary)",NA,NA,"Certified","https://www.lgschools.org/apps/pages/index.jsp?uREC_ID=373420&type=d","Lodge Grass Public Schools","Lodge Grass district site (direct board)",2026-09-01,"Source fallback: title + location + posted date (no stable posting URL)","fallback:source-fallbacklodge grass district site (direct board)lodge grass public schoolscertified special ed. teacher (elementary)certifiedNA#1"
"Special Education Paraprofessional",NA,NA,"Classified","https://www.lgschools.org/apps/pages/index.jsp?uREC_ID=373420&type=d&termREC_ID=&pREC_ID=1206958","Lodge Grass Public Schools","Lodge Grass district site (direct board)",2026-09-01,"Source fallback: title + location + posted date (no stable posting URL)","fallback:source-fallbacklodge grass district site (direct board)lodge grass public schoolsspecial education paraprofessionalclassifiedNA#1"
"Regular Ed Paraprofessional",NA,NA,"Classified","https://www.lgschools.org/apps/pages/index.jsp?uREC_ID=373420&type=d&termREC_ID=&pREC_ID=1206958","Lodge Grass Public Schools","Lodge Grass district site (direct board)",2026-09-01,"Source fallback: title + location + posted date (no stable posting URL)","fallback:source-fallbacklodge grass district site (direct board)lodge grass public schoolsregular ed paraprofessionalclassifiedNA#1"
"Security Guard",NA,NA,"Classified","https://www.lgschools.org/apps/pages/index.jsp?uREC_ID=373420&type=d&termREC_ID=&pREC_ID=1206958","Lodge Grass Public Schools","Lodge Grass district site (direct board)",2026-09-01,"Source fallback: title + location + posted date (no stable posting URL)","fallback:source-fallbacklodge grass district site (direct board)lodge grass public schoolssecurity guardclassifiedNA#1"
"Athletic Director",NA,NA,"Classified","https://www.lgschools.org/apps/pages/index.jsp?uREC_ID=373420&type=d&termREC_ID=&pREC_ID=1206958","Lodge Grass Public Schools","Lodge Grass district site (direct board)",2026-09-01,"Source fallback: title + location + posted date (no stable posting URL)","fallback:source-fallbacklodge grass district site (direct board)lodge grass public schoolsathletic directorclassifiedNA#1"
"BUS DRIVERS",NA,NA,"Classified","https://www.broadviewschools.org/apps/pages/index.jsp?uREC_ID=425960&type=d&pREC_ID=1074965","Broadview School District","Broadview district site (direct board)",2026-09-01,"Source fallback: title + location + posted date (no stable posting URL)","fallback:source-fallbackbroadview district site (direct board)broadview school districtbus driversclassifiedNA#1"
"E-Bus Driver to Billings",NA,NA,"Classified","https://www.broadviewschools.org/apps/pages/index.jsp?uREC_ID=425960&type=d&pREC_ID=1074965","Broadview School District","Broadview district site (direct board)",2026-09-01,"Source fallback: title + location + posted date (no stable posting URL)","fallback:source-fallbackbroadview district site (direct board)broadview school districte-bus driver to billingsclassifiedNA#1"
"Business Manager",NA,NA,"Classified","https://www.broadviewschools.org/apps/pages/index.jsp?uREC_ID=425960&type=d&pREC_ID=1074965","Broadview School District","Broadview district site (direct board)",2026-09-01,"Source fallback: title + location + posted date (no stable posting URL)","fallback:source-fallbackbroadview district site (direct board)broadview school districtbusiness managerclassifiedNA#1"
"Transportation Director",NA,NA,"Extra Curricular","https://www.broadviewschools.org/apps/pages/index.jsp?uREC_ID=425960&type=d&pREC_ID=1069330","Broadview School District","Broadview district site (direct board)",2026-09-01,"Source fallback: title + location + posted date (no stable posting URL)","fallback:source-fallbackbroadview district site (direct board)broadview school districttransportation directorextra curricularNA#1"
"JUNIOR HIGH ASSISTANT VOLLEYBALL",NA,NA,"Coaching (Broadview/Lavina Co-op)","https://www.broadviewschools.org/apps/pages/index.jsp?uREC_ID=559289&type=d&pREC_ID=1200157","Broadview School District","Broadview district site (direct board)",2026-09-01,"Source fallback: title + location + posted date (no stable posting URL)","fallback:source-fallbackbroadview district site (direct board)broadview school districtjunior high assistant volleyballcoaching (broadview/lavina co-op)NA#1"
"JUNIOR HIGH ASSISTANT FOOTBALL",NA,NA,"Coaching (Broadview/Lavina Co-op)","https://www.broadviewschools.org/apps/pages/index.jsp?uREC_ID=559289&type=d&pREC_ID=1200157","Broadview School District","Broadview district site (direct board)",2026-09-01,"Source fallback: title + location + posted date (no stable posting URL)","fallback:source-fallbackbroadview district site (direct board)broadview school districtjunior high assistant footballcoaching (broadview/lavina co-op)NA#1"
"CHEERLEADING ADVISOR (HS/JH)",NA,NA,"Coaching (Broadview/Lavina Co-op)","https://www.broadviewschools.org/apps/pages/index.jsp?uREC_ID=559289&type=d&pREC_ID=1200157","Broadview School District","Broadview district site (direct board)",2026-09-01,"Source fallback: title + location + posted date (no stable posting URL)","fallback:source-fallbackbroadview district site (direct board)broadview school districtcheerleading advisor (hs/jh)coaching (broadview/lavina co-op)NA#1"
"ELEMENTARY TEACHER",NA,NA,"TEACHING STAFF","http://scobeyschools.com/employment.html","Scobey Schools","Scobey district site (direct board)",2026-09-01,"Source fallback: title + location + posted date (no stable posting URL)","fallback:source-fallbackscobey district site (direct board)scobey schoolselementary teacherteaching staffNA#1"
"K-12 LIBRARIAN",NA,NA,"TEACHING STAFF","http://scobeyschools.com/employment.html","Scobey Schools","Scobey district site (direct board)",2026-09-01,"Source fallback: title + location + posted date (no stable posting URL)","fallback:source-fallbackscobey district site (direct board)scobey schoolsk-12 librarianteaching staffNA#1"
"K-12 ART TEACHER",NA,NA,"TEACHING STAFF","http://scobeyschools.com/employment.html","Scobey Schools","Scobey district site (direct board)",2026-09-01,"Source fallback: title + location + posted date (no stable posting URL)","fallback:source-fallbackscobey district site (direct board)scobey schoolsk-12 art teacherteaching staffNA#1"
"K-12 MUSIC TEACHER",NA,NA,"TEACHING STAFF","http://scobeyschools.com/employment.html","Scobey Schools","Scobey district site (direct board)",2026-09-01,"Source fallback: title + location + posted date (no stable posting URL)","fallback:source-fallbackscobey district site (direct board)scobey schoolsk-12 music teacherteaching staffNA#1"
"7-12 MATH TEACHER",NA,NA,"TEACHING STAFF","http://scobeyschools.com/employment.html","Scobey Schools","Scobey district site (direct board)",2026-09-01,"Source fallback: title + location + posted date (no stable posting URL)","fallback:source-fallbackscobey district site (direct board)scobey schools7-12 math teacherteaching staffNA#1"
"7-12 FAMILY & CONSUMER SCIENCE TEACHER",NA,NA,"TEACHING STAFF","http://scobeyschools.com/employment.html","Scobey Schools","Scobey district site (direct board)",2026-09-01,"Source fallback: title + location + posted date (no stable posting URL)","fallback:source-fallbackscobey district site (direct board)scobey schools7-12 family & consumer science teacherteaching staffNA#1"
"K-6 SPECIAL EDUCATION TEACHER",NA,NA,"TEACHING STAFF","http://scobeyschools.com/employment.html","Scobey Schools","Scobey district site (direct board)",2026-09-01,"Source fallback: title + location + posted date (no stable posting URL)","fallback:source-fallbackscobey district site (direct board)scobey schoolsk-6 special education teacherteaching staffNA#1"
"K-12 PARAPROFESSIONALS",NA,NA,"SUPPORT TEACHING STAFF","http://scobeyschools.com/employment.html","Scobey Schools","Scobey district site (direct board)",2026-09-01,"Source fallback: title + location + posted date (no stable posting URL)","fallback:source-fallbackscobey district site (direct board)scobey schoolsk-12 paraprofessionalssupport teaching staffNA#1"
"SUBSTITUTE TEACHERS",NA,NA,"SUPPORT TEACHING STAFF","http://scobeyschools.com/employment.html","Scobey Schools","Scobey district site (direct board)",2026-09-01,"Source fallback: title + location + posted date (no stable posting URL)","fallback:source-fallbackscobey district site (direct board)scobey schoolssubstitute teacherssupport teaching staffNA#1"
"SUBSTITUTE ROUTE BUS DRIVERS",NA,NA,"BUS DRIVERS","http://scobeyschools.com/employment.html","Scobey Schools","Scobey district site (direct board)",2026-09-01,"Source fallback: title + location + posted date (no stable posting URL)","fallback:source-fallbackscobey district site (direct board)scobey schoolssubstitute route bus driversbus driversNA#1"
"ACTIVITY DRIVERS",NA,NA,"BUS DRIVERS","http://scobeyschools.com/employment.html","Scobey Schools","Scobey district site (direct board)",2026-09-01,"Source fallback: title + location + posted date (no stable posting URL)","fallback:source-fallbackscobey district site (direct board)scobey schoolsactivity driversbus driversNA#1"
"JH HEAD FOOTBALL COACH",NA,NA,"COACHING STAFF","http://scobeyschools.com/employment.html","Scobey Schools","Scobey district site (direct board)",2026-09-01,"Source fallback: title + location + posted date (no stable posting URL)","fallback:source-fallbackscobey district site (direct board)scobey schoolsjh head football coachcoaching staffNA#1"
"HEAD GIRLS HIGH SCHOOL BASKETBALL COACH",NA,NA,"COACHING STAFF","http://scobeyschools.com/employment.html","Scobey Schools","Scobey district site (direct board)",2026-09-01,"Source fallback: title + location + posted date (no stable posting URL)","fallback:source-fallbackscobey district site (direct board)scobey schoolshead girls high school basketball coachcoaching staffNA#1"
"Bus Monitor",NA,NA,"Ramsay","https://ramsayschool.com/employment/","Ramsay School District #3","Ramsay district site (direct board)",2026-09-01,"Source fallback: title + location + posted date (no stable posting URL)","fallback:source-fallbackramsay district site (direct board)ramsay school district #3bus monitorramsayNA#1"
"Para-Professional",NA,NA,"Ramsay","https://ramsayschool.com/employment/","Ramsay School District #3","Ramsay district site (direct board)",2026-09-01,"Source fallback: title + location + posted date (no stable posting URL)","fallback:source-fallbackramsay district site (direct board)ramsay school district #3para-professionalramsayNA#1"
"Head Cook",NA,NA,"Roy","https://roy.k12.mt.us/","Roy School District 74","Roy district site (direct board)",2026-09-01,"Source fallback: title + location + posted date (no stable posting URL)","fallback:source-fallbackroy district site (direct board)roy school district 74head cookroyNA#1"
"Full-time Paraprofessional",NA,NA,"Roy","https://roy.k12.mt.us/","Roy School District 74","Roy district site (direct board)",2026-09-01,"Source fallback: title + location + posted date (no stable posting URL)","fallback:source-fallbackroy district site (direct board)roy school district 74full-time paraprofessionalroyNA#1"
"Bus Driver",NA,NA,"Roy","https://roy.k12.mt.us/","Roy School District 74","Roy district site (direct board)",2026-09-01,"Source fallback: title + location + posted date (no stable posting URL)","fallback:source-fallbackroy district site (direct board)roy school district 74bus driverroyNA#1"
"Substitute Teachers",NA,NA,"Substitutes","https://sites.google.com/nsschools.org/home/employment","North Star Public Schools","North Star district site (direct board)",2026-09-01,"Source fallback: title + location + posted date (no stable posting URL)","fallback:source-fallbacknorth star district site (direct board)north star public schoolssubstitute teacherssubstitutesNA#1"
"Bus Drivers",NA,NA,"Transportation","https://sites.google.com/nsschools.org/home/employment","North Star Public Schools","North Star district site (direct board)",2026-09-01,"Source fallback: title + location + posted date (no stable posting URL)","fallback:source-fallbacknorth star district site (direct board)north star public schoolsbus driverstransportationNA#1"
"K-12 Art",NA,NA,"Certified Teacher","https://svalleyk12.org/district/employment","Shields Valley Public Schools","Shields Valley district site (direct board)",2026-09-01,"Source fallback: title + location + posted date (no stable posting URL)","fallback:source-fallbackshields valley district site (direct board)shields valley public schoolsk-12 artcertified teacherNA#1"
"Maintenance / Grounds / Custodial Technician",NA,NA,"Classified Staff","https://svalleyk12.org/district/employment","Shields Valley Public Schools","Shields Valley district site (direct board)",2026-09-01,"Source fallback: title + location + posted date (no stable posting URL)","fallback:source-fallbackshields valley district site (direct board)shields valley public schoolsmaintenance / grounds / custodial technicianclassified staffNA#1"
"High Needs Para Educator",NA,NA,"Classified Staff","https://svalleyk12.org/district/employment","Shields Valley Public Schools","Shields Valley district site (direct board)",2026-09-01,"Source fallback: title + location + posted date (no stable posting URL)","fallback:source-fallbackshields valley district site (direct board)shields valley public schoolshigh needs para educatorclassified staffNA#1"
"Occupational Therapist",NA,NA,"Park Special Education Co-op","https://svalleyk12.org/district/employment","Shields Valley Public Schools","Shields Valley district site (direct board)",2026-09-01,"Source fallback: title + location + posted date (no stable posting URL)","fallback:source-fallbackshields valley district site (direct board)shields valley public schoolsoccupational therapistpark special education co-opNA#1"
"Para Professional",NA,NA,"Thompson Falls","https://www.thompsonfalls.net/employment","Thompson Falls Public Schools","Thompson Falls district site (direct board)",2026-09-01,"Source fallback: title + location + posted date (no stable posting URL)","fallback:source-fallbackthompson falls district site (direct board)thompson falls public schoolspara professionalthompson fallsNA#1"
"Assistant High School Football Coach",NA,NA,"Thompson Falls","https://www.thompsonfalls.net/employment","Thompson Falls Public Schools","Thompson Falls district site (direct board)",2026-09-01,"Source fallback: title + location + posted date (no stable posting URL)","fallback:source-fallbackthompson falls district site (direct board)thompson falls public schoolsassistant high school football coachthompson fallsNA#1"
"Food Service Worker",NA,NA,"Thompson Falls","https://www.thompsonfalls.net/employment","Thompson Falls Public Schools","Thompson Falls district site (direct board)",2026-09-01,"Source fallback: title + location + posted date (no stable posting URL)","fallback:source-fallbackthompson falls district site (direct board)thompson falls public schoolsfood service workerthompson fallsNA#1"
"Food Service Worker - Dishwasher",NA,NA,"Thompson Falls","https://www.thompsonfalls.net/employment","Thompson Falls Public Schools","Thompson Falls district site (direct board)",2026-09-01,"Source fallback: title + location + posted date (no stable posting URL)","fallback:source-fallbackthompson falls district site (direct board)thompson falls public schoolsfood service worker - dishwasherthompson fallsNA#1"
"Assistant High School Soccer Coach",NA,NA,"Thompson Falls","https://www.thompsonfalls.net/employment","Thompson Falls Public Schools","Thompson Falls district site (direct board)",2026-09-01,"Source fallback: title + location + posted date (no stable posting URL)","fallback:source-fallbackthompson falls district site (direct board)thompson falls public schoolsassistant high school soccer coachthompson fallsNA#1"
"Paraprofessional for the 26-27 school year",2026-07-10,NA,"Ekalaka","https://www.ekalaka.net/336413_2","Ekalaka Public Schools","Ekalaka district site (direct board)",2026-09-01,"Source fallback: title + location + posted date (no stable posting URL)","fallback:source-fallbackekalaka district site (direct board)ekalaka public schoolsparaprofessional for the 26-27 school yearekalaka2026-07-10#1"
"Temporary Custodial Position",2026-06-12,NA,"Ekalaka","https://www.ekalaka.net/336413_2","Ekalaka Public Schools","Ekalaka district site (direct board)",2026-09-01,"Source fallback: title + location + posted date (no stable posting URL)","fallback:source-fallbackekalaka district site (direct board)ekalaka public schoolstemporary custodial positionekalaka2026-06-12#1"
"Assistant cook for the 26-27 school year",2026-05-06,NA,"Ekalaka","https://www.ekalaka.net/336413_2","Ekalaka Public Schools","Ekalaka district site (direct board)",2026-09-01,"Source fallback: title + location + posted date (no stable posting URL)","fallback:source-fallbackekalaka district site (direct board)ekalaka public schoolsassistant cook for the 26-27 school yearekalaka2026-05-06#1"
"Elementary Teacher for 2026-2027 Year",2026-04-01,NA,"Ekalaka","https://www.ekalaka.net/336413_2","Ekalaka Public Schools","Ekalaka district site (direct board)",2026-09-01,"Source fallback: title + location + posted date (no stable posting URL)","fallback:source-fallbackekalaka district site (direct board)ekalaka public schoolselementary teacher for 2026-2027 yearekalaka2026-04-01#1"
"Agricultural teacher for the 2026-2027",2026-04-28,NA,"Ekalaka","https://www.ekalaka.net/336413_2","Ekalaka Public Schools","Ekalaka district site (direct board)",2026-09-01,"Source fallback: title + location + posted date (no stable posting URL)","fallback:source-fallbackekalaka district site (direct board)ekalaka public schoolsagricultural teacher for the 2026-2027ekalaka2026-04-28#1"
"Coaching Positions",2026-05-04,NA,"Ekalaka","https://www.ekalaka.net/336413_2","Ekalaka Public Schools","Ekalaka district site (direct board)",2026-09-01,"Source fallback: title + location + posted date (no stable posting URL)","fallback:source-fallbackekalaka district site (direct board)ekalaka public schoolscoaching positionsekalaka2026-05-04#1"
"Bus Drivers",2026-01-26,NA,"Ekalaka","https://www.ekalaka.net/336413_2","Ekalaka Public Schools","Ekalaka district site (direct board)",2026-09-01,"Source fallback: title + location + posted date (no stable posting URL)","fallback:source-fallbackekalaka district site (direct board)ekalaka public schoolsbus driversekalaka2026-01-26#1"
"Snow Removal",NA,NA,"Trego","https://www.tregoschool.org/about-us/our-staff/employment","Trego School District 53","Trego district site (direct board)",2026-09-01,"Source fallback: title + location + posted date (no stable posting URL)","fallback:source-fallbacktrego district site (direct board)trego school district 53snow removaltregoNA#1"
"Para Professional Job Opening",NA,NA,"Lincoln","https://sites.google.com/a/lincoln.k12.mt.us/webpage2/employment","Lincoln School District #38","Lincoln district site (direct board)",2026-09-01,"Source fallback: title + location + posted date (no stable posting URL)","fallback:source-fallbacklincoln district site (direct board)lincoln school district #38para professional job openinglincolnNA#1"
"SUBSTITUTES WANTED - POSITIONS AVAILABLE",NA,NA,"Independent","https://www.independent.k12.mt.us/job-openings","Independent School","Independent district site (direct board)",2026-09-01,"Source fallback: title + location + posted date (no stable posting URL)","fallback:source-fallbackindependent district site (direct board)independent schoolsubstitutes wanted - positions availableindependentNA#1"
"Elementary Teacher",NA,NA,"Certified Teaching Positions","https://www.shepherd.k12.mt.us/dist-office/jobs/overview","Shepherd School District #37","Shepherd district site (direct board)",2026-09-01,"Stable per-posting URL","url:https://www.shepherd.k12.mt.us/dist-office/jobs/overview"
"Head of Maintenance",NA,NA,"Hysham","https://www.hyshamschools.com/jobs","Hysham Public Schools","Hysham district site (direct board)",2026-09-01,"Source fallback: title + location + posted date (no stable posting URL)","fallback:source-fallbackhysham district site (direct board)hysham public schoolshead of maintenancehyshamNA#1"
"Vo-Ag Teacher",NA,NA,"Hysham","https://www.hyshamschools.com/jobs","Hysham Public Schools","Hysham district site (direct board)",2026-09-01,"Source fallback: title + location + posted date (no stable posting URL)","fallback:source-fallbackhysham district site (direct board)hysham public schoolsvo-ag teacherhyshamNA#1"
"Full-Time Elementary Secretary (6/4/26 open until filled)",NA,NA,"Baker","https://www.baker.k12.mt.us/quick-links/employment","Baker Public Schools","Baker district site (direct board)",2026-09-01,"Source fallback: title + location + posted date (no stable posting URL)","fallback:source-fallbackbaker district site (direct board)baker public schoolsfull-time elementary secretary (6/4/26 open until filled)bakerNA#1"
"Paraprofessional (open until filled)",NA,NA,"Baker","https://www.baker.k12.mt.us/quick-links/employment","Baker Public Schools","Baker district site (direct board)",2026-09-01,"Source fallback: title + location + posted date (no stable posting URL)","fallback:source-fallbackbaker district site (direct board)baker public schoolsparaprofessional (open until filled)bakerNA#1"
"Personal Care Attendant Paraprofessional (6/10/2026 open until filled)",NA,NA,"Baker","https://www.baker.k12.mt.us/quick-links/employment","Baker Public Schools","Baker district site (direct board)",2026-09-01,"Source fallback: title + location + posted date (no stable posting URL)","fallback:source-fallbackbaker district site (direct board)baker public schoolspersonal care attendant paraprofessional (6/10/2026 open until filled)bakerNA#1"
"Health & Wellness Advisor",NA,NA,"Cut Bank","https://sites.google.com/view/cutbankjobs/employment","Cut Bank School District #15","Cut Bank district site (direct board)",2026-09-01,"Source fallback: title + location + posted date (no stable posting URL)","fallback:source-fallbackcut bank district site (direct board)cut bank school district #15health & wellness advisorcut bankNA#1"
"Middle School Boys Basketball Coach",NA,NA,"Cut Bank","https://sites.google.com/view/cutbankjobs/employment","Cut Bank School District #15","Cut Bank district site (direct board)",2026-09-01,"Source fallback: title + location + posted date (no stable posting URL)","fallback:source-fallbackcut bank district site (direct board)cut bank school district #15middle school boys basketball coachcut bankNA#1"
"Route Bus Driver",NA,NA,"Cut Bank","https://sites.google.com/view/cutbankjobs/employment","Cut Bank School District #15","Cut Bank district site (direct board)",2026-09-01,"Source fallback: title + location + posted date (no stable posting URL)","fallback:source-fallbackcut bank district site (direct board)cut bank school district #15route bus drivercut bankNA#1"
"School Lunch Worker",NA,NA,"Cut Bank","https://sites.google.com/view/cutbankjobs/employment","Cut Bank School District #15","Cut Bank district site (direct board)",2026-09-01,"Source fallback: title + location + posted date (no stable posting URL)","fallback:source-fallbackcut bank district site (direct board)cut bank school district #15school lunch workercut bankNA#1"
"SUBSTITUTE Teachers/Paraprofessionals/Bus Drivers",NA,NA,"Cut Bank","https://sites.google.com/view/cutbankjobs/employment","Cut Bank School District #15","Cut Bank district site (direct board)",2026-09-01,"Source fallback: title + location + posted date (no stable posting URL)","fallback:source-fallbackcut bank district site (direct board)cut bank school district #15substitute teachers/paraprofessionals/bus driverscut bankNA#1"
"Daycare Manager",NA,NA,"Hinsdale","https://hinsdale.k12.mt.us/District/1557-Untitled.html","Hinsdale Public Schools","Hinsdale district site (direct board)",2026-09-01,"Source fallback: title + location + posted date (no stable posting URL)","fallback:source-fallbackhinsdale district site (direct board)hinsdale public schoolsdaycare managerhinsdaleNA#1"
"Childcare Worker at Little Raiders Daycare",NA,NA,"Hinsdale","https://hinsdale.k12.mt.us/District/1557-Untitled.html","Hinsdale Public Schools","Hinsdale district site (direct board)",2026-09-01,"Source fallback: title + location + posted date (no stable posting URL)","fallback:source-fallbackhinsdale district site (direct board)hinsdale public schoolschildcare worker at little raiders daycarehinsdaleNA#1"
"Route Bus Drivers",NA,NA,"Hinsdale","https://hinsdale.k12.mt.us/District/1557-Untitled.html","Hinsdale Public Schools","Hinsdale district site (direct board)",2026-09-01,"Source fallback: title + location + posted date (no stable posting URL)","fallback:source-fallbackhinsdale district site (direct board)hinsdale public schoolsroute bus drivershinsdaleNA#1"
"Part-Time Cook",NA,NA,"Valier","https://www.valier.k12.mt.us/about-us/Employment","Valier School District #18","Valier district site (direct board)",2026-09-01,"Source fallback: title + location + posted date (no stable posting URL)","fallback:source-fallbackvalier district site (direct board)valier school district #18part-time cookvalierNA#1"
"Full Time Custodian",NA,NA,"Roberts","https://www.robertsrockets.org/index.php/district-information/district-employment","Roberts Public School","Roberts district site (direct board)",2026-09-01,"Source fallback: title + location + posted date (no stable posting URL)","fallback:source-fallbackroberts district site (direct board)roberts public schoolfull time custodianrobertsNA#1"
"Substitute Teachers Needed",NA,NA,"Roberts","https://www.robertsrockets.org/index.php/district-information/district-employment","Roberts Public School","Roberts district site (direct board)",2026-09-01,"Source fallback: title + location + posted date (no stable posting URL)","fallback:source-fallbackroberts district site (direct board)roberts public schoolsubstitute teachers neededrobertsNA#1"
"Classroom Aide",NA,NA,"Roberts","https://www.robertsrockets.org/index.php/district-information/district-employment","Roberts Public School","Roberts district site (direct board)",2026-09-01,"Source fallback: title + location + posted date (no stable posting URL)","fallback:source-fallbackroberts district site (direct board)roberts public schoolclassroom aiderobertsNA#1"
"Bus Driver/Substitute Bus Drivers",NA,NA,"Winnett","https://www.winnettschool.org/employment","Winnett Public Schools","Winnett district site (direct board)",2026-09-01,"Source fallback: title + location + posted date (no stable posting URL)","fallback:source-fallbackwinnett district site (direct board)winnett public schoolsbus driver/substitute bus driverswinnettNA#1"
"Practice Bus Driver",NA,NA,"Winnett","https://www.winnettschool.org/employment","Winnett Public Schools","Winnett district site (direct board)",2026-09-01,"Source fallback: title + location + posted date (no stable posting URL)","fallback:source-fallbackwinnett district site (direct board)winnett public schoolspractice bus driverwinnettNA#1"
"Activity Bus Driver",NA,NA,"Winnett","https://www.winnettschool.org/employment","Winnett Public Schools","Winnett district site (direct board)",2026-09-01,"Source fallback: title + location + posted date (no stable posting URL)","fallback:source-fallbackwinnett district site (direct board)winnett public schoolsactivity bus driverwinnettNA#1"
"High School Track Coach",NA,NA,"Winnett","https://www.winnettschool.org/employment","Winnett Public Schools","Winnett district site (direct board)",2026-09-01,"Source fallback: title + location + posted date (no stable posting URL)","fallback:source-fallbackwinnett district site (direct board)winnett public schoolshigh school track coachwinnettNA#1"
"Bus/Cruiser Drivers for Activities",NA,NA,"District","https://docs.google.com/spreadsheets/d/1Ct4NASCs-jCEllcMREDsXNdgx8zaKYCosoyo6fHGtKY/export?format=csv&gid=0","Miles City Unified School District 1","Miles City district site (Google Sheets job board)",2026-09-01,"Source fallback: title + location + posted date (no stable posting URL)","fallback:source-fallbackmiles city district site (google sheets job board)miles city unified school district 1bus/cruiser drivers for activitiesdistrictNA#1"
"Business Teacher",NA,NA,"CCDHS","https://docs.google.com/spreadsheets/d/1Ct4NASCs-jCEllcMREDsXNdgx8zaKYCosoyo6fHGtKY/export?format=csv&gid=0","Miles City Unified School District 1","Miles City district site (Google Sheets job board)",2026-09-01,"Source fallback: title + location + posted date (no stable posting URL)","fallback:source-fallbackmiles city district site (google sheets job board)miles city unified school district 1business teacherccdhsNA#1"
"Classroom  Paras",NA,NA,"District","https://docs.google.com/spreadsheets/d/1Ct4NASCs-jCEllcMREDsXNdgx8zaKYCosoyo6fHGtKY/export?format=csv&gid=0","Miles City Unified School District 1","Miles City district site (Google Sheets job board)",2026-09-01,"Source fallback: title + location + posted date (no stable posting URL)","fallback:source-fallbackmiles city district site (google sheets job board)miles city unified school district 1classroom parasdistrictNA#1"
"Custodian 1 (Day Shift) Full Time",NA,NA,"CCDHS","https://docs.google.com/spreadsheets/d/1Ct4NASCs-jCEllcMREDsXNdgx8zaKYCosoyo6fHGtKY/export?format=csv&gid=0","Miles City Unified School District 1","Miles City district site (Google Sheets job board)",2026-09-01,"Source fallback: title + location + posted date (no stable posting URL)","fallback:source-fallbackmiles city district site (google sheets job board)miles city unified school district 1custodian 1 (day shift) full timeccdhsNA#1"
"Custodian 1 (Evening/Night Shift) Full Time",NA,NA,"CCDHS","https://docs.google.com/spreadsheets/d/1Ct4NASCs-jCEllcMREDsXNdgx8zaKYCosoyo6fHGtKY/export?format=csv&gid=0","Miles City Unified School District 1","Miles City district site (Google Sheets job board)",2026-09-01,"Source fallback: title + location + posted date (no stable posting URL)","fallback:source-fallbackmiles city district site (google sheets job board)miles city unified school district 1custodian 1 (evening/night shift) full timeccdhsNA#1"
"District Help Desk Technician",NA,NA,"District","https://docs.google.com/spreadsheets/d/1Ct4NASCs-jCEllcMREDsXNdgx8zaKYCosoyo6fHGtKY/export?format=csv&gid=0","Miles City Unified School District 1","Miles City district site (Google Sheets job board)",2026-09-01,"Source fallback: title + location + posted date (no stable posting URL)","fallback:source-fallbackmiles city district site (google sheets job board)miles city unified school district 1district help desk techniciandistrictNA#1"
"FFA Assistant Advisor",NA,NA,"CCDHS","https://docs.google.com/spreadsheets/d/1Ct4NASCs-jCEllcMREDsXNdgx8zaKYCosoyo6fHGtKY/export?format=csv&gid=0","Miles City Unified School District 1","Miles City district site (Google Sheets job board)",2026-09-01,"Source fallback: title + location + posted date (no stable posting URL)","fallback:source-fallbackmiles city district site (google sheets job board)miles city unified school district 1ffa assistant advisorccdhsNA#1"
"Math Teacher",NA,NA,"CCDHS","https://docs.google.com/spreadsheets/d/1Ct4NASCs-jCEllcMREDsXNdgx8zaKYCosoyo6fHGtKY/export?format=csv&gid=0","Miles City Unified School District 1","Miles City district site (Google Sheets job board)",2026-09-01,"Source fallback: title + location + posted date (no stable posting URL)","fallback:source-fallbackmiles city district site (google sheets job board)miles city unified school district 1math teacherccdhsNA#1"
"Special Education Paras",NA,NA,"District","https://docs.google.com/spreadsheets/d/1Ct4NASCs-jCEllcMREDsXNdgx8zaKYCosoyo6fHGtKY/export?format=csv&gid=0","Miles City Unified School District 1","Miles City district site (Google Sheets job board)",2026-09-01,"Source fallback: title + location + posted date (no stable posting URL)","fallback:source-fallbackmiles city district site (google sheets job board)miles city unified school district 1special education parasdistrictNA#1"
"Special Education Teacher",NA,NA,"District","https://docs.google.com/spreadsheets/d/1Ct4NASCs-jCEllcMREDsXNdgx8zaKYCosoyo6fHGtKY/export?format=csv&gid=0","Miles City Unified School District 1","Miles City district site (Google Sheets job board)",2026-09-01,"Source fallback: title + location + posted date (no stable posting URL)","fallback:source-fallbackmiles city district site (google sheets job board)miles city unified school district 1special education teacherdistrictNA#1"
"Speech-Language Pathologist",NA,NA,"District","https://docs.google.com/spreadsheets/d/1Ct4NASCs-jCEllcMREDsXNdgx8zaKYCosoyo6fHGtKY/export?format=csv&gid=0","Miles City Unified School District 1","Miles City district site (Google Sheets job board)",2026-09-01,"Source fallback: title + location + posted date (no stable posting URL)","fallback:source-fallbackmiles city district site (google sheets job board)miles city unified school district 1speech-language pathologistdistrictNA#1"
"Substitute Teachers (no certification required)",NA,NA,"District","https://docs.google.com/spreadsheets/d/1Ct4NASCs-jCEllcMREDsXNdgx8zaKYCosoyo6fHGtKY/export?format=csv&gid=0","Miles City Unified School District 1","Miles City district site (Google Sheets job board)",2026-09-01,"Source fallback: title + location + posted date (no stable posting URL)","fallback:source-fallbackmiles city district site (google sheets job board)miles city unified school district 1substitute teachers (no certification required)districtNA#1"
"Sweeper",NA,NA,"Washington Middle School","https://docs.google.com/spreadsheets/d/1Ct4NASCs-jCEllcMREDsXNdgx8zaKYCosoyo6fHGtKY/export?format=csv&gid=0","Miles City Unified School District 1","Miles City district site (Google Sheets job board)",2026-09-01,"Source fallback: title + location + posted date (no stable posting URL)","fallback:source-fallbackmiles city district site (google sheets job board)miles city unified school district 1sweeperwashington middle schoolNA#1"
"Title I Paras",NA,NA,"District","https://docs.google.com/spreadsheets/d/1Ct4NASCs-jCEllcMREDsXNdgx8zaKYCosoyo6fHGtKY/export?format=csv&gid=0","Miles City Unified School District 1","Miles City district site (Google Sheets job board)",2026-09-01,"Source fallback: title + location + posted date (no stable posting URL)","fallback:source-fallbackmiles city district site (google sheets job board)miles city unified school district 1title i parasdistrictNA#1"
"Assistant Principal",NA,NA,"Washington Middle School","https://docs.google.com/spreadsheets/d/1Ct4NASCs-jCEllcMREDsXNdgx8zaKYCosoyo6fHGtKY/export?format=csv&gid=0","Miles City Unified School District 1","Miles City district site (Google Sheets job board)",2026-09-01,"Source fallback: title + location + posted date (no stable posting URL)","fallback:source-fallbackmiles city district site (google sheets job board)miles city unified school district 1assistant principalwashington middle schoolNA#1"
"Spirit Squad Head Coach",NA,NA,"CCDHS","https://docs.google.com/spreadsheets/d/1Ct4NASCs-jCEllcMREDsXNdgx8zaKYCosoyo6fHGtKY/export?format=csv&gid=0","Miles City Unified School District 1","Miles City district site (Google Sheets job board)",2026-09-01,"Source fallback: title + location + posted date (no stable posting URL)","fallback:source-fallbackmiles city district site (google sheets job board)miles city unified school district 1spirit squad head coachccdhsNA#1"
"Softball Assistant Coach",NA,NA,"CCDHS","https://docs.google.com/spreadsheets/d/1Ct4NASCs-jCEllcMREDsXNdgx8zaKYCosoyo6fHGtKY/export?format=csv&gid=0","Miles City Unified School District 1","Miles City district site (Google Sheets job board)",2026-09-01,"Source fallback: title + location + posted date (no stable posting URL)","fallback:source-fallbackmiles city district site (google sheets job board)miles city unified school district 1softball assistant coachccdhsNA#1"
"Wrestling Assistant Coach",NA,NA,"CCDHS","https://docs.google.com/spreadsheets/d/1Ct4NASCs-jCEllcMREDsXNdgx8zaKYCosoyo6fHGtKY/export?format=csv&gid=0","Miles City Unified School District 1","Miles City district site (Google Sheets job board)",2026-09-01,"Source fallback: title + location + posted date (no stable posting URL)","fallback:source-fallbackmiles city district site (google sheets job board)miles city unified school district 1wrestling assistant coachccdhsNA#1"
"Track and Field Assistant Coach",NA,NA,"Washington Middle School","https://docs.google.com/spreadsheets/d/1Ct4NASCs-jCEllcMREDsXNdgx8zaKYCosoyo6fHGtKY/export?format=csv&gid=0","Miles City Unified School District 1","Miles City district site (Google Sheets job board)",2026-09-01,"Source fallback: title + location + posted date (no stable posting URL)","fallback:source-fallbackmiles city district site (google sheets job board)miles city unified school district 1track and field assistant coachwashington middle schoolNA#1"
"Girls Basketball Assistant Coach",NA,NA,"Washington Middle School","https://docs.google.com/spreadsheets/d/1Ct4NASCs-jCEllcMREDsXNdgx8zaKYCosoyo6fHGtKY/export?format=csv&gid=0","Miles City Unified School District 1","Miles City district site (Google Sheets job board)",2026-09-01,"Source fallback: title + location + posted date (no stable posting URL)","fallback:source-fallbackmiles city district site (google sheets job board)miles city unified school district 1girls basketball assistant coachwashington middle schoolNA#1"
"Special Education Full-Time Aide",NA,NA,"Augusta","https://www.augustaschool.org/job-openings","Augusta School District #45","Augusta district site (direct board)",2026-09-01,"Source fallback: title + location + posted date (no stable posting URL)","fallback:source-fallbackaugusta district site (direct board)augusta school district #45special education full-time aideaugustaNA#1"
"Become a Bus Driver",NA,NA,"Augusta","https://www.augustaschool.org/job-openings","Augusta School District #45","Augusta district site (direct board)",2026-09-01,"Source fallback: title + location + posted date (no stable posting URL)","fallback:source-fallbackaugusta district site (direct board)augusta school district #45become a bus driveraugustaNA#1"
"Substitute Teachers",NA,NA,"Augusta","https://www.augustaschool.org/job-openings","Augusta School District #45","Augusta district site (direct board)",2026-09-01,"Source fallback: title + location + posted date (no stable posting URL)","fallback:source-fallbackaugusta district site (direct board)augusta school district #45substitute teachersaugustaNA#1"
"Maintenance",NA,NA,"Brockton","https://mtbrocktonps.schoolinsites.com/employment","Brockton School District","Brockton district site (direct board)",2026-09-01,"Source fallback: title + location + posted date (no stable posting URL)","fallback:source-fallbackbrockton district site (direct board)brockton school districtmaintenancebrocktonNA#1"
"Bus Driver",NA,NA,"Brockton","https://mtbrocktonps.schoolinsites.com/employment","Brockton School District","Brockton district site (direct board)",2026-09-01,"Source fallback: title + location + posted date (no stable posting URL)","fallback:source-fallbackbrockton district site (direct board)brockton school districtbus driverbrocktonNA#1"
"Substitute Teachers",NA,NA,"Culbertson","https://www.culbertsonschool.com/about-us/employment","Culbertson School District 17-C","Culbertson district site (direct board)",2026-09-01,"Source fallback: title + location + posted date (no stable posting URL)","fallback:source-fallbackculbertson district site (direct board)culbertson school district 17-csubstitute teachersculbertsonNA#1"
"Activity Bus Drivers",NA,NA,"Culbertson","https://www.culbertsonschool.com/about-us/employment","Culbertson School District 17-C","Culbertson district site (direct board)",2026-09-01,"Source fallback: title + location + posted date (no stable posting URL)","fallback:source-fallbackculbertson district site (direct board)culbertson school district 17-cactivity bus driversculbertsonNA#1"
"Guest Teacher (aka Substitute)",NA,NA,"Creston","https://docs.google.com/document/d/1BxeYApkcuS092nu5a1iRHAeg35jcUxjVPWnTCXEsThU/export?format=txt","Creston School District","Creston district site (direct board)",2026-09-01,"Source fallback: title + location + posted date (no stable posting URL)","fallback:source-fallbackcreston district site (direct board)creston school districtguest teacher (aka substitute)crestonNA#1"
"Substitute Teachers",NA,NA,"Clinton","https://clintoncougars.com/employment","Clinton School District #32","Clinton district site (direct board)",2026-09-01,"Source fallback: title + location + posted date (no stable posting URL)","fallback:source-fallbackclinton district site (direct board)clinton school district #32substitute teachersclintonNA#1"
"Dixon Public School Custodian & Maintenance Specialist",NA,NA,"Dixon","https://www.dixonschool.org/about-dixon-school/employment-opportunities","Dixon School District #9","Dixon district site (direct board)",2026-09-01,"Source fallback: title + location + posted date (no stable posting URL)","fallback:source-fallbackdixon district site (direct board)dixon school district #9dixon public school custodian & maintenance specialistdixonNA#1"
"Certified Substitute Teacher",NA,NA,"Dixon","https://www.dixonschool.org/about-dixon-school/employment-opportunities","Dixon School District #9","Dixon district site (direct board)",2026-09-01,"Source fallback: title + location + posted date (no stable posting URL)","fallback:source-fallbackdixon district site (direct board)dixon school district #9certified substitute teacherdixonNA#1"
"Substitute Teachers",NA,NA,"Dixon","https://www.dixonschool.org/about-dixon-school/employment-opportunities","Dixon School District #9","Dixon district site (direct board)",2026-09-01,"Source fallback: title + location + posted date (no stable posting URL)","fallback:source-fallbackdixon district site (direct board)dixon school district #9substitute teachersdixonNA#1"
"Guest Teachers (substitutes)",NA,NA,"Elysian","https://sites.google.com/a/elysianschool.org/ely23/employment","Elysian School District #23","Elysian district site (direct board)",2026-09-01,"Source fallback: title + location + posted date (no stable posting URL)","fallback:source-fallbackelysian district site (direct board)elysian school district #23guest teachers (substitutes)elysianNA#1"
"Girls' Volleyball Coach (1): 26/27 Season",NA,NA,"Fair-Mont-Egan","https://www.fmemontana.net/human-resources/employment","Fair-Mont-Egan Schools","Fair-Mont-Egan district site (direct board)",2026-09-01,"Source fallback: title + location + posted date (no stable posting URL)","fallback:source-fallbackfair-mont-egan district site (direct board)fair-mont-egan schoolsgirls' volleyball coach (1): 26/27 seasonfair-mont-eganNA#1"
".5 FTE Paraprofessional",NA,NA,"Fair-Mont-Egan","https://www.fmemontana.net/human-resources/employment","Fair-Mont-Egan Schools","Fair-Mont-Egan district site (direct board)",2026-09-01,"Source fallback: title + location + posted date (no stable posting URL)","fallback:source-fallbackfair-mont-egan district site (direct board)fair-mont-egan schools.5 fte paraprofessionalfair-mont-eganNA#1"
"Substitute Teachers",NA,NA,"Fair-Mont-Egan","https://www.fmemontana.net/human-resources/employment","Fair-Mont-Egan Schools","Fair-Mont-Egan district site (direct board)",2026-09-01,"Source fallback: title + location + posted date (no stable posting URL)","fallback:source-fallbackfair-mont-egan district site (direct board)fair-mont-egan schoolssubstitute teachersfair-mont-eganNA#1"
"Part-time Bus Driver",NA,NA,"Lustre","https://www.lustregradeschool.com/employment","Lustre District 23","Lustre district site (direct board)",2026-09-01,"Source fallback: title + location + posted date (no stable posting URL)","fallback:source-fallbacklustre district site (direct board)lustre district 23part-time bus driverlustreNA#1"
"Job Opening - Bus Driver",NA,NA,"Lustre","https://www.lustregradeschool.com/employment","Lustre District 23","Lustre district site (direct board)",2026-09-01,"Source fallback: title + location + posted date (no stable posting URL)","fallback:source-fallbacklustre district site (direct board)lustre district 23job opening - bus driverlustreNA#1"
"Substitute Ad",NA,NA,"Lustre","https://www.lustregradeschool.com/employment","Lustre District 23","Lustre district site (direct board)",2026-09-01,"Source fallback: title + location + posted date (no stable posting URL)","fallback:source-fallbacklustre district site (direct board)lustre district 23substitute adlustreNA#1"
"Substitute Teachers",NA,NA,"Miami","https://www.miamielementary.com/employment","Miami Elementary School District #31","Miami district site (direct board)",2026-09-01,"Source fallback: title + location + posted date (no stable posting URL)","fallback:source-fallbackmiami district site (direct board)miami elementary school district #31substitute teachersmiamiNA#1"
"Paraprofessionals",NA,NA,"Dayton","https://daytonschool.net/employment/","Upper West Shore School District #33","Dayton district site (direct board)",2026-09-01,"Source fallback: title + location + posted date (no stable posting URL)","fallback:source-fallbackdayton district site (direct board)upper west shore school district #33paraprofessionalsdaytonNA#1"
"Substitute Teachers",NA,NA,"Dayton","https://daytonschool.net/employment/","Upper West Shore School District #33","Dayton district site (direct board)",2026-09-01,"Source fallback: title + location + posted date (no stable posting URL)","fallback:source-fallbackdayton district site (direct board)upper west shore school district #33substitute teachersdaytonNA#1"
"Teachers",NA,NA,"Substitute Positions","https://www.swanriverschool.org/human-resources/","Swan River School District #4","Swan River district site (direct board)",2026-09-01,"Source fallback: title + location + posted date (no stable posting URL)","fallback:source-fallbackswan river district site (direct board)swan river school district #4teacherssubstitute positionsNA#1"
"Paraeducators",NA,NA,"Substitute Positions","https://www.swanriverschool.org/human-resources/","Swan River School District #4","Swan River district site (direct board)",2026-09-01,"Source fallback: title + location + posted date (no stable posting URL)","fallback:source-fallbackswan river district site (direct board)swan river school district #4paraeducatorssubstitute positionsNA#1"
"Hot lunch helpers",NA,NA,"Substitute Positions","https://www.swanriverschool.org/human-resources/","Swan River School District #4","Swan River district site (direct board)",2026-09-01,"Source fallback: title + location + posted date (no stable posting URL)","fallback:source-fallbackswan river district site (direct board)swan river school district #4hot lunch helperssubstitute positionsNA#1"
"Paraprofessional (Full Time)",NA,NA,"Aide Positions","https://www.swanriverschool.org/human-resources/","Swan River School District #4","Swan River district site (direct board)",2026-09-01,"Source fallback: title + location + posted date (no stable posting URL)","fallback:source-fallbackswan river district site (direct board)swan river school district #4paraprofessional (full time)aide positionsNA#1"
"Custodian (Full Time)",NA,NA,"Classified Positions","https://www.swanriverschool.org/human-resources/","Swan River School District #4","Swan River district site (direct board)",2026-09-01,"Source fallback: title + location + posted date (no stable posting URL)","fallback:source-fallbackswan river district site (direct board)swan river school district #4custodian (full time)classified positionsNA#1"
"Food Service Associate 6 hours/day",NA,NA,"Bigfork","https://bigforkschools.org/about/employment/","Bigfork School District 38","Bigfork district site (direct board)",2026-09-01,"Source fallback: title + location + posted date (no stable posting URL)","fallback:source-fallbackbigfork district site (direct board)bigfork school district 38food service associate 6 hours/daybigforkNA#1"
"Full Time Instructional Paraprofessional",NA,NA,"Bigfork","https://bigforkschools.org/about/employment/","Bigfork School District 38","Bigfork district site (direct board)",2026-09-01,"Source fallback: title + location + posted date (no stable posting URL)","fallback:source-fallbackbigfork district site (direct board)bigfork school district 38full time instructional paraprofessionalbigforkNA#1"
"Full Time Food Service Associate/Custodian",NA,NA,"Bigfork","https://bigforkschools.org/about/employment/","Bigfork School District 38","Bigfork district site (direct board)",2026-09-01,"Source fallback: title + location + posted date (no stable posting URL)","fallback:source-fallbackbigfork district site (direct board)bigfork school district 38full time food service associate/custodianbigforkNA#1"
"Full Time Life Skills Special Education Paraprofessional",NA,NA,"Bigfork","https://bigforkschools.org/about/employment/","Bigfork School District 38","Bigfork district site (direct board)",2026-09-01,"Source fallback: title + location + posted date (no stable posting URL)","fallback:source-fallbackbigfork district site (direct board)bigfork school district 38full time life skills special education paraprofessionalbigforkNA#1"
"Full Time High School Special Education Paraprofessional",NA,NA,"Bigfork","https://bigforkschools.org/about/employment/","Bigfork School District 38","Bigfork district site (direct board)",2026-09-01,"Source fallback: title + location + posted date (no stable posting URL)","fallback:source-fallbackbigfork district site (direct board)bigfork school district 38full time high school special education paraprofessionalbigforkNA#1"
"Substitute Bus Driver",NA,NA,"Bigfork","https://bigforkschools.org/about/employment/","Bigfork School District 38","Bigfork district site (direct board)",2026-09-01,"Source fallback: title + location + posted date (no stable posting URL)","fallback:source-fallbackbigfork district site (direct board)bigfork school district 38substitute bus driverbigforkNA#1"
"Substitute Food Service Worker",NA,NA,"Bigfork","https://bigforkschools.org/about/employment/","Bigfork School District 38","Bigfork district site (direct board)",2026-09-01,"Source fallback: title + location + posted date (no stable posting URL)","fallback:source-fallbackbigfork district site (direct board)bigfork school district 38substitute food service workerbigforkNA#1"
"Temporary Substitute Custodian",NA,NA,"Bigfork","https://bigforkschools.org/about/employment/","Bigfork School District 38","Bigfork district site (direct board)",2026-09-01,"Source fallback: title + location + posted date (no stable posting URL)","fallback:source-fallbackbigfork district site (direct board)bigfork school district 38temporary substitute custodianbigforkNA#1"
"2026-2027 High School Boys Assistant Soccer Coach",NA,NA,"Bigfork","https://bigforkschools.org/about/employment/","Bigfork School District 38","Bigfork district site (direct board)",2026-09-01,"Source fallback: title + location + posted date (no stable posting URL)","fallback:source-fallbackbigfork district site (direct board)bigfork school district 382026-2027 high school boys assistant soccer coachbigforkNA#1"
"2026-2027 Middle School Boys 7th and 8th Grade Basketball Coach (2 positions)",NA,NA,"Bigfork","https://bigforkschools.org/about/employment/","Bigfork School District 38","Bigfork district site (direct board)",2026-09-01,"Source fallback: title + location + posted date (no stable posting URL)","fallback:source-fallbackbigfork district site (direct board)bigfork school district 382026-2027 middle school boys 7th and 8th grade basketball coach (2 positions)bigforkNA#1"
"Kitchen Substitute",NA,NA,"Reed Point","https://www.reedpoint.k12.mt.us/employment","Reed Point School District","Reed Point district site (direct board)",2026-09-01,"Source fallback: title + location + posted date (no stable posting URL)","fallback:source-fallbackreed point district site (direct board)reed point school districtkitchen substitutereed pointNA#1"
"Substitute Teachers",NA,NA,"Reed Point","https://www.reedpoint.k12.mt.us/employment","Reed Point School District","Reed Point district site (direct board)",2026-09-01,"Source fallback: title + location + posted date (no stable posting URL)","fallback:source-fallbackreed point district site (direct board)reed point school districtsubstitute teachersreed pointNA#1"
"Vo-Ag Teacher",NA,NA,"Hobson","https://www.hobson.k12.mt.us/employment","Hobson Public School","Hobson district site (direct board)",2026-09-01,"Source fallback: title + location + posted date (no stable posting URL)","fallback:source-fallbackhobson district site (direct board)hobson public schoolvo-ag teacherhobsonNA#1"
"Physical Education",NA,NA,"Hobson","https://www.hobson.k12.mt.us/employment","Hobson Public School","Hobson district site (direct board)",2026-09-01,"Source fallback: title + location + posted date (no stable posting URL)","fallback:source-fallbackhobson district site (direct board)hobson public schoolphysical educationhobsonNA#1"
"Elementary Education",NA,NA,"Hobson","https://www.hobson.k12.mt.us/employment","Hobson Public School","Hobson district site (direct board)",2026-09-01,"Source fallback: title + location + posted date (no stable posting URL)","fallback:source-fallbackhobson district site (direct board)hobson public schoolelementary educationhobsonNA#1"
"Vo-Ag Teacher – Part-time",NA,NA,"Certified Positions","https://turner.k12.mt.us/employment/","Turner Public Schools","Turner district site (direct board)",2026-09-01,"Source fallback: title + location + posted date (no stable posting URL)","fallback:source-fallbackturner district site (direct board)turner public schoolsvo-ag teacher – part-timecertified positionsNA#1"
"Business Teacher – Part-time",NA,NA,"Certified Positions","https://turner.k12.mt.us/employment/","Turner Public Schools","Turner district site (direct board)",2026-09-01,"Source fallback: title + location + posted date (no stable posting URL)","fallback:source-fallbackturner district site (direct board)turner public schoolsbusiness teacher – part-timecertified positionsNA#1"
"Secretary – $14 per hour, up to 32 hours per week",NA,NA,"Classified Positions","https://turner.k12.mt.us/employment/","Turner Public Schools","Turner district site (direct board)",2026-09-01,"Source fallback: title + location + posted date (no stable posting URL)","fallback:source-fallbackturner district site (direct board)turner public schoolssecretary – $14 per hour, up to 32 hours per weekclassified positionsNA#1"
"3 Elementary Teachers",NA,NA,"Certified","https://terryschools.org/employment","Terry Public Schools","Terry district site (direct board)",2026-09-01,"Source fallback: title + location + posted date (no stable posting URL)","fallback:source-fallbackterry district site (direct board)terry public schools3 elementary teacherscertifiedNA#1"
"Part time Music Teacher for K – 12",NA,NA,"Certified","https://terryschools.org/employment","Terry Public Schools","Terry district site (direct board)",2026-09-01,"Source fallback: title + location + posted date (no stable posting URL)","fallback:source-fallbackterry district site (direct board)terry public schoolspart time music teacher for k – 12certifiedNA#1"
"Part time Art Teacher for K – 12",NA,NA,"Certified","https://terryschools.org/employment","Terry Public Schools","Terry district site (direct board)",2026-09-01,"Source fallback: title + location + posted date (no stable posting URL)","fallback:source-fallbackterry district site (direct board)terry public schoolspart time art teacher for k – 12certifiedNA#1"
"Physical Education Teacher",NA,NA,"Certified","https://terryschools.org/employment","Terry Public Schools","Terry district site (direct board)",2026-09-01,"Source fallback: title + location + posted date (no stable posting URL)","fallback:source-fallbackterry district site (direct board)terry public schoolsphysical education teachercertifiedNA#1"
"Part time Family – Consumer Science Teacher for grades 7 – 12",NA,NA,"Certified","https://terryschools.org/employment","Terry Public Schools","Terry district site (direct board)",2026-09-01,"Source fallback: title + location + posted date (no stable posting URL)","fallback:source-fallbackterry district site (direct board)terry public schoolspart time family – consumer science teacher for grades 7 – 12certifiedNA#1"
"Part time Business Teacher for grades 7 – 12",NA,NA,"Certified","https://terryschools.org/employment","Terry Public Schools","Terry district site (direct board)",2026-09-01,"Source fallback: title + location + posted date (no stable posting URL)","fallback:source-fallbackterry district site (direct board)terry public schoolspart time business teacher for grades 7 – 12certifiedNA#1"
"Title 1 Elementary Teacher",NA,NA,"Certified","https://terryschools.org/employment","Terry Public Schools","Terry district site (direct board)",2026-09-01,"Source fallback: title + location + posted date (no stable posting URL)","fallback:source-fallbackterry district site (direct board)terry public schoolstitle 1 elementary teachercertifiedNA#1"
"Special Education Paraprofessional",NA,NA,"Classified","https://terryschools.org/employment","Terry Public Schools","Terry district site (direct board)",2026-09-01,"Source fallback: title + location + posted date (no stable posting URL)","fallback:source-fallbackterry district site (direct board)terry public schoolsspecial education paraprofessionalclassifiedNA#1"
"Expedition Route Driver",NA,NA,"Classified","https://terryschools.org/employment","Terry Public Schools","Terry district site (direct board)",2026-09-01,"Source fallback: title + location + posted date (no stable posting URL)","fallback:source-fallbackterry district site (direct board)terry public schoolsexpedition route driverclassifiedNA#1"
"Kitchen sub",NA,NA,"Classified","https://terryschools.org/employment","Terry Public Schools","Terry district site (direct board)",2026-09-01,"Source fallback: title + location + posted date (no stable posting URL)","fallback:source-fallbackterry district site (direct board)terry public schoolskitchen subclassifiedNA#1"
"Sub Teacher/Aide",NA,NA,"Classified","https://terryschools.org/employment","Terry Public Schools","Terry district site (direct board)",2026-09-01,"Source fallback: title + location + posted date (no stable posting URL)","fallback:source-fallbackterry district site (direct board)terry public schoolssub teacher/aideclassifiedNA#1"
"Bus Driver",NA,NA,"Classified","https://terryschools.org/employment","Terry Public Schools","Terry district site (direct board)",2026-09-01,"Source fallback: title + location + posted date (no stable posting URL)","fallback:source-fallbackterry district site (direct board)terry public schoolsbus driverclassifiedNA#1"
"Sub Bus Driver",NA,NA,"Classified","https://terryschools.org/employment","Terry Public Schools","Terry district site (direct board)",2026-09-01,"Source fallback: title + location + posted date (no stable posting URL)","fallback:source-fallbackterry district site (direct board)terry public schoolssub bus driverclassifiedNA#1"
"Sub custodian",NA,NA,"Classified","https://terryschools.org/employment","Terry Public Schools","Terry district site (direct board)",2026-09-01,"Source fallback: title + location + posted date (no stable posting URL)","fallback:source-fallbackterry district site (direct board)terry public schoolssub custodianclassifiedNA#1"
"Substitute Teacher",NA,NA,"Gallatin Gateway","https://www.gallatingatewayschool.com/Employment/","Gallatin Gateway School","Gallatin Gateway district site (direct board)",2026-09-01,"Source fallback: title + location + posted date (no stable posting URL)","fallback:source-fallbackgallatin gateway district site (direct board)gallatin gateway schoolsubstitute teachergallatin gatewayNA#1"
"Athletic Director",NA,NA,"Gallatin Gateway","https://www.gallatingatewayschool.com/Employment/","Gallatin Gateway School","Gallatin Gateway district site (direct board)",2026-09-01,"Source fallback: title + location + posted date (no stable posting URL)","fallback:source-fallbackgallatin gateway district site (direct board)gallatin gateway schoolathletic directorgallatin gatewayNA#1"
"Business Manager",NA,NA,"Gallatin Gateway","https://www.gallatingatewayschool.com/Employment/","Gallatin Gateway School","Gallatin Gateway district site (direct board)",2026-09-01,"Source fallback: title + location + posted date (no stable posting URL)","fallback:source-fallbackgallatin gateway district site (direct board)gallatin gateway schoolbusiness managergallatin gatewayNA#1"
"JH/HS Assistant Principal",NA,NA,"Wolf Point","https://www.wolfpointschools.org/page/job-opportunities-1","Wolf Point Public Schools","Apptegy district site (direct board)",2026-09-01,"Source fallback: title + location + posted date (no stable posting URL)","fallback:source-fallbackapptegy district site (direct board)wolf point public schoolsjh/hs assistant principalwolf pointNA#1"
"HS Vo-Ag Teacher",NA,NA,"Wolf Point","https://www.wolfpointschools.org/page/job-opportunities-1","Wolf Point Public Schools","Apptegy district site (direct board)",2026-09-01,"Source fallback: title + location + posted date (no stable posting URL)","fallback:source-fallbackapptegy district site (direct board)wolf point public schoolshs vo-ag teacherwolf pointNA#1"
"Elementary Teacher",NA,NA,"Wolf Point","https://www.wolfpointschools.org/page/job-opportunities-1","Wolf Point Public Schools","Apptegy district site (direct board)",2026-09-01,"Source fallback: title + location + posted date (no stable posting URL)","fallback:source-fallbackapptegy district site (direct board)wolf point public schoolselementary teacherwolf pointNA#1"
"JH English Teacher",NA,NA,"Wolf Point","https://www.wolfpointschools.org/page/job-opportunities-1","Wolf Point Public Schools","Apptegy district site (direct board)",2026-09-01,"Source fallback: title + location + posted date (no stable posting URL)","fallback:source-fallbackapptegy district site (direct board)wolf point public schoolsjh english teacherwolf pointNA#1"
"Lunch Van Driver",NA,NA,"Wolf Point","https://www.wolfpointschools.org/page/job-opportunities-1","Wolf Point Public Schools","Apptegy district site (direct board)",2026-09-01,"Source fallback: title + location + posted date (no stable posting URL)","fallback:source-fallbackapptegy district site (direct board)wolf point public schoolslunch van driverwolf pointNA#1"
"Paraprofessionals",NA,NA,"Wolf Point","https://www.wolfpointschools.org/page/job-opportunities-1","Wolf Point Public Schools","Apptegy district site (direct board)",2026-09-01,"Source fallback: title + location + posted date (no stable posting URL)","fallback:source-fallbackapptegy district site (direct board)wolf point public schoolsparaprofessionalswolf pointNA#1"
"Family School Coordinator",NA,NA,"Wolf Point","https://www.wolfpointschools.org/page/job-opportunities-1","Wolf Point Public Schools","Apptegy district site (direct board)",2026-09-01,"Source fallback: title + location + posted date (no stable posting URL)","fallback:source-fallbackapptegy district site (direct board)wolf point public schoolsfamily school coordinatorwolf pointNA#1"
"School Secretary",NA,NA,"Wolf Point","https://www.wolfpointschools.org/page/job-opportunities-1","Wolf Point Public Schools","Apptegy district site (direct board)",2026-09-01,"Source fallback: title + location + posted date (no stable posting URL)","fallback:source-fallbackapptegy district site (direct board)wolf point public schoolsschool secretarywolf pointNA#1"
"Assistant Custodian",NA,NA,"Wolf Point","https://www.wolfpointschools.org/page/job-opportunities-1","Wolf Point Public Schools","Apptegy district site (direct board)",2026-09-01,"Source fallback: title + location + posted date (no stable posting URL)","fallback:source-fallbackapptegy district site (direct board)wolf point public schoolsassistant custodianwolf pointNA#1"
"School Resource Officer (SRO)",NA,NA,"Wolf Point","https://www.wolfpointschools.org/page/job-opportunities-1","Wolf Point Public Schools","Apptegy district site (direct board)",2026-09-01,"Source fallback: title + location + posted date (no stable posting URL)","fallback:source-fallbackapptegy district site (direct board)wolf point public schoolsschool resource officer (sro)wolf pointNA#1"
"Substitute Teachers",NA,NA,"Wolf Point","https://www.wolfpointschools.org/page/job-opportunities-1","Wolf Point Public Schools","Apptegy district site (direct board)",2026-09-01,"Source fallback: title + location + posted date (no stable posting URL)","fallback:source-fallbackapptegy district site (direct board)wolf point public schoolssubstitute teacherswolf pointNA#1"
"HS Head Boys Basketball Coach",NA,NA,"Wolf Point","https://www.wolfpointschools.org/page/job-opportunities-1","Wolf Point Public Schools","Apptegy district site (direct board)",2026-09-01,"Source fallback: title + location + posted date (no stable posting URL)","fallback:source-fallbackapptegy district site (direct board)wolf point public schoolshs head boys basketball coachwolf pointNA#1"
"Assistant Cook",2026-07-13,NA,"Plentywood","https://www.plentywood.k12.mt.us/o/plentywood/page/employment-opportunities","Plentywood Public Schools","Apptegy district site (direct board)",2026-09-01,"Source fallback: title + location + posted date (no stable posting URL)","fallback:source-fallbackapptegy district site (direct board)plentywood public schoolsassistant cookplentywood2026-07-13#1"
"Activities Bus Driver",2026-07-13,NA,"Plentywood","https://www.plentywood.k12.mt.us/o/plentywood/page/employment-opportunities","Plentywood Public Schools","Apptegy district site (direct board)",2026-09-01,"Source fallback: title + location + posted date (no stable posting URL)","fallback:source-fallbackapptegy district site (direct board)plentywood public schoolsactivities bus driverplentywood2026-07-13#1"
"Substitute Teachers",2026-07-13,NA,"Plentywood","https://www.plentywood.k12.mt.us/o/plentywood/page/employment-opportunities","Plentywood Public Schools","Apptegy district site (direct board)",2026-09-01,"Source fallback: title + location + posted date (no stable posting URL)","fallback:source-fallbackapptegy district site (direct board)plentywood public schoolssubstitute teachersplentywood2026-07-13#1"
"Paraprofessional",2026-07-13,NA,"Plentywood","https://www.plentywood.k12.mt.us/o/plentywood/page/employment-opportunities","Plentywood Public Schools","Apptegy district site (direct board)",2026-09-01,"Source fallback: title + location + posted date (no stable posting URL)","fallback:source-fallbackapptegy district site (direct board)plentywood public schoolsparaprofessionalplentywood2026-07-13#1"
"Custodian",NA,NA,"Classified & Support Staff Vacancies","https://conradschools.org/page/employment","Conrad Public Schools","Apptegy district site (direct board)",2026-09-01,"Source fallback: title + location + posted date (no stable posting URL)","fallback:source-fallbackapptegy district site (direct board)conrad public schoolscustodianclassified & support staff vacanciesNA#1"
"Paraprofessional",NA,NA,"Classified & Support Staff Vacancies","https://conradschools.org/page/employment","Conrad Public Schools","Apptegy district site (direct board)",2026-09-01,"Source fallback: title + location + posted date (no stable posting URL)","fallback:source-fallbackapptegy district site (direct board)conrad public schoolsparaprofessionalclassified & support staff vacanciesNA#1"
"Maintenance/Custodian",NA,NA,"Westby","https://westbyschool.k12.mt.us/page/job-openings-applications","Westby School District 3","Apptegy district site (direct board)",2026-09-01,"Source fallback: title + location + posted date (no stable posting URL)","fallback:source-fallbackapptegy district site (direct board)westby school district 3maintenance/custodianwestbyNA#1"
"Activity Bus Driver / Afternoon Route Bus Driver",NA,NA,"Westby","https://westbyschool.k12.mt.us/page/job-openings-applications","Westby School District 3","Apptegy district site (direct board)",2026-09-01,"Source fallback: title + location + posted date (no stable posting URL)","fallback:source-fallbackapptegy district site (direct board)westby school district 3activity bus driver / afternoon route bus driverwestbyNA#1"
"Elementary Education",NA,NA,"Certified","https://www.choteauschools.net/o/csd/page/employment-at-choteau-school-district","Choteau School District","Apptegy district site (direct board)",2026-09-01,"Source fallback: title + location + posted date (no stable posting URL)","fallback:source-fallbackapptegy district site (direct board)choteau school districtelementary educationcertifiedNA#1"
"High School Wrestling: 1 Assistant Coach",NA,NA,"Classified","https://www.choteauschools.net/o/csd/page/employment-at-choteau-school-district","Choteau School District","Apptegy district site (direct board)",2026-09-01,"Source fallback: title + location + posted date (no stable posting URL)","fallback:source-fallbackapptegy district site (direct board)choteau school districthigh school wrestling: 1 assistant coachclassifiedNA#1"
"Athletic Bus Driver",NA,NA,"Classified","https://www.choteauschools.net/o/csd/page/employment-at-choteau-school-district","Choteau School District","Apptegy district site (direct board)",2026-09-01,"Source fallback: title + location + posted date (no stable posting URL)","fallback:source-fallbackapptegy district site (direct board)choteau school districtathletic bus driverclassifiedNA#1"
"Paraprofessional",NA,NA,"Classified","https://www.choteauschools.net/o/csd/page/employment-at-choteau-school-district","Choteau School District","Apptegy district site (direct board)",2026-09-01,"Source fallback: title + location + posted date (no stable posting URL)","fallback:source-fallbackapptegy district site (direct board)choteau school districtparaprofessionalclassifiedNA#1"
"Substitute Teachers",NA,NA,"Classified","https://www.choteauschools.net/o/csd/page/employment-at-choteau-school-district","Choteau School District","Apptegy district site (direct board)",2026-09-01,"Source fallback: title + location + posted date (no stable posting URL)","fallback:source-fallbackapptegy district site (direct board)choteau school districtsubstitute teachersclassifiedNA#1"
"K-8 Elementary Teacher",NA,NA,"Certified Positions","https://www.gardiner.org/page/job-openings","Gardiner Public Schools","Apptegy district site (direct board)",2026-09-01,"Source fallback: title + location + posted date (no stable posting URL)","fallback:source-fallbackapptegy district site (direct board)gardiner public schoolsk-8 elementary teachercertified positionsNA#1"
"JH/HS Family & Consumer Science Teacher",NA,NA,"Certified Positions","https://www.gardiner.org/page/job-openings","Gardiner Public Schools","Apptegy district site (direct board)",2026-09-01,"Source fallback: title + location + posted date (no stable posting URL)","fallback:source-fallbackapptegy district site (direct board)gardiner public schoolsjh/hs family & consumer science teachercertified positionsNA#1"
"Intervention Teacher",NA,NA,"Certified Positions","https://www.gardiner.org/page/job-openings","Gardiner Public Schools","Apptegy district site (direct board)",2026-09-01,"Source fallback: title + location + posted date (no stable posting URL)","fallback:source-fallbackapptegy district site (direct board)gardiner public schoolsintervention teachercertified positionsNA#1"
"Substitute Teachers",NA,NA,"Classified Positions","https://www.gardiner.org/page/job-openings","Gardiner Public Schools","Apptegy district site (direct board)",2026-09-01,"Source fallback: title + location + posted date (no stable posting URL)","fallback:source-fallbackapptegy district site (direct board)gardiner public schoolssubstitute teachersclassified positionsNA#1"
"Substitute Bus Drivers",NA,NA,"Classified Positions","https://www.gardiner.org/page/job-openings","Gardiner Public Schools","Apptegy district site (direct board)",2026-09-01,"Source fallback: title + location + posted date (no stable posting URL)","fallback:source-fallbackapptegy district site (direct board)gardiner public schoolssubstitute bus driversclassified positionsNA#1"
"Music - Instrumental",NA,NA,"Certified","https://www.maltaschools.org/page/district-employment","Malta Public Schools","Apptegy district site (direct board)",2026-09-01,"Source fallback: title + location + posted date (no stable posting URL)","fallback:source-fallbackapptegy district site (direct board)malta public schoolsmusic - instrumentalcertifiedNA#1"
"Music - Vocal",NA,NA,"Certified","https://www.maltaschools.org/page/district-employment","Malta Public Schools","Apptegy district site (direct board)",2026-09-01,"Source fallback: title + location + posted date (no stable posting URL)","fallback:source-fallbackapptegy district site (direct board)malta public schoolsmusic - vocalcertifiedNA#1"
"High School Social Studies",NA,NA,"Certified","https://www.maltaschools.org/page/district-employment","Malta Public Schools","Apptegy district site (direct board)",2026-09-01,"Source fallback: title + location + posted date (no stable posting URL)","fallback:source-fallbackapptegy district site (direct board)malta public schoolshigh school social studiescertifiedNA#1"
"Agricultural Education - FFA",NA,NA,"Certified","https://www.maltaschools.org/page/district-employment","Malta Public Schools","Apptegy district site (direct board)",2026-09-01,"Source fallback: title + location + posted date (no stable posting URL)","fallback:source-fallbackapptegy district site (direct board)malta public schoolsagricultural education - ffacertifiedNA#1"
"Small Engines/Mechanics",NA,NA,"Certified","https://www.maltaschools.org/page/district-employment","Malta Public Schools","Apptegy district site (direct board)",2026-09-01,"Source fallback: title + location + posted date (no stable posting URL)","fallback:source-fallbackapptegy district site (direct board)malta public schoolssmall engines/mechanicscertifiedNA#1"
"Bus Drivers",NA,NA,"Classified","https://www.maltaschools.org/page/district-employment","Malta Public Schools","Apptegy district site (direct board)",2026-09-01,"Source fallback: title + location + posted date (no stable posting URL)","fallback:source-fallbackapptegy district site (direct board)malta public schoolsbus driversclassifiedNA#1"
"Substitute Teacher",NA,NA,"Classified","https://www.maltaschools.org/page/district-employment","Malta Public Schools","Apptegy district site (direct board)",2026-09-01,"Source fallback: title + location + posted date (no stable posting URL)","fallback:source-fallbackapptegy district site (direct board)malta public schoolssubstitute teacherclassifiedNA#1"
"Special Education Paraprofessional",NA,NA,"Classified","https://www.maltaschools.org/page/district-employment","Malta Public Schools","Apptegy district site (direct board)",2026-09-01,"Source fallback: title + location + posted date (no stable posting URL)","fallback:source-fallbackapptegy district site (direct board)malta public schoolsspecial education paraprofessionalclassifiedNA#1"
"Head High School Cheerleading",NA,NA,"Coaching","https://www.maltaschools.org/page/district-employment","Malta Public Schools","Apptegy district site (direct board)",2026-09-01,"Source fallback: title + location + posted date (no stable posting URL)","fallback:source-fallbackapptegy district site (direct board)malta public schoolshead high school cheerleadingcoachingNA#1"
"Assistant HS Cross Country",NA,NA,"Coaching","https://www.maltaschools.org/page/district-employment","Malta Public Schools","Apptegy district site (direct board)",2026-09-01,"Source fallback: title + location + posted date (no stable posting URL)","fallback:source-fallbackapptegy district site (direct board)malta public schoolsassistant hs cross countrycoachingNA#1"
"Middle Schools Girls Basketball",NA,NA,"Coaching","https://www.maltaschools.org/page/district-employment","Malta Public Schools","Apptegy district site (direct board)",2026-09-01,"Source fallback: title + location + posted date (no stable posting URL)","fallback:source-fallbackapptegy district site (direct board)malta public schoolsmiddle schools girls basketballcoachingNA#1"
"Elementary Teaching Position",NA,NA,"Certified","https://www.drummondschool.net/page/application","Drummond Public Schools","Apptegy district site (direct board)",2026-09-01,"Source fallback: title + location + posted date (no stable posting URL)","fallback:source-fallbackapptegy district site (direct board)drummond public schoolselementary teaching positioncertifiedNA#1"
"Family Consumer Science",NA,NA,"Certified","https://www.drummondschool.net/page/application","Drummond Public Schools","Apptegy district site (direct board)",2026-09-01,"Source fallback: title + location + posted date (no stable posting URL)","fallback:source-fallbackapptegy district site (direct board)drummond public schoolsfamily consumer sciencecertifiedNA#1"
"Half-Time K-12 Librarian",NA,NA,"Certified","https://www.drummondschool.net/page/application","Drummond Public Schools","Apptegy district site (direct board)",2026-09-01,"Source fallback: title + location + posted date (no stable posting URL)","fallback:source-fallbackapptegy district site (direct board)drummond public schoolshalf-time k-12 librariancertifiedNA#1"
"Full Time Assistant Cook",NA,NA,"Classified","https://www.drummondschool.net/page/application","Drummond Public Schools","Apptegy district site (direct board)",2026-09-01,"Source fallback: title + location + posted date (no stable posting URL)","fallback:source-fallbackapptegy district site (direct board)drummond public schoolsfull time assistant cookclassifiedNA#1"
"High School Girls Basketball Asst. Coach",NA,NA,"Classified","https://www.drummondschool.net/page/application","Drummond Public Schools","Apptegy district site (direct board)",2026-09-01,"Source fallback: title + location + posted date (no stable posting URL)","fallback:source-fallbackapptegy district site (direct board)drummond public schoolshigh school girls basketball asst. coachclassifiedNA#1"
"High School Boys Basketball Asst. Coach",NA,NA,"Classified","https://www.drummondschool.net/page/application","Drummond Public Schools","Apptegy district site (direct board)",2026-09-01,"Source fallback: title + location + posted date (no stable posting URL)","fallback:source-fallbackapptegy district site (direct board)drummond public schoolshigh school boys basketball asst. coachclassifiedNA#1"
"JH Girls Volleyball Asst. Coach",NA,NA,"Classified","https://www.drummondschool.net/page/application","Drummond Public Schools","Apptegy district site (direct board)",2026-09-01,"Source fallback: title + location + posted date (no stable posting URL)","fallback:source-fallbackapptegy district site (direct board)drummond public schoolsjh girls volleyball asst. coachclassifiedNA#1"
"Substitute Teachers",NA,NA,"Classified","https://www.drummondschool.net/page/application","Drummond Public Schools","Apptegy district site (direct board)",2026-09-01,"Source fallback: title + location + posted date (no stable posting URL)","fallback:source-fallbackapptegy district site (direct board)drummond public schoolssubstitute teachersclassifiedNA#1"
"Elem Special Ed Aide",NA,NA,"Deer Lodge","https://www.deerlodgeschools.org/page/employment","Deer Lodge School District #1","Apptegy district site (direct board)",2026-09-01,"Source fallback: title + location + posted date (no stable posting URL)","fallback:source-fallbackapptegy district site (direct board)deer lodge school district #1elem special ed aidedeer lodgeNA#1"
"Elementary PE Teacher with a period of Intervention",NA,NA,"Deer Lodge","https://www.deerlodgeschools.org/page/employment","Deer Lodge School District #1","Apptegy district site (direct board)",2026-09-01,"Source fallback: title + location + posted date (no stable posting URL)","fallback:source-fallbackapptegy district site (direct board)deer lodge school district #1elementary pe teacher with a period of interventiondeer lodgeNA#1"
"Special Education Teacher 5th/6th grades",NA,NA,"Deer Lodge","https://www.deerlodgeschools.org/page/employment","Deer Lodge School District #1","Apptegy district site (direct board)",2026-09-01,"Source fallback: title + location + posted date (no stable posting URL)","fallback:source-fallbackapptegy district site (direct board)deer lodge school district #1special education teacher 5th/6th gradesdeer lodgeNA#1"
"Bus Driver",NA,NA,"Deer Lodge","https://www.deerlodgeschools.org/page/employment","Deer Lodge School District #1","Apptegy district site (direct board)",2026-09-01,"Source fallback: title + location + posted date (no stable posting URL)","fallback:source-fallbackapptegy district site (direct board)deer lodge school district #1bus driverdeer lodgeNA#1"
"HS Student Council",NA,NA,"Internal","https://www.townsend.k12.mt.us/page/employment","Townsend School District","Apptegy district site (direct board)",2026-09-01,"Source fallback: title + location + posted date (no stable posting URL)","fallback:source-fallbackapptegy district site (direct board)townsend school districths student councilinternalNA#1"
"Title I Certified Teaching Position",NA,NA,"External","https://www.townsend.k12.mt.us/page/employment","Townsend School District","Apptegy district site (direct board)",2026-09-01,"Source fallback: title + location + posted date (no stable posting URL)","fallback:source-fallbackapptegy district site (direct board)townsend school districttitle i certified teaching positionexternalNA#1"
"21st Century Program Site Coordinator",NA,NA,"External","https://www.townsend.k12.mt.us/page/employment","Townsend School District","Apptegy district site (direct board)",2026-09-01,"Source fallback: title + location + posted date (no stable posting URL)","fallback:source-fallbackapptegy district site (direct board)townsend school district21st century program site coordinatorexternalNA#1"
"HS/MS Activities Director",NA,NA,"External","https://www.townsend.k12.mt.us/page/employment","Townsend School District","Apptegy district site (direct board)",2026-09-01,"Source fallback: title + location + posted date (no stable posting URL)","fallback:source-fallbackapptegy district site (direct board)townsend school districths/ms activities directorexternalNA#1"
"Custodian/Light Maintenance (immediate opening)",NA,NA,"External","https://www.townsend.k12.mt.us/page/employment","Townsend School District","Apptegy district site (direct board)",2026-09-01,"Source fallback: title + location + posted date (no stable posting URL)","fallback:source-fallbackapptegy district site (direct board)townsend school districtcustodian/light maintenance (immediate opening)externalNA#1"
"JH/HS Art Teacher",NA,NA,"Certified","https://www.hlpschools.k12.mt.us/page/jobs","Hays-Lodge Pole School District","Apptegy district site (direct board)",2026-09-01,"Source fallback: title + location + posted date (no stable posting URL)","fallback:source-fallbackapptegy district site (direct board)hays-lodge pole school districtjh/hs art teachercertifiedNA#1"
"Paraprofessional X2",NA,NA,"Certified","https://www.hlpschools.k12.mt.us/page/jobs","Hays-Lodge Pole School District","Apptegy district site (direct board)",2026-09-01,"Source fallback: title + location + posted date (no stable posting URL)","fallback:source-fallbackapptegy district site (direct board)hays-lodge pole school districtparaprofessional x2certifiedNA#1"
"Substitute Teachers",NA,NA,"Classified","https://www.hlpschools.k12.mt.us/page/jobs","Hays-Lodge Pole School District","Apptegy district site (direct board)",2026-09-01,"Source fallback: title + location + posted date (no stable posting URL)","fallback:source-fallbackapptegy district site (direct board)hays-lodge pole school districtsubstitute teachersclassifiedNA#1"
"Substitute Bus Drivers",NA,NA,"Classified","https://www.hlpschools.k12.mt.us/page/jobs","Hays-Lodge Pole School District","Apptegy district site (direct board)",2026-09-01,"Source fallback: title + location + posted date (no stable posting URL)","fallback:source-fallbackapptegy district site (direct board)hays-lodge pole school districtsubstitute bus driversclassifiedNA#1"
"High School Boys Head Basketball Coach",NA,NA,"Classified","https://www.hlpschools.k12.mt.us/page/jobs","Hays-Lodge Pole School District","Apptegy district site (direct board)",2026-09-01,"Source fallback: title + location + posted date (no stable posting URL)","fallback:source-fallbackapptegy district site (direct board)hays-lodge pole school districthigh school boys head basketball coachclassifiedNA#1"
"7-12 Broadfield Science",NA,NA,"Certified Teaching Positions","https://www.plevnacougars.com/o/plevna/page/employment-plevna","Plevna School District #55","Apptegy district site (direct board)",2026-09-01,"Source fallback: title + location + posted date (no stable posting URL)","fallback:source-fallbackapptegy district site (direct board)plevna school district #557-12 broadfield sciencecertified teaching positionsNA#1"
"Math",NA,NA,"Certified Teaching Positions","https://www.plevnacougars.com/o/plevna/page/employment-plevna","Plevna School District #55","Apptegy district site (direct board)",2026-09-01,"Source fallback: title + location + posted date (no stable posting URL)","fallback:source-fallbackapptegy district site (direct board)plevna school district #55mathcertified teaching positionsNA#1"
"Jr. High/Elem. - Asst. Girls",NA,NA,"Basketball Coaching Position","https://www.plevnacougars.com/o/plevna/page/employment-plevna","Plevna School District #55","Apptegy district site (direct board)",2026-09-01,"Source fallback: title + location + posted date (no stable posting URL)","fallback:source-fallbackapptegy district site (direct board)plevna school district #55jr. high/elem. - asst. girlsbasketball coaching positionNA#1"
"Jr. High/Elem. Asst. Boys",NA,NA,"Basketball Coaching Position","https://www.plevnacougars.com/o/plevna/page/employment-plevna","Plevna School District #55","Apptegy district site (direct board)",2026-09-01,"Source fallback: title + location + posted date (no stable posting URL)","fallback:source-fallbackapptegy district site (direct board)plevna school district #55jr. high/elem. asst. boysbasketball coaching positionNA#1"
"High School - Head",NA,NA,"Track Coaching Positions","https://www.plevnacougars.com/o/plevna/page/employment-plevna","Plevna School District #55","Apptegy district site (direct board)",2026-09-01,"Source fallback: title + location + posted date (no stable posting URL)","fallback:source-fallbackapptegy district site (direct board)plevna school district #55high school - headtrack coaching positionsNA#1"
"High School - Asst.",NA,NA,"Track Coaching Positions","https://www.plevnacougars.com/o/plevna/page/employment-plevna","Plevna School District #55","Apptegy district site (direct board)",2026-09-01,"Source fallback: title + location + posted date (no stable posting URL)","fallback:source-fallbackapptegy district site (direct board)plevna school district #55high school - asst.track coaching positionsNA#1"
"Jr. High - Head",NA,NA,"Track Coaching Positions","https://www.plevnacougars.com/o/plevna/page/employment-plevna","Plevna School District #55","Apptegy district site (direct board)",2026-09-01,"Source fallback: title + location + posted date (no stable posting URL)","fallback:source-fallbackapptegy district site (direct board)plevna school district #55jr. high - headtrack coaching positionsNA#1"
"Jr. High - Asst.",NA,NA,"Track Coaching Positions","https://www.plevnacougars.com/o/plevna/page/employment-plevna","Plevna School District #55","Apptegy district site (direct board)",2026-09-01,"Source fallback: title + location + posted date (no stable posting URL)","fallback:source-fallbackapptegy district site (direct board)plevna school district #55jr. high - asst.track coaching positionsNA#1"
"Bus Driver - Substitutes",NA,NA,"Substitutes","https://www.plevnacougars.com/o/plevna/page/employment-plevna","Plevna School District #55","Apptegy district site (direct board)",2026-09-01,"Source fallback: title + location + posted date (no stable posting URL)","fallback:source-fallbackapptegy district site (direct board)plevna school district #55bus driver - substitutessubstitutesNA#1"
"Classroom - Substitutes",NA,NA,"Substitutes","https://www.plevnacougars.com/o/plevna/page/employment-plevna","Plevna School District #55","Apptegy district site (direct board)",2026-09-01,"Source fallback: title + location + posted date (no stable posting URL)","fallback:source-fallbackapptegy district site (direct board)plevna school district #55classroom - substitutessubstitutesNA#1"
"Cook",NA,NA,"Sunburst","https://www.sunburst.k12.mt.us/page/employment-opportunities","Sunburst Schools","Apptegy district site (direct board)",2026-09-01,"Source fallback: title + location + posted date (no stable posting URL)","fallback:source-fallbackapptegy district site (direct board)sunburst schoolscooksunburstNA#1"
"Guidance Counselor",NA,NA,"Sunburst","https://www.sunburst.k12.mt.us/page/employment-opportunities","Sunburst Schools","Apptegy district site (direct board)",2026-09-01,"Source fallback: title + location + posted date (no stable posting URL)","fallback:source-fallbackapptegy district site (direct board)sunburst schoolsguidance counselorsunburstNA#1"
"Substitute Teachers",NA,NA,"Sunburst","https://www.sunburst.k12.mt.us/page/employment-opportunities","Sunburst Schools","Apptegy district site (direct board)",2026-09-01,"Source fallback: title + location + posted date (no stable posting URL)","fallback:source-fallbackapptegy district site (direct board)sunburst schoolssubstitute teacherssunburstNA#1"
"Bus Drivers",NA,NA,"Sunburst","https://www.sunburst.k12.mt.us/page/employment-opportunities","Sunburst Schools","Apptegy district site (direct board)",2026-09-01,"Source fallback: title + location + posted date (no stable posting URL)","fallback:source-fallbackapptegy district site (direct board)sunburst schoolsbus driverssunburstNA#1"
"Facility Maintenance- Full-time or Part-time",NA,NA,"Classified Openings","https://www.beltschool.com/page/employment-opportunities","Belt Public Schools","Apptegy district site (direct board)",2026-09-01,"Source fallback: title + location + posted date (no stable posting URL)","fallback:source-fallbackapptegy district site (direct board)belt public schoolsfacility maintenance- full-time or part-timeclassified openingsNA#1"
"Night Custodian- Full-time or Part Time",NA,NA,"Classified Openings","https://www.beltschool.com/page/employment-opportunities","Belt Public Schools","Apptegy district site (direct board)",2026-09-01,"Source fallback: title + location + posted date (no stable posting URL)","fallback:source-fallbackapptegy district site (direct board)belt public schoolsnight custodian- full-time or part timeclassified openingsNA#1"
"Day Custodian- Full-time or Part-Time",NA,NA,"Classified Openings","https://www.beltschool.com/page/employment-opportunities","Belt Public Schools","Apptegy district site (direct board)",2026-09-01,"Source fallback: title + location + posted date (no stable posting URL)","fallback:source-fallbackapptegy district site (direct board)belt public schoolsday custodian- full-time or part-timeclassified openingsNA#1"
"High School Science Teacher",NA,NA,"Teaching","https://www.bssd72.org/page/employment-opportunities","Big Sky School District 72","Apptegy district site (direct board)",2026-09-01,"Source fallback: title + location + posted date (no stable posting URL)","fallback:source-fallbackapptegy district site (direct board)big sky school district 72high school science teacherteachingNA#1"
"Elementary Curriculum",NA,NA,"Teaching","https://www.bssd72.org/page/employment-opportunities","Big Sky School District 72","Apptegy district site (direct board)",2026-09-01,"Source fallback: title + location + posted date (no stable posting URL)","fallback:source-fallbackapptegy district site (direct board)big sky school district 72elementary curriculumteachingNA#1"
"Bus Drivers",NA,NA,"District Staff","https://www.bssd72.org/page/employment-opportunities","Big Sky School District 72","Apptegy district site (direct board)",2026-09-01,"Source fallback: title + location + posted date (no stable posting URL)","fallback:source-fallbackapptegy district site (direct board)big sky school district 72bus driversdistrict staffNA#1"
"Guest Teachers",NA,NA,"District Staff","https://www.bssd72.org/page/employment-opportunities","Big Sky School District 72","Apptegy district site (direct board)",2026-09-01,"Source fallback: title + location + posted date (no stable posting URL)","fallback:source-fallbackapptegy district site (direct board)big sky school district 72guest teachersdistrict staffNA#1"
"Head Cook",NA,NA,"Melstone","https://www.melstonepublicschools.org/page/employment-opportunities","Melstone Public Schools","Apptegy district site (direct board)",2026-09-01,"Source fallback: title + location + posted date (no stable posting URL)","fallback:source-fallbackapptegy district site (direct board)melstone public schoolshead cookmelstoneNA#1"
"Head Maintenance/Custodian",NA,NA,"Melstone","https://www.melstonepublicschools.org/page/employment-opportunities","Melstone Public Schools","Apptegy district site (direct board)",2026-09-01,"Source fallback: title + location + posted date (no stable posting URL)","fallback:source-fallbackapptegy district site (direct board)melstone public schoolshead maintenance/custodianmelstoneNA#1"
"Substitute Route Bus Drivers/Activity Drivers",NA,NA,"Melstone","https://www.melstonepublicschools.org/page/employment-opportunities","Melstone Public Schools","Apptegy district site (direct board)",2026-09-01,"Source fallback: title + location + posted date (no stable posting URL)","fallback:source-fallbackapptegy district site (direct board)melstone public schoolssubstitute route bus drivers/activity driversmelstoneNA#1"
"Substitute Teachers, Kitchen Staff, Custodian",NA,NA,"Melstone","https://www.melstonepublicschools.org/page/employment-opportunities","Melstone Public Schools","Apptegy district site (direct board)",2026-09-01,"Source fallback: title + location + posted date (no stable posting URL)","fallback:source-fallbackapptegy district site (direct board)melstone public schoolssubstitute teachers, kitchen staff, custodianmelstoneNA#1"
"Elementary Education Teacher",NA,NA,"Certified Positions","https://www.roundup.k12.mt.us/page/roundup-public-schools-employment","Roundup School District","Apptegy district site (direct board)",2026-09-01,"Source fallback: title + location + posted date (no stable posting URL)","fallback:source-fallbackapptegy district site (direct board)roundup school districtelementary education teachercertified positionsNA#1"
"Assistant Volleyball Coach Positions",NA,NA,"Extracurricular Positions","https://www.roundup.k12.mt.us/page/roundup-public-schools-employment","Roundup School District","Apptegy district site (direct board)",2026-09-01,"Source fallback: title + location + posted date (no stable posting URL)","fallback:source-fallbackapptegy district site (direct board)roundup school districtassistant volleyball coach positionsextracurricular positionsNA#1"
"Special Olympics Advisor",NA,NA,"Extracurricular Positions","https://www.roundup.k12.mt.us/page/roundup-public-schools-employment","Roundup School District","Apptegy district site (direct board)",2026-09-01,"Source fallback: title + location + posted date (no stable posting URL)","fallback:source-fallbackapptegy district site (direct board)roundup school districtspecial olympics advisorextracurricular positionsNA#1"
"Play Director & Assistant Play Director",NA,NA,"Extracurricular Positions","https://www.roundup.k12.mt.us/page/roundup-public-schools-employment","Roundup School District","Apptegy district site (direct board)",2026-09-01,"Source fallback: title + location + posted date (no stable posting URL)","fallback:source-fallbackapptegy district site (direct board)roundup school districtplay director & assistant play directorextracurricular positionsNA#1"
"Pep Club Advisor",NA,NA,"Extracurricular Positions","https://www.roundup.k12.mt.us/page/roundup-public-schools-employment","Roundup School District","Apptegy district site (direct board)",2026-09-01,"Source fallback: title + location + posted date (no stable posting URL)","fallback:source-fallbackapptegy district site (direct board)roundup school districtpep club advisorextracurricular positionsNA#1"
"Head and Assistant Track Coach",NA,NA,"Extracurricular Positions","https://www.roundup.k12.mt.us/page/roundup-public-schools-employment","Roundup School District","Apptegy district site (direct board)",2026-09-01,"Source fallback: title + location + posted date (no stable posting URL)","fallback:source-fallbackapptegy district site (direct board)roundup school districthead and assistant track coachextracurricular positionsNA#1"
"Bus Driver",NA,NA,"Classified Positions and Substitutes","https://www.roundup.k12.mt.us/page/roundup-public-schools-employment","Roundup School District","Apptegy district site (direct board)",2026-09-01,"Source fallback: title + location + posted date (no stable posting URL)","fallback:source-fallbackapptegy district site (direct board)roundup school districtbus driverclassified positions and substitutesNA#1"
"Custodian/Housekeeping",NA,NA,"Classified Positions and Substitutes","https://www.roundup.k12.mt.us/page/roundup-public-schools-employment","Roundup School District","Apptegy district site (direct board)",2026-09-01,"Source fallback: title + location + posted date (no stable posting URL)","fallback:source-fallbackapptegy district site (direct board)roundup school districtcustodian/housekeepingclassified positions and substitutesNA#1"
"Bus Aide",NA,NA,"Classified Positions and Substitutes","https://www.roundup.k12.mt.us/page/roundup-public-schools-employment","Roundup School District","Apptegy district site (direct board)",2026-09-01,"Source fallback: title + location + posted date (no stable posting URL)","fallback:source-fallbackapptegy district site (direct board)roundup school districtbus aideclassified positions and substitutesNA#1"
"Head Secretary - Junior High/High School",NA,NA,"Classified Positions and Substitutes","https://www.roundup.k12.mt.us/page/roundup-public-schools-employment","Roundup School District","Apptegy district site (direct board)",2026-09-01,"Source fallback: title + location + posted date (no stable posting URL)","fallback:source-fallbackapptegy district site (direct board)roundup school districthead secretary - junior high/high schoolclassified positions and substitutesNA#1"
"Kitchen Helper",NA,NA,"Classified Positions and Substitutes","https://www.roundup.k12.mt.us/page/roundup-public-schools-employment","Roundup School District","Apptegy district site (direct board)",2026-09-01,"Source fallback: title + location + posted date (no stable posting URL)","fallback:source-fallbackapptegy district site (direct board)roundup school districtkitchen helperclassified positions and substitutesNA#1"
"Substitute Teacher",NA,NA,"Classified Positions and Substitutes","https://www.roundup.k12.mt.us/page/roundup-public-schools-employment","Roundup School District","Apptegy district site (direct board)",2026-09-01,"Source fallback: title + location + posted date (no stable posting URL)","fallback:source-fallbackapptegy district site (direct board)roundup school districtsubstitute teacherclassified positions and substitutesNA#1"
"Substitute Bus Driver",NA,NA,"Classified Positions and Substitutes","https://www.roundup.k12.mt.us/page/roundup-public-schools-employment","Roundup School District","Apptegy district site (direct board)",2026-09-01,"Source fallback: title + location + posted date (no stable posting URL)","fallback:source-fallbackapptegy district site (direct board)roundup school districtsubstitute bus driverclassified positions and substitutesNA#1"
"Counselor",NA,NA,"White Sulphur Springs","https://www.whitesulphur.k12.mt.us/page/employment","White Sulphur Springs Schools","Apptegy district site (direct board)",2026-09-01,"Source fallback: title + location + posted date (no stable posting URL)","fallback:source-fallbackapptegy district site (direct board)white sulphur springs schoolscounselorwhite sulphur springsNA#1"
"Secretary",NA,NA,"White Sulphur Springs","https://www.whitesulphur.k12.mt.us/page/employment","White Sulphur Springs Schools","Apptegy district site (direct board)",2026-09-01,"Source fallback: title + location + posted date (no stable posting URL)","fallback:source-fallbackapptegy district site (direct board)white sulphur springs schoolssecretarywhite sulphur springsNA#1"
"Bus Driver",NA,NA,"White Sulphur Springs","https://www.whitesulphur.k12.mt.us/page/employment","White Sulphur Springs Schools","Apptegy district site (direct board)",2026-09-01,"Source fallback: title + location + posted date (no stable posting URL)","fallback:source-fallbackapptegy district site (direct board)white sulphur springs schoolsbus driverwhite sulphur springsNA#1"
"JH/HS Coaching- VB, JH Boys Basketball",NA,NA,"White Sulphur Springs","https://www.whitesulphur.k12.mt.us/page/employment","White Sulphur Springs Schools","Apptegy district site (direct board)",2026-09-01,"Source fallback: title + location + posted date (no stable posting URL)","fallback:source-fallbackapptegy district site (direct board)white sulphur springs schoolsjh/hs coaching- vb, jh boys basketballwhite sulphur springsNA#1"
"Music",NA,NA,"White Sulphur Springs","https://www.whitesulphur.k12.mt.us/page/employment","White Sulphur Springs Schools","Apptegy district site (direct board)",2026-09-01,"Source fallback: title + location + posted date (no stable posting URL)","fallback:source-fallbackapptegy district site (direct board)white sulphur springs schoolsmusicwhite sulphur springsNA#1"
"PAYROLL SECRETARY",2026-08-13,NA,"Shelby","https://www.shelbypublicschools.org/page/job-opportunites","Shelby School District","Apptegy district site (direct board)",2026-09-01,"Source fallback: title + location + posted date (no stable posting URL)","fallback:source-fallbackapptegy district site (direct board)shelby school districtpayroll secretaryshelby2026-08-13#1"
"PARAPROFESSIONALS",2026-08-13,NA,"Shelby","https://www.shelbypublicschools.org/page/job-opportunites","Shelby School District","Apptegy district site (direct board)",2026-09-01,"Source fallback: title + location + posted date (no stable posting URL)","fallback:source-fallbackapptegy district site (direct board)shelby school districtparaprofessionalsshelby2026-08-13#1"
"CAFETERIA EMPLOYEE",2026-08-13,NA,"Shelby","https://www.shelbypublicschools.org/page/job-opportunites","Shelby School District","Apptegy district site (direct board)",2026-09-01,"Source fallback: title + location + posted date (no stable posting URL)","fallback:source-fallbackapptegy district site (direct board)shelby school districtcafeteria employeeshelby2026-08-13#1"
"ASSISTANT TECHNOLOGY COORDINATOR",2026-08-13,NA,"Shelby","https://www.shelbypublicschools.org/page/job-opportunites","Shelby School District","Apptegy district site (direct board)",2026-09-01,"Source fallback: title + location + posted date (no stable posting URL)","fallback:source-fallbackapptegy district site (direct board)shelby school districtassistant technology coordinatorshelby2026-08-13#1"
"JH Girls' Basketball Coaches",2026-08-13,NA,"Shelby","https://www.shelbypublicschools.org/page/job-opportunites","Shelby School District","Apptegy district site (direct board)",2026-09-01,"Source fallback: title + location + posted date (no stable posting URL)","fallback:source-fallbackapptegy district site (direct board)shelby school districtjh girls' basketball coachesshelby2026-08-13#1"
"JH Assistant Football Coach",2026-08-13,NA,"Shelby","https://www.shelbypublicschools.org/page/job-opportunites","Shelby School District","Apptegy district site (direct board)",2026-09-01,"Source fallback: title + location + posted date (no stable posting URL)","fallback:source-fallbackapptegy district site (direct board)shelby school districtjh assistant football coachshelby2026-08-13#1"
"Industrial Arts/Agriculture Teacher",NA,NA,"Geyser","https://www.geyser.k12.mt.us/District/jobs/297-Job-Opportunities-at-Geyser-School.html","Geyser Public Schools","Apptegy district site (direct board)",2026-09-01,"Stable per-posting URL","url:https://www.geyser.k12.mt.us/district/jobs/297-job-opportunities-at-geyser-school.html"
"Shop/Vo-Ag Teacher",NA,NA,"Sand Coulee","https://www.centerville.k12.mt.us/page/job-openings","Centerville Public Schools","Apptegy district site (direct board)",2026-09-01,"Source fallback: title + location + posted date (no stable posting URL)","fallback:source-fallbackapptegy district site (direct board)centerville public schoolsshop/vo-ag teachersand couleeNA#1"
"Colony Aide",NA,NA,"Sand Coulee","https://www.centerville.k12.mt.us/page/job-openings","Centerville Public Schools","Apptegy district site (direct board)",2026-09-01,"Source fallback: title + location + posted date (no stable posting URL)","fallback:source-fallbackapptegy district site (direct board)centerville public schoolscolony aidesand couleeNA#1"
"Assistant HS Football Coach",NA,NA,"Sand Coulee","https://www.centerville.k12.mt.us/page/job-openings","Centerville Public Schools","Apptegy district site (direct board)",2026-09-01,"Source fallback: title + location + posted date (no stable posting URL)","fallback:source-fallbackapptegy district site (direct board)centerville public schoolsassistant hs football coachsand couleeNA#1"
"Assistant HS Girls Flag Football Coach",NA,NA,"Sand Coulee","https://www.centerville.k12.mt.us/page/job-openings","Centerville Public Schools","Apptegy district site (direct board)",2026-09-01,"Source fallback: title + location + posted date (no stable posting URL)","fallback:source-fallbackapptegy district site (direct board)centerville public schoolsassistant hs girls flag football coachsand couleeNA#1"
".5 FTE Custodian (School year/10 months)",NA,NA,"Arlee","https://www.arleeschools.org/page/employment-opportunities","Arlee Joint School District","Apptegy district site (direct board)",2026-09-01,"Source fallback: title + location + posted date (no stable posting URL)","fallback:source-fallbackapptegy district site (direct board)arlee joint school district.5 fte custodian (school year/10 months)arleeNA#1"
"Elementary Teacher (6th grade)",NA,NA,"Arlee","https://www.arleeschools.org/page/employment-opportunities","Arlee Joint School District","Apptegy district site (direct board)",2026-09-01,"Source fallback: title + location + posted date (no stable posting URL)","fallback:source-fallbackapptegy district site (direct board)arlee joint school districtelementary teacher (6th grade)arleeNA#1"
"Paraprofessionals",NA,NA,"Arlee","https://www.arleeschools.org/page/employment-opportunities","Arlee Joint School District","Apptegy district site (direct board)",2026-09-01,"Source fallback: title + location + posted date (no stable posting URL)","fallback:source-fallbackapptegy district site (direct board)arlee joint school districtparaprofessionalsarleeNA#1"
"HS Math Teacher (1 FTE)",NA,NA,"Arlee","https://www.arleeschools.org/page/employment-opportunities","Arlee Joint School District","Apptegy district site (direct board)",2026-09-01,"Source fallback: title + location + posted date (no stable posting URL)","fallback:source-fallbackapptegy district site (direct board)arlee joint school districths math teacher (1 fte)arleeNA#1"
"Head JH Girls Basketball Coach",NA,NA,"Arlee","https://www.arleeschools.org/page/employment-opportunities","Arlee Joint School District","Apptegy district site (direct board)",2026-09-01,"Source fallback: title + location + posted date (no stable posting URL)","fallback:source-fallbackapptegy district site (direct board)arlee joint school districthead jh girls basketball coacharleeNA#1"
"Assistant JH Girls Basketball Coach",NA,NA,"Arlee","https://www.arleeschools.org/page/employment-opportunities","Arlee Joint School District","Apptegy district site (direct board)",2026-09-01,"Source fallback: title + location + posted date (no stable posting URL)","fallback:source-fallbackapptegy district site (direct board)arlee joint school districtassistant jh girls basketball coacharleeNA#1"
"Substitute Teacher",NA,NA,"Arlee","https://www.arleeschools.org/page/employment-opportunities","Arlee Joint School District","Apptegy district site (direct board)",2026-09-01,"Source fallback: title + location + posted date (no stable posting URL)","fallback:source-fallbackapptegy district site (direct board)arlee joint school districtsubstitute teacherarleeNA#1"
"Substitute Bus Driver",NA,NA,"Arlee","https://www.arleeschools.org/page/employment-opportunities","Arlee Joint School District","Apptegy district site (direct board)",2026-09-01,"Source fallback: title + location + posted date (no stable posting URL)","fallback:source-fallbackapptegy district site (direct board)arlee joint school districtsubstitute bus driverarleeNA#1"
"Grade 6-8 English/Language Arts Teacher",NA,NA,"CURRENT TEACHING AND AIDE OPENINGS","https://www.chinookschools.org/page/employment","Chinook Public Schools","Apptegy district site (direct board)",2026-09-01,"Source fallback: title + location + posted date (no stable posting URL)","fallback:source-fallbackapptegy district site (direct board)chinook public schoolsgrade 6-8 english/language arts teachercurrent teaching and aide openingsNA#1"
"Junior High Wrestling Coach (We need 2)",NA,NA,"ADDITIONAL/EXTRA CURRICULAR OPENINGS","https://www.chinookschools.org/page/employment","Chinook Public Schools","Apptegy district site (direct board)",2026-09-01,"Source fallback: title + location + posted date (no stable posting URL)","fallback:source-fallbackapptegy district site (direct board)chinook public schoolsjunior high wrestling coach (we need 2)additional/extra curricular openingsNA#1"
"Custodian",NA,NA,"CUSTODIAL, KITCHEN, AND OTHER OPENINGS","https://www.chinookschools.org/page/employment","Chinook Public Schools","Apptegy district site (direct board)",2026-09-01,"Source fallback: title + location + posted date (no stable posting URL)","fallback:source-fallbackapptegy district site (direct board)chinook public schoolscustodiancustodial, kitchen, and other openingsNA#1"
"Substitute Teacher",NA,NA,"CUSTODIAL, KITCHEN, AND OTHER OPENINGS","https://www.chinookschools.org/page/employment","Chinook Public Schools","Apptegy district site (direct board)",2026-09-01,"Source fallback: title + location + posted date (no stable posting URL)","fallback:source-fallbackapptegy district site (direct board)chinook public schoolssubstitute teachercustodial, kitchen, and other openingsNA#1"
"Substitute Custodian",NA,NA,"CUSTODIAL, KITCHEN, AND OTHER OPENINGS","https://www.chinookschools.org/page/employment","Chinook Public Schools","Apptegy district site (direct board)",2026-09-01,"Source fallback: title + location + posted date (no stable posting URL)","fallback:source-fallbackapptegy district site (direct board)chinook public schoolssubstitute custodiancustodial, kitchen, and other openingsNA#1"
"Substitute Bus Route Drivers",NA,NA,"CUSTODIAL, KITCHEN, AND OTHER OPENINGS","https://www.chinookschools.org/page/employment","Chinook Public Schools","Apptegy district site (direct board)",2026-09-01,"Source fallback: title + location + posted date (no stable posting URL)","fallback:source-fallbackapptegy district site (direct board)chinook public schoolssubstitute bus route driverscustodial, kitchen, and other openingsNA#1"
"Activity Drivers",NA,NA,"CUSTODIAL, KITCHEN, AND OTHER OPENINGS","https://www.chinookschools.org/page/employment","Chinook Public Schools","Apptegy district site (direct board)",2026-09-01,"Source fallback: title + location + posted date (no stable posting URL)","fallback:source-fallbackapptegy district site (direct board)chinook public schoolsactivity driverscustodial, kitchen, and other openingsNA#1"
"Substitute Bus Driver",NA,NA,"Darby","https://www.darby.k12.mt.us/page/employment","Darby School District 9","Apptegy district site (direct board)",2026-09-01,"Source fallback: title + location + posted date (no stable posting URL)","fallback:source-fallbackapptegy district site (direct board)darby school district 9substitute bus driverdarbyNA#1"
"Substitute Teacher",NA,NA,"Darby","https://www.darby.k12.mt.us/page/employment","Darby School District 9","Apptegy district site (direct board)",2026-09-01,"Source fallback: title + location + posted date (no stable posting URL)","fallback:source-fallbackapptegy district site (direct board)darby school district 9substitute teacherdarbyNA#1"
"High School Varsity Girls Basketball Coach",NA,NA,"Darby","https://www.darby.k12.mt.us/page/employment","Darby School District 9","Apptegy district site (direct board)",2026-09-01,"Source fallback: title + location + posted date (no stable posting URL)","fallback:source-fallbackapptegy district site (direct board)darby school district 9high school varsity girls basketball coachdarbyNA#1"
"Food Service Assistant",NA,NA,"Darby","https://www.darby.k12.mt.us/page/employment","Darby School District 9","Apptegy district site (direct board)",2026-09-01,"Source fallback: title + location + posted date (no stable posting URL)","fallback:source-fallbackapptegy district site (direct board)darby school district 9food service assistantdarbyNA#1"
"Transportation Supervisor or Technician",NA,NA,"Darby","https://www.darby.k12.mt.us/page/employment","Darby School District 9","Apptegy district site (direct board)",2026-09-01,"Source fallback: title + location + posted date (no stable posting URL)","fallback:source-fallbackapptegy district site (direct board)darby school district 9transportation supervisor or techniciandarbyNA#1"
"Nigh Custodian",NA,NA,"Darby","https://www.darby.k12.mt.us/page/employment","Darby School District 9","Apptegy district site (direct board)",2026-09-01,"Source fallback: title + location + posted date (no stable posting URL)","fallback:source-fallbackapptegy district site (direct board)darby school district 9nigh custodiandarbyNA#1"
"Route and Relief School Bus Drivers",NA,NA,"Dutton","https://dbps.k12.mt.us/page/careers","Dutton/Brady Public School District","Apptegy district site (direct board)",2026-09-01,"Source fallback: title + location + posted date (no stable posting URL)","fallback:source-fallbackapptegy district site (direct board)dutton/brady public school districtroute and relief school bus driversduttonNA#1"
"Substitute Teachers",NA,NA,"Dutton","https://dbps.k12.mt.us/page/careers","Dutton/Brady Public School District","Apptegy district site (direct board)",2026-09-01,"Source fallback: title + location + posted date (no stable posting URL)","fallback:source-fallbackapptegy district site (direct board)dutton/brady public school districtsubstitute teachersduttonNA#1"
"Paraprofessional - Elem, Middle & High Positions Available!",NA,NA,NA,"https://jobs.redroverk12.com/org/2261","St. Ignatius School District","Apptegy district site (direct board)",2026-09-01,"Source fallback: title + location + posted date (no stable posting URL)","fallback:source-fallbackapptegy district site (direct board)st. ignatius school districtparaprofessional - elem, middle & high positions available!NANA#1"
"Salish Teacher",NA,NA,"St. Ignatius High School","https://jobs.redroverk12.com/org/2261","St. Ignatius School District","Apptegy district site (direct board)",2026-09-01,"Source fallback: title + location + posted date (no stable posting URL)","fallback:source-fallbackapptegy district site (direct board)st. ignatius school districtsalish teacherst. ignatius high schoolNA#1"
"Special Ed K-12",NA,NA,NA,"https://jobs.redroverk12.com/org/2261","St. Ignatius School District","Apptegy district site (direct board)",2026-09-01,"Source fallback: title + location + posted date (no stable posting URL)","fallback:source-fallbackapptegy district site (direct board)st. ignatius school districtspecial ed k-12NANA#1"
"Substitute Teacher",NA,NA,NA,"https://jobs.redroverk12.com/org/2261","St. Ignatius School District","Apptegy district site (direct board)",2026-09-01,"Source fallback: title + location + posted date (no stable posting URL)","fallback:source-fallbackapptegy district site (direct board)st. ignatius school districtsubstitute teacherNANA#1"
"Business Manager/District Clerk",NA,NA,"Stanford","https://www.stanfordmtschool.com/page/employment","Stanford Public Schools","Apptegy district site (direct board)",2026-09-01,"Source fallback: title + location + posted date (no stable posting URL)","fallback:source-fallbackapptegy district site (direct board)stanford public schoolsbusiness manager/district clerkstanfordNA#1"
"School Secretary",NA,NA,"Stanford","https://www.stanfordmtschool.com/page/employment","Stanford Public Schools","Apptegy district site (direct board)",2026-09-01,"Source fallback: title + location + posted date (no stable posting URL)","fallback:source-fallbackapptegy district site (direct board)stanford public schoolsschool secretarystanfordNA#1"
"CTE – Agricultural Education",NA,NA,"Stanford","https://www.stanfordmtschool.com/page/employment","Stanford Public Schools","Apptegy district site (direct board)",2026-09-01,"Source fallback: title + location + posted date (no stable posting URL)","fallback:source-fallbackapptegy district site (direct board)stanford public schoolscte – agricultural educationstanfordNA#1"
"K-8 Elementary Teacher",NA,NA,"Stanford","https://www.stanfordmtschool.com/page/employment","Stanford Public Schools","Apptegy district site (direct board)",2026-09-01,"Source fallback: title + location + posted date (no stable posting URL)","fallback:source-fallbackapptegy district site (direct board)stanford public schoolsk-8 elementary teacherstanfordNA#1"
"Bus Drivers- Non CDL & CDL",NA,NA,"Stanford","https://www.stanfordmtschool.com/page/employment","Stanford Public Schools","Apptegy district site (direct board)",2026-09-01,"Source fallback: title + location + posted date (no stable posting URL)","fallback:source-fallbackapptegy district site (direct board)stanford public schoolsbus drivers- non cdl & cdlstanfordNA#1"
"Substitute Teachers",NA,NA,"Stanford","https://www.stanfordmtschool.com/page/employment","Stanford Public Schools","Apptegy district site (direct board)",2026-09-01,"Source fallback: title + location + posted date (no stable posting URL)","fallback:source-fallbackapptegy district site (direct board)stanford public schoolssubstitute teachersstanfordNA#1"
"General Music & Band Long Term Substitute",NA,NA,"Lolo","https://www.loloschools.org/page/employment","Lolo School District 7","Apptegy district site (direct board)",2026-09-01,"Source fallback: title + location + posted date (no stable posting URL)","fallback:source-fallbackapptegy district site (direct board)lolo school district 7general music & band long term substituteloloNA#1"
"Foreign Language Teacher (.33)",NA,NA,"Lolo","https://www.loloschools.org/page/employment","Lolo School District 7","Apptegy district site (direct board)",2026-09-01,"Source fallback: title + location + posted date (no stable posting URL)","fallback:source-fallbackapptegy district site (direct board)lolo school district 7foreign language teacher (.33)loloNA#1"
"Paraprofessional position(s)",NA,NA,"Lolo","https://www.loloschools.org/page/employment","Lolo School District 7","Apptegy district site (direct board)",2026-09-01,"Source fallback: title + location + posted date (no stable posting URL)","fallback:source-fallbackapptegy district site (direct board)lolo school district 7paraprofessional position(s)loloNA#1"
"Midday Aide position",NA,NA,"Lolo","https://www.loloschools.org/page/employment","Lolo School District 7","Apptegy district site (direct board)",2026-09-01,"Source fallback: title + location + posted date (no stable posting URL)","fallback:source-fallbackapptegy district site (direct board)lolo school district 7midday aide positionloloNA#1"
"Counselor",NA,NA,"Froid","https://www.froidschool.com/page/open-positionsapplications","Froid Public Schools","Apptegy district site (direct board)",2026-09-01,"Source fallback: title + location + posted date (no stable posting URL)","fallback:source-fallbackapptegy district site (direct board)froid public schoolscounselorfroidNA#1"
"Substitute Teachers",NA,NA,"Froid","https://www.froidschool.com/page/open-positionsapplications","Froid Public Schools","Apptegy district site (direct board)",2026-09-01,"Source fallback: title + location + posted date (no stable posting URL)","fallback:source-fallbackapptegy district site (direct board)froid public schoolssubstitute teachersfroidNA#1"
"Substitute Bus Driver",NA,NA,"Froid","https://www.froidschool.com/page/open-positionsapplications","Froid Public Schools","Apptegy district site (direct board)",2026-09-01,"Source fallback: title + location + posted date (no stable posting URL)","fallback:source-fallbackapptegy district site (direct board)froid public schoolssubstitute bus driverfroidNA#1"
"K-6 Music Teacher",NA,NA,"Huntley Project","https://www.huntley.k12.mt.us/page/employment-opportunities","Huntley Project School District","Apptegy district site (direct board)",2026-09-01,"Source fallback: title + location + posted date (no stable posting URL)","fallback:source-fallbackapptegy district site (direct board)huntley project school districtk-6 music teacherhuntley projectNA#1"
"Bus Drivers- Must have a CDL with a school bus passenger endorsement.",NA,NA,"Huntley Project","https://www.huntley.k12.mt.us/page/employment-opportunities","Huntley Project School District","Apptegy district site (direct board)",2026-09-01,"Source fallback: title + location + posted date (no stable posting URL)","fallback:source-fallbackapptegy district site (direct board)huntley project school districtbus drivers- must have a cdl with a school bus passenger endorsement.huntley projectNA#1"
"Full Time Custodian",NA,NA,"Huntley Project","https://www.huntley.k12.mt.us/page/employment-opportunities","Huntley Project School District","Apptegy district site (direct board)",2026-09-01,"Source fallback: title + location + posted date (no stable posting URL)","fallback:source-fallbackapptegy district site (direct board)huntley project school districtfull time custodianhuntley projectNA#1"
"Substitutes",NA,NA,"Huntley Project","https://www.huntley.k12.mt.us/page/employment-opportunities","Huntley Project School District","Apptegy district site (direct board)",2026-09-01,"Source fallback: title + location + posted date (no stable posting URL)","fallback:source-fallbackapptegy district site (direct board)huntley project school districtsubstituteshuntley projectNA#1"
"Junior High Wrestling Coach",NA,NA,"Huntley Project","https://www.huntley.k12.mt.us/page/employment-opportunities","Huntley Project School District","Apptegy district site (direct board)",2026-09-01,"Source fallback: title + location + posted date (no stable posting URL)","fallback:source-fallbackapptegy district site (direct board)huntley project school districtjunior high wrestling coachhuntley projectNA#1"
"Substitute Teachers",NA,NA,"Park City","https://www.parkcityschools.org/page/employment-information","Park City Schools","Apptegy district site (direct board)",2026-09-01,"Source fallback: title + location + posted date (no stable posting URL)","fallback:source-fallbackapptegy district site (direct board)park city schoolssubstitute teacherspark cityNA#1"
"Various Substitutes",NA,NA,"Park City","https://www.parkcityschools.org/page/employment-information","Park City Schools","Apptegy district site (direct board)",2026-09-01,"Source fallback: title + location + posted date (no stable posting URL)","fallback:source-fallbackapptegy district site (direct board)park city schoolsvarious substitutespark cityNA#1"
"Varsity Girls' Basketball: Head + Assistant Coach",NA,NA,"Alberton","https://www.alberton.k12.mt.us/page/employment-opportunities","Alberton School District","Apptegy district site (direct board)",2026-09-01,"Source fallback: title + location + posted date (no stable posting URL)","fallback:source-fallbackapptegy district site (direct board)alberton school districtvarsity girls' basketball: head + assistant coachalbertonNA#1"
"Substitute Teachers",NA,NA,"Alberton","https://www.alberton.k12.mt.us/page/employment-opportunities","Alberton School District","Apptegy district site (direct board)",2026-09-01,"Source fallback: title + location + posted date (no stable posting URL)","fallback:source-fallbackapptegy district site (direct board)alberton school districtsubstitute teachersalbertonNA#1"
"Para Professional Vacancy Announcement",NA,NA,"Dillon","https://www.dillonschools.org/page/employment-opportunities","Dillon School District 10","Apptegy district site (direct board)",2026-09-01,"Source fallback: title + location + posted date (no stable posting URL)","fallback:source-fallbackapptegy district site (direct board)dillon school district 10para professional vacancy announcementdillonNA#1"
"Food Service- Baker",NA,NA,"Dillon","https://www.dillonschools.org/page/employment-opportunities","Dillon School District 10","Apptegy district site (direct board)",2026-09-01,"Source fallback: title + location + posted date (no stable posting URL)","fallback:source-fallbackapptegy district site (direct board)dillon school district 10food service- bakerdillonNA#1"
"Substitute/Guest Teachers Needed",NA,NA,"Dillon","https://www.dillonschools.org/page/employment-opportunities","Dillon School District 10","Apptegy district site (direct board)",2026-09-01,"Source fallback: title + location + posted date (no stable posting URL)","fallback:source-fallbackapptegy district site (direct board)dillon school district 10substitute/guest teachers neededdillonNA#1"
"Assistant Cook",NA,NA,"Ennis","https://www.ennisschools.org/page/job-opportunities","Ennis Schools","Apptegy district site (direct board)",2026-09-01,"Source fallback: title + location + posted date (no stable posting URL)","fallback:source-fallbackapptegy district site (direct board)ennis schoolsassistant cookennisNA#1"
"Custodian",NA,NA,"Ennis","https://www.ennisschools.org/page/job-opportunities","Ennis Schools","Apptegy district site (direct board)",2026-09-01,"Source fallback: title + location + posted date (no stable posting URL)","fallback:source-fallbackapptegy district site (direct board)ennis schoolscustodianennisNA#1"
"Sixth Grade Volleyball",NA,NA,"Ennis","https://www.ennisschools.org/page/job-opportunities","Ennis Schools","Apptegy district site (direct board)",2026-09-01,"Source fallback: title + location + posted date (no stable posting URL)","fallback:source-fallbackapptegy district site (direct board)ennis schoolssixth grade volleyballennisNA#1"
"High School Wrestling Head Coach",NA,NA,"Ennis","https://www.ennisschools.org/page/job-opportunities","Ennis Schools","Apptegy district site (direct board)",2026-09-01,"Source fallback: title + location + posted date (no stable posting URL)","fallback:source-fallbackapptegy district site (direct board)ennis schoolshigh school wrestling head coachennisNA#1"
"Seventh Grade Volleyball",NA,NA,"Ennis","https://www.ennisschools.org/page/job-opportunities","Ennis Schools","Apptegy district site (direct board)",2026-09-01,"Source fallback: title + location + posted date (no stable posting URL)","fallback:source-fallbackapptegy district site (direct board)ennis schoolsseventh grade volleyballennisNA#1"
"Facilities Technician",NA,NA,"Columbus","https://columbuscougars.com/page/district-employment","Columbus Public Schools","Apptegy district site (direct board)",2026-09-01,"Source fallback: title + location + posted date (no stable posting URL)","fallback:source-fallbackapptegy district site (direct board)columbus public schoolsfacilities techniciancolumbusNA#1"
"Substitute",NA,NA,"Columbus","https://columbuscougars.com/page/district-employment","Columbus Public Schools","Apptegy district site (direct board)",2026-09-01,"Source fallback: title + location + posted date (no stable posting URL)","fallback:source-fallbackapptegy district site (direct board)columbus public schoolssubstitutecolumbusNA#1"
"JH Football: Head Coach",NA,NA,"St Regis","https://www.stregisschool.org/page/employment","St Regis School District","Apptegy district site (direct board)",2026-09-01,"Source fallback: title + location + posted date (no stable posting URL)","fallback:source-fallbackapptegy district site (direct board)st regis school districtjh football: head coachst regisNA#1"
"JH Football: Asst. Coach",NA,NA,"St Regis","https://www.stregisschool.org/page/employment","St Regis School District","Apptegy district site (direct board)",2026-09-01,"Source fallback: title + location + posted date (no stable posting URL)","fallback:source-fallbackapptegy district site (direct board)st regis school districtjh football: asst. coachst regisNA#1"
"JH Volleyball: Asst. Coach",NA,NA,"St Regis","https://www.stregisschool.org/page/employment","St Regis School District","Apptegy district site (direct board)",2026-09-01,"Source fallback: title + location + posted date (no stable posting URL)","fallback:source-fallbackapptegy district site (direct board)st regis school districtjh volleyball: asst. coachst regisNA#1"
"JH Boys Basketball: Asst. Coach",NA,NA,"St Regis","https://www.stregisschool.org/page/employment","St Regis School District","Apptegy district site (direct board)",2026-09-01,"Source fallback: title + location + posted date (no stable posting URL)","fallback:source-fallbackapptegy district site (direct board)st regis school districtjh boys basketball: asst. coachst regisNA#1"
"Ticket Seller: Winter Season (Basketball)",NA,NA,"St Regis","https://www.stregisschool.org/page/employment","St Regis School District","Apptegy district site (direct board)",2026-09-01,"Source fallback: title + location + posted date (no stable posting URL)","fallback:source-fallbackapptegy district site (direct board)st regis school districtticket seller: winter season (basketball)st regisNA#1"
"FFA Advisor",NA,NA,"St Regis","https://www.stregisschool.org/page/employment","St Regis School District","Apptegy district site (direct board)",2026-09-01,"Source fallback: title + location + posted date (no stable posting URL)","fallback:source-fallbackapptegy district site (direct board)st regis school districtffa advisorst regisNA#1"
"Bus Route Driver",NA,NA,"St Regis","https://www.stregisschool.org/page/employment","St Regis School District","Apptegy district site (direct board)",2026-09-01,"Source fallback: title + location + posted date (no stable posting URL)","fallback:source-fallbackapptegy district site (direct board)st regis school districtbus route driverst regisNA#1"
"Groundskeeper",NA,NA,"St Regis","https://www.stregisschool.org/page/employment","St Regis School District","Apptegy district site (direct board)",2026-09-01,"Source fallback: title + location + posted date (no stable posting URL)","fallback:source-fallbackapptegy district site (direct board)st regis school districtgroundskeeperst regisNA#1"
"Substitute Kitchen Helper position",NA,NA,"St Regis","https://www.stregisschool.org/page/employment","St Regis School District","Apptegy district site (direct board)",2026-09-01,"Source fallback: title + location + posted date (no stable posting URL)","fallback:source-fallbackapptegy district site (direct board)st regis school districtsubstitute kitchen helper positionst regisNA#1"
"Substitute Janitor position",NA,NA,"St Regis","https://www.stregisschool.org/page/employment","St Regis School District","Apptegy district site (direct board)",2026-09-01,"Source fallback: title + location + posted date (no stable posting URL)","fallback:source-fallbackapptegy district site (direct board)st regis school districtsubstitute janitor positionst regisNA#1"
"Substitute Groundskeeper position",NA,NA,"St Regis","https://www.stregisschool.org/page/employment","St Regis School District","Apptegy district site (direct board)",2026-09-01,"Source fallback: title + location + posted date (no stable posting URL)","fallback:source-fallbackapptegy district site (direct board)st regis school districtsubstitute groundskeeper positionst regisNA#1"
"Substitute Teacher position",NA,NA,"St Regis","https://www.stregisschool.org/page/employment","St Regis School District","Apptegy district site (direct board)",2026-09-01,"Source fallback: title + location + posted date (no stable posting URL)","fallback:source-fallbackapptegy district site (direct board)st regis school districtsubstitute teacher positionst regisNA#1"
"Substitute Paraprofessional position",NA,NA,"St Regis","https://www.stregisschool.org/page/employment","St Regis School District","Apptegy district site (direct board)",2026-09-01,"Source fallback: title + location + posted date (no stable posting URL)","fallback:source-fallbackapptegy district site (direct board)st regis school districtsubstitute paraprofessional positionst regisNA#1"
"Substitute Bus Driver",NA,NA,"St Regis","https://www.stregisschool.org/page/employment","St Regis School District","Apptegy district site (direct board)",2026-09-01,"Source fallback: title + location + posted date (no stable posting URL)","fallback:source-fallbackapptegy district site (direct board)st regis school districtsubstitute bus driverst regisNA#1"
"HIGH SCHOOL COUNSELOR",NA,NA,"Florence-Carlton","https://www.florencecarlton.org/page/available-positions-equal-employment-equal-education","Florence-Carlton School District 15-6","Apptegy district site (direct board)",2026-09-01,"Source fallback: title + location + posted date (no stable posting URL)","fallback:source-fallbackapptegy district site (direct board)florence-carlton school district 15-6high school counselorflorence-carltonNA#1"
"SEEKING TWO (2) EVENING SHIFT SCHOOL CUSTODIANS AND ONE (1) MID SHIFT SCHOOL CUSTODIAN",NA,NA,"Florence-Carlton","https://www.florencecarlton.org/page/available-positions-equal-employment-equal-education","Florence-Carlton School District 15-6","Apptegy district site (direct board)",2026-09-01,"Source fallback: title + location + posted date (no stable posting URL)","fallback:source-fallbackapptegy district site (direct board)florence-carlton school district 15-6seeking two (2) evening shift school custodians and one (1) mid shift school custodianflorence-carltonNA#1"
"SEEKING A MIDDLE SCHOOL GIRLS BASKETBALL COACH FOR THE 2026-27 SCHOOL YEAR",NA,NA,"Florence-Carlton","https://www.florencecarlton.org/page/available-positions-equal-employment-equal-education","Florence-Carlton School District 15-6","Apptegy district site (direct board)",2026-09-01,"Source fallback: title + location + posted date (no stable posting URL)","fallback:source-fallbackapptegy district site (direct board)florence-carlton school district 15-6seeking a middle school girls basketball coach for the 2026-27 school yearflorence-carltonNA#1"
"SEEKING A HIGH SCHOOL GIRLS WRESTLING ASSISTANT COACH FOR THE 2026-27 SCHOOL YEAR",NA,NA,"Florence-Carlton","https://www.florencecarlton.org/page/available-positions-equal-employment-equal-education","Florence-Carlton School District 15-6","Apptegy district site (direct board)",2026-09-01,"Source fallback: title + location + posted date (no stable posting URL)","fallback:source-fallbackapptegy district site (direct board)florence-carlton school district 15-6seeking a high school girls wrestling assistant coach for the 2026-27 school yearflorence-carltonNA#1"
"SEEKING A MIDDLE SCHOOL TRACK COACH FOR THE 2026-27 SCHOOL YEAR",NA,NA,"Florence-Carlton","https://www.florencecarlton.org/page/available-positions-equal-employment-equal-education","Florence-Carlton School District 15-6","Apptegy district site (direct board)",2026-09-01,"Source fallback: title + location + posted date (no stable posting URL)","fallback:source-fallbackapptegy district site (direct board)florence-carlton school district 15-6seeking a middle school track coach for the 2026-27 school yearflorence-carltonNA#1"
"Substitute Teachers",NA,NA,"Florence-Carlton","https://www.florencecarlton.org/page/available-positions-equal-employment-equal-education","Florence-Carlton School District 15-6","Apptegy district site (direct board)",2026-09-01,"Source fallback: title + location + posted date (no stable posting URL)","fallback:source-fallbackapptegy district site (direct board)florence-carlton school district 15-6substitute teachersflorence-carltonNA#1"
"Substitute Paraprofessionals",NA,NA,"Florence-Carlton","https://www.florencecarlton.org/page/available-positions-equal-employment-equal-education","Florence-Carlton School District 15-6","Apptegy district site (direct board)",2026-09-01,"Source fallback: title + location + posted date (no stable posting URL)","fallback:source-fallbackapptegy district site (direct board)florence-carlton school district 15-6substitute paraprofessionalsflorence-carltonNA#1"
"Substitute Food Service Workers",NA,NA,"Florence-Carlton","https://www.florencecarlton.org/page/available-positions-equal-employment-equal-education","Florence-Carlton School District 15-6","Apptegy district site (direct board)",2026-09-01,"Source fallback: title + location + posted date (no stable posting URL)","fallback:source-fallbackapptegy district site (direct board)florence-carlton school district 15-6substitute food service workersflorence-carltonNA#1"
"Substitute Custodians",NA,NA,"Florence-Carlton","https://www.florencecarlton.org/page/available-positions-equal-employment-equal-education","Florence-Carlton School District 15-6","Apptegy district site (direct board)",2026-09-01,"Source fallback: title + location + posted date (no stable posting URL)","fallback:source-fallbackapptegy district site (direct board)florence-carlton school district 15-6substitute custodiansflorence-carltonNA#1"
"Food Service Worker (Can be temporary position Oct. 2026-Dec 2026)",NA,NA,"West Yellowstone","https://wolverine.life/page/employment-opportunities","West Yellowstone School District","Apptegy district site (direct board)",2026-09-01,"Source fallback: title + location + posted date (no stable posting URL)","fallback:source-fallbackapptegy district site (direct board)west yellowstone school districtfood service worker (can be temporary position oct. 2026-dec 2026)west yellowstoneNA#1"
"SPED paraprofessionals",NA,NA,"West Yellowstone","https://wolverine.life/page/employment-opportunities","West Yellowstone School District","Apptegy district site (direct board)",2026-09-01,"Source fallback: title + location + posted date (no stable posting URL)","fallback:source-fallbackapptegy district site (direct board)west yellowstone school districtsped paraprofessionalswest yellowstoneNA#1"
"Substitute Teachers",NA,NA,"West Yellowstone","https://wolverine.life/page/employment-opportunities","West Yellowstone School District","Apptegy district site (direct board)",2026-09-01,"Source fallback: title + location + posted date (no stable posting URL)","fallback:source-fallbackapptegy district site (direct board)west yellowstone school districtsubstitute teacherswest yellowstoneNA#1"
"Volunteers",NA,NA,"West Yellowstone","https://wolverine.life/page/employment-opportunities","West Yellowstone School District","Apptegy district site (direct board)",2026-09-01,"Source fallback: title + location + posted date (no stable posting URL)","fallback:source-fallbackapptegy district site (direct board)west yellowstone school districtvolunteerswest yellowstoneNA#1"
"Extra-Curricular Positions for 2026-2027 School Year",NA,NA,"West Yellowstone","https://wolverine.life/page/employment-opportunities","West Yellowstone School District","Apptegy district site (direct board)",2026-09-01,"Source fallback: title + location + posted date (no stable posting URL)","fallback:source-fallbackapptegy district site (direct board)west yellowstone school districtextra-curricular positions for 2026-2027 school yearwest yellowstoneNA#1"
"Substitute Teachers, always hiring!",NA,NA,"Bonner","https://www.bonner.k12.mt.us/o/bonner-school-district-14/page/employment","Bonner School District #14","Apptegy district site (direct board)",2026-09-01,"Source fallback: title + location + posted date (no stable posting URL)","fallback:source-fallbackapptegy district site (direct board)bonner school district #14substitute teachers, always hiring!bonnerNA#1"
"Substitute Teacher Application (Pay DOE)",NA,NA,"Deer Park","https://www.deerpark.k12.mt.us/page/employment-opportunities","Deer Park School District","Apptegy district site (direct board)",2026-09-01,"Source fallback: title + location + posted date (no stable posting URL)","fallback:source-fallbackapptegy district site (direct board)deer park school districtsubstitute teacher application (pay doe)deer parkNA#1"
"Paraprofessional",NA,NA,"Evergreen","https://www.evergreensd50.com/page/employment-opportunities","Evergreen School District #50","Apptegy district site (direct board)",2026-09-01,"Source fallback: title + location + posted date (no stable posting URL)","fallback:source-fallbackapptegy district site (direct board)evergreen school district #50paraprofessionalevergreenNA#1"
"Substitutes",NA,NA,"Evergreen","https://www.evergreensd50.com/page/employment-opportunities","Evergreen School District #50","Apptegy district site (direct board)",2026-09-01,"Source fallback: title + location + posted date (no stable posting URL)","fallback:source-fallbackapptegy district site (direct board)evergreen school district #50substitutesevergreenNA#1"
"Bus Driver",NA,NA,"Evergreen","https://www.evergreensd50.com/page/employment-opportunities","Evergreen School District #50","Apptegy district site (direct board)",2026-09-01,"Source fallback: title + location + posted date (no stable posting URL)","fallback:source-fallbackapptegy district site (direct board)evergreen school district #50bus driverevergreenNA#1"
"Special Education Paraprofessional",NA,NA,"Lone Rock","https://www.lonerockschool.org/page/employment","Lone Rock School District","Apptegy district site (direct board)",2026-09-01,"Source fallback: title + location + posted date (no stable posting URL)","fallback:source-fallbackapptegy district site (direct board)lone rock school districtspecial education paraprofessionallone rockNA#1"
"Nurse",2026-08-28,NA,"Harlem","https://apps.opi.mt.gov/mtjobsforteachers/frmJobListingPublic.aspx","Harlem","OPI Jobs for Teachers (statewide)",2026-09-01,"OPI fallback: title + raw location + posted date (not a stable OPI ID)","fallback:opi-fallbackopi jobs for teachers (statewide)harlemnurseharlem2026-08-28#1"
"Mathematics",2026-08-28,NA,"Harlem","https://apps.opi.mt.gov/mtjobsforteachers/frmJobListingPublic.aspx","Harlem","OPI Jobs for Teachers (statewide)",2026-09-01,"OPI fallback: title + raw location + posted date (not a stable OPI ID)","fallback:opi-fallbackopi jobs for teachers (statewide)harlemmathematicsharlem2026-08-28#1"
"Elementary Curriculum",2026-08-28,NA,"Bozeman Area","https://apps.opi.mt.gov/mtjobsforteachers/frmJobListingPublic.aspx","Bozeman Area","OPI Jobs for Teachers (statewide)",2026-09-01,"OPI fallback: title + raw location + posted date (not a stable OPI ID)","fallback:opi-fallbackopi jobs for teachers (statewide)bozeman areaelementary curriculumbozeman area2026-08-28#1"
"Speech-Language Pathologist",2026-08-28,NA,"Columbus","https://apps.opi.mt.gov/mtjobsforteachers/frmJobListingPublic.aspx","Columbus","OPI Jobs for Teachers (statewide)",2026-09-01,"OPI fallback: title + raw location + posted date (not a stable OPI ID)","fallback:opi-fallbackopi jobs for teachers (statewide)columbusspeech-language pathologistcolumbus2026-08-28#1"
"Administrative - Other",2026-08-28,NA,"Glendive","https://apps.opi.mt.gov/mtjobsforteachers/frmJobListingPublic.aspx","Glendive","OPI Jobs for Teachers (statewide)",2026-09-01,"OPI fallback: title + raw location + posted date (not a stable OPI ID)","fallback:opi-fallbackopi jobs for teachers (statewide)glendiveadministrative - otherglendive2026-08-28#1"
"Administrative - Other",2026-08-27,NA,"Lame Deer","https://apps.opi.mt.gov/mtjobsforteachers/frmJobListingPublic.aspx","Lame Deer","OPI Jobs for Teachers (statewide)",2026-09-01,"OPI fallback: title + raw location + posted date (not a stable OPI ID)","fallback:opi-fallbackopi jobs for teachers (statewide)lame deeradministrative - otherlame deer2026-08-27#1"
"Special Education",2026-08-27,NA,"Broadus","https://apps.opi.mt.gov/mtjobsforteachers/frmJobListingPublic.aspx","Broadus","OPI Jobs for Teachers (statewide)",2026-09-01,"OPI fallback: title + raw location + posted date (not a stable OPI ID)","fallback:opi-fallbackopi jobs for teachers (statewide)broadusspecial educationbroadus2026-08-27#1"
"Mathematics",2026-08-27,NA,"Lame Deer","https://apps.opi.mt.gov/mtjobsforteachers/frmJobListingPublic.aspx","Lame Deer","OPI Jobs for Teachers (statewide)",2026-09-01,"OPI fallback: title + raw location + posted date (not a stable OPI ID)","fallback:opi-fallbackopi jobs for teachers (statewide)lame deermathematicslame deer2026-08-27#1"
"Other",2026-08-27,NA,"Billings","https://apps.opi.mt.gov/mtjobsforteachers/frmJobListingPublic.aspx","Billings","OPI Jobs for Teachers (statewide)",2026-09-01,"OPI fallback: title + raw location + posted date (not a stable OPI ID)","fallback:opi-fallbackopi jobs for teachers (statewide)billingsotherbillings2026-08-27#1"
"Science (Broadfield)",2026-08-26,NA,"Harrison","https://apps.opi.mt.gov/mtjobsforteachers/frmJobListingPublic.aspx","Harrison","OPI Jobs for Teachers (statewide)",2026-09-01,"OPI fallback: title + raw location + posted date (not a stable OPI ID)","fallback:opi-fallbackopi jobs for teachers (statewide)harrisonscience (broadfield)harrison2026-08-26#1"
"Paraprofessional - Instructional",2026-08-26,NA,"Ryegate","https://apps.opi.mt.gov/mtjobsforteachers/frmJobListingPublic.aspx","Ryegate","OPI Jobs for Teachers (statewide)",2026-09-01,"OPI fallback: title + raw location + posted date (not a stable OPI ID)","fallback:opi-fallbackopi jobs for teachers (statewide)ryegateparaprofessional - instructionalryegate2026-08-26#1"
"Paraprofessional - Instructional",2026-08-26,NA,"Stevensville","https://apps.opi.mt.gov/mtjobsforteachers/frmJobListingPublic.aspx","Stevensville","OPI Jobs for Teachers (statewide)",2026-09-01,"OPI fallback: title + raw location + posted date (not a stable OPI ID)","fallback:opi-fallbackopi jobs for teachers (statewide)stevensvilleparaprofessional - instructionalstevensville2026-08-26#1"
"Music",2026-08-26,NA,"Missoula","https://apps.opi.mt.gov/mtjobsforteachers/frmJobListingPublic.aspx","Missoula","OPI Jobs for Teachers (statewide)",2026-09-01,"OPI fallback: title + raw location + posted date (not a stable OPI ID)","fallback:opi-fallbackopi jobs for teachers (statewide)missoulamusicmissoula2026-08-26#1"
"Elementary Curriculum",2026-08-25,NA,"Judith Gap","https://apps.opi.mt.gov/mtjobsforteachers/frmJobListingPublic.aspx","Judith Gap","OPI Jobs for Teachers (statewide)",2026-09-01,"OPI fallback: title + raw location + posted date (not a stable OPI ID)","fallback:opi-fallbackopi jobs for teachers (statewide)judith gapelementary curriculumjudith gap2026-08-25#1"
"Science (Broadfield)",2026-08-25,NA,"Missoula","https://apps.opi.mt.gov/mtjobsforteachers/frmJobListingPublic.aspx","Missoula","OPI Jobs for Teachers (statewide)",2026-09-01,"OPI fallback: title + raw location + posted date (not a stable OPI ID)","fallback:opi-fallbackopi jobs for teachers (statewide)missoulascience (broadfield)missoula2026-08-25#1"
"Music",2026-08-24,NA,"Jordan","https://apps.opi.mt.gov/mtjobsforteachers/frmJobListingPublic.aspx","Jordan","OPI Jobs for Teachers (statewide)",2026-09-01,"OPI fallback: title + raw location + posted date (not a stable OPI ID)","fallback:opi-fallbackopi jobs for teachers (statewide)jordanmusicjordan2026-08-24#1"
"School Counseling",2026-08-24,NA,"Florence","https://apps.opi.mt.gov/mtjobsforteachers/frmJobListingPublic.aspx","Florence","OPI Jobs for Teachers (statewide)",2026-09-01,"OPI fallback: title + raw location + posted date (not a stable OPI ID)","fallback:opi-fallbackopi jobs for teachers (statewide)florenceschool counselingflorence2026-08-24#1"
"Administrative - Principal",2026-08-24,NA,"Lame Deer","https://apps.opi.mt.gov/mtjobsforteachers/frmJobListingPublic.aspx","Lame Deer","OPI Jobs for Teachers (statewide)",2026-09-01,"OPI fallback: title + raw location + posted date (not a stable OPI ID)","fallback:opi-fallbackopi jobs for teachers (statewide)lame deeradministrative - principallame deer2026-08-24#1"
"Physical Ed",2026-08-20,NA,"Manhattan (Amsterdam)","https://apps.opi.mt.gov/mtjobsforteachers/frmJobListingPublic.aspx","Manhattan (Amsterdam)","OPI Jobs for Teachers (statewide)",2026-09-01,"OPI fallback: title + raw location + posted date (not a stable OPI ID)","fallback:opi-fallbackopi jobs for teachers (statewide)manhattan (amsterdam)physical edmanhattan (amsterdam)2026-08-20#1"
"Mathematics",2026-08-20,NA,"Laurel","https://apps.opi.mt.gov/mtjobsforteachers/frmJobListingPublic.aspx","Laurel","OPI Jobs for Teachers (statewide)",2026-09-01,"OPI fallback: title + raw location + posted date (not a stable OPI ID)","fallback:opi-fallbackopi jobs for teachers (statewide)laurelmathematicslaurel2026-08-20#1"
"Elementary Curriculum",2026-08-20,NA,"Arlee","https://apps.opi.mt.gov/mtjobsforteachers/frmJobListingPublic.aspx","Arlee","OPI Jobs for Teachers (statewide)",2026-09-01,"OPI fallback: title + raw location + posted date (not a stable OPI ID)","fallback:opi-fallbackopi jobs for teachers (statewide)arleeelementary curriculumarlee2026-08-20#1"
"Elementary Curriculum",2026-08-20,NA,"Arlee","https://apps.opi.mt.gov/mtjobsforteachers/frmJobListingPublic.aspx","Arlee","OPI Jobs for Teachers (statewide)",2026-09-01,"OPI fallback: title + raw location + posted date (not a stable OPI ID)","fallback:opi-fallbackopi jobs for teachers (statewide)arleeelementary curriculumarlee2026-08-20#2"
"Elementary Curriculum",2026-08-20,NA,"Geraldine","https://apps.opi.mt.gov/mtjobsforteachers/frmJobListingPublic.aspx","Geraldine","OPI Jobs for Teachers (statewide)",2026-09-01,"OPI fallback: title + raw location + posted date (not a stable OPI ID)","fallback:opi-fallbackopi jobs for teachers (statewide)geraldineelementary curriculumgeraldine2026-08-20#1"
"Special Education",2026-08-19,NA,"Ten minutes from Missoula","https://apps.opi.mt.gov/mtjobsforteachers/frmJobListingPublic.aspx","Ten minutes from Missoula","OPI Jobs for Teachers (statewide)",2026-09-01,"OPI fallback: title + raw location + posted date (not a stable OPI ID)","fallback:opi-fallbackopi jobs for teachers (statewide)ten minutes from missoulaspecial educationten minutes from missoula2026-08-19#1"
"Elementary Curriculum",2026-08-19,NA,"Bozeman","https://apps.opi.mt.gov/mtjobsforteachers/frmJobListingPublic.aspx","Bozeman","OPI Jobs for Teachers (statewide)",2026-09-01,"OPI fallback: title + raw location + posted date (not a stable OPI ID)","fallback:opi-fallbackopi jobs for teachers (statewide)bozemanelementary curriculumbozeman2026-08-19#1"
"Traffic Education",2026-08-18,NA,"Philipsburg","https://apps.opi.mt.gov/mtjobsforteachers/frmJobListingPublic.aspx","Philipsburg","OPI Jobs for Teachers (statewide)",2026-09-01,"OPI fallback: title + raw location + posted date (not a stable OPI ID)","fallback:opi-fallbackopi jobs for teachers (statewide)philipsburgtraffic educationphilipsburg2026-08-18#1"
"Paraprofessional - Special Education",2026-08-18,NA,"Stevensville","https://apps.opi.mt.gov/mtjobsforteachers/frmJobListingPublic.aspx","Stevensville","OPI Jobs for Teachers (statewide)",2026-09-01,"OPI fallback: title + raw location + posted date (not a stable OPI ID)","fallback:opi-fallbackopi jobs for teachers (statewide)stevensvilleparaprofessional - special educationstevensville2026-08-18#1"
"Mathematics",2026-08-17,NA,"Arlee","https://apps.opi.mt.gov/mtjobsforteachers/frmJobListingPublic.aspx","Arlee","OPI Jobs for Teachers (statewide)",2026-09-01,"OPI fallback: title + raw location + posted date (not a stable OPI ID)","fallback:opi-fallbackopi jobs for teachers (statewide)arleemathematicsarlee2026-08-17#1"
"Elementary Curriculum",2026-08-17,NA,"Big Timber","https://apps.opi.mt.gov/mtjobsforteachers/frmJobListingPublic.aspx","Big Timber","OPI Jobs for Teachers (statewide)",2026-09-01,"OPI fallback: title + raw location + posted date (not a stable OPI ID)","fallback:opi-fallbackopi jobs for teachers (statewide)big timberelementary curriculumbig timber2026-08-17#1"
"Mathematics",2026-08-17,NA,"Missoula","https://apps.opi.mt.gov/mtjobsforteachers/frmJobListingPublic.aspx","Missoula","OPI Jobs for Teachers (statewide)",2026-09-01,"OPI fallback: title + raw location + posted date (not a stable OPI ID)","fallback:opi-fallbackopi jobs for teachers (statewide)missoulamathematicsmissoula2026-08-17#1"
"CTE – Family and Consumer Sciences",2026-08-14,NA,"Gardiner","https://apps.opi.mt.gov/mtjobsforteachers/frmJobListingPublic.aspx","Gardiner","OPI Jobs for Teachers (statewide)",2026-09-01,"OPI fallback: title + raw location + posted date (not a stable OPI ID)","fallback:opi-fallbackopi jobs for teachers (statewide)gardinercte – family and consumer sciencesgardiner2026-08-14#1"
"Elementary Curriculum",2026-08-14,NA,"Gardiner","https://apps.opi.mt.gov/mtjobsforteachers/frmJobListingPublic.aspx","Gardiner","OPI Jobs for Teachers (statewide)",2026-09-01,"OPI fallback: title + raw location + posted date (not a stable OPI ID)","fallback:opi-fallbackopi jobs for teachers (statewide)gardinerelementary curriculumgardiner2026-08-14#1"
"Elementary Curriculum",2026-08-14,NA,"Gardiner","https://apps.opi.mt.gov/mtjobsforteachers/frmJobListingPublic.aspx","Gardiner","OPI Jobs for Teachers (statewide)",2026-09-01,"OPI fallback: title + raw location + posted date (not a stable OPI ID)","fallback:opi-fallbackopi jobs for teachers (statewide)gardinerelementary curriculumgardiner2026-08-14#2"
"Elementary Curriculum",2026-08-14,NA,"Gardiner","https://apps.opi.mt.gov/mtjobsforteachers/frmJobListingPublic.aspx","Gardiner","OPI Jobs for Teachers (statewide)",2026-09-01,"OPI fallback: title + raw location + posted date (not a stable OPI ID)","fallback:opi-fallbackopi jobs for teachers (statewide)gardinerelementary curriculumgardiner2026-08-14#3"
"Elementary Curriculum",2026-08-14,NA,"Geraldine","https://apps.opi.mt.gov/mtjobsforteachers/frmJobListingPublic.aspx","Geraldine","OPI Jobs for Teachers (statewide)",2026-09-01,"OPI fallback: title + raw location + posted date (not a stable OPI ID)","fallback:opi-fallbackopi jobs for teachers (statewide)geraldineelementary curriculumgeraldine2026-08-14#1"
"Special Education",2026-08-14,NA,"Kalispell","https://apps.opi.mt.gov/mtjobsforteachers/frmJobListingPublic.aspx","Kalispell","OPI Jobs for Teachers (statewide)",2026-09-01,"OPI fallback: title + raw location + posted date (not a stable OPI ID)","fallback:opi-fallbackopi jobs for teachers (statewide)kalispellspecial educationkalispell2026-08-14#1"
"Nurse",2026-08-14,NA,"Kalispell","https://apps.opi.mt.gov/mtjobsforteachers/frmJobListingPublic.aspx","Kalispell","OPI Jobs for Teachers (statewide)",2026-09-01,"OPI fallback: title + raw location + posted date (not a stable OPI ID)","fallback:opi-fallbackopi jobs for teachers (statewide)kalispellnursekalispell2026-08-14#1"
"Elementary Curriculum",2026-08-13,NA,"Miles City MT","https://apps.opi.mt.gov/mtjobsforteachers/frmJobListingPublic.aspx","Miles City MT","OPI Jobs for Teachers (statewide)",2026-09-01,"OPI fallback: title + raw location + posted date (not a stable OPI ID)","fallback:opi-fallbackopi jobs for teachers (statewide)miles city mtelementary curriculummiles city mt2026-08-13#1"
"Elementary Curriculum",2026-08-13,NA,"Ronan","https://apps.opi.mt.gov/mtjobsforteachers/frmJobListingPublic.aspx","Ronan","OPI Jobs for Teachers (statewide)",2026-09-01,"OPI fallback: title + raw location + posted date (not a stable OPI ID)","fallback:opi-fallbackopi jobs for teachers (statewide)ronanelementary curriculumronan2026-08-13#1"
"Elementary Curriculum",2026-08-12,NA,"Bozeman","https://apps.opi.mt.gov/mtjobsforteachers/frmJobListingPublic.aspx","Bozeman","OPI Jobs for Teachers (statewide)",2026-09-01,"OPI fallback: title + raw location + posted date (not a stable OPI ID)","fallback:opi-fallbackopi jobs for teachers (statewide)bozemanelementary curriculumbozeman2026-08-12#1"
"Elementary Curriculum",2026-08-12,NA,"Charlo","https://apps.opi.mt.gov/mtjobsforteachers/frmJobListingPublic.aspx","Charlo","OPI Jobs for Teachers (statewide)",2026-09-01,"OPI fallback: title + raw location + posted date (not a stable OPI ID)","fallback:opi-fallbackopi jobs for teachers (statewide)charloelementary curriculumcharlo2026-08-12#1"
"Physical Ed",2026-08-12,NA,"Glendive","https://apps.opi.mt.gov/mtjobsforteachers/frmJobListingPublic.aspx","Glendive","OPI Jobs for Teachers (statewide)",2026-09-01,"OPI fallback: title + raw location + posted date (not a stable OPI ID)","fallback:opi-fallbackopi jobs for teachers (statewide)glendivephysical edglendive2026-08-12#1"
"Mathematics",2026-08-12,NA,"Missoula","https://apps.opi.mt.gov/mtjobsforteachers/frmJobListingPublic.aspx","Missoula","OPI Jobs for Teachers (statewide)",2026-09-01,"OPI fallback: title + raw location + posted date (not a stable OPI ID)","fallback:opi-fallbackopi jobs for teachers (statewide)missoulamathematicsmissoula2026-08-12#1"
"Elementary Curriculum",2026-08-11,NA,"Colstrip","https://apps.opi.mt.gov/mtjobsforteachers/frmJobListingPublic.aspx","Colstrip","OPI Jobs for Teachers (statewide)",2026-09-01,"OPI fallback: title + raw location + posted date (not a stable OPI ID)","fallback:opi-fallbackopi jobs for teachers (statewide)colstripelementary curriculumcolstrip2026-08-11#1"
"Administrative - Principal",2026-08-11,NA,"Colstrip","https://apps.opi.mt.gov/mtjobsforteachers/frmJobListingPublic.aspx","Colstrip","OPI Jobs for Teachers (statewide)",2026-09-01,"OPI fallback: title + raw location + posted date (not a stable OPI ID)","fallback:opi-fallbackopi jobs for teachers (statewide)colstripadministrative - principalcolstrip2026-08-11#1"
"Physical Ed",2026-08-11,NA,"Deer Lodge","https://apps.opi.mt.gov/mtjobsforteachers/frmJobListingPublic.aspx","Deer Lodge","OPI Jobs for Teachers (statewide)",2026-09-01,"OPI fallback: title + raw location + posted date (not a stable OPI ID)","fallback:opi-fallbackopi jobs for teachers (statewide)deer lodgephysical eddeer lodge2026-08-11#1"
"Social Studies (Broadfield)",2026-08-10,NA,"Malta","https://apps.opi.mt.gov/mtjobsforteachers/frmJobListingPublic.aspx","Malta","OPI Jobs for Teachers (statewide)",2026-09-01,"OPI fallback: title + raw location + posted date (not a stable OPI ID)","fallback:opi-fallbackopi jobs for teachers (statewide)maltasocial studies (broadfield)malta2026-08-10#1"
"Music",2026-08-10,NA,"Malta","https://apps.opi.mt.gov/mtjobsforteachers/frmJobListingPublic.aspx","Malta","OPI Jobs for Teachers (statewide)",2026-09-01,"OPI fallback: title + raw location + posted date (not a stable OPI ID)","fallback:opi-fallbackopi jobs for teachers (statewide)maltamusicmalta2026-08-10#1"
"Other",2026-08-10,NA,"Stevensville","https://apps.opi.mt.gov/mtjobsforteachers/frmJobListingPublic.aspx","Stevensville","OPI Jobs for Teachers (statewide)",2026-09-01,"OPI fallback: title + raw location + posted date (not a stable OPI ID)","fallback:opi-fallbackopi jobs for teachers (statewide)stevensvilleotherstevensville2026-08-10#1"
"Special Education",2026-08-10,NA,"Missoula","https://apps.opi.mt.gov/mtjobsforteachers/frmJobListingPublic.aspx","Missoula","OPI Jobs for Teachers (statewide)",2026-09-01,"OPI fallback: title + raw location + posted date (not a stable OPI ID)","fallback:opi-fallbackopi jobs for teachers (statewide)missoulaspecial educationmissoula2026-08-10#1"
"Special Education",2026-08-10,NA,"Montana City","https://apps.opi.mt.gov/mtjobsforteachers/frmJobListingPublic.aspx","Montana City","OPI Jobs for Teachers (statewide)",2026-09-01,"OPI fallback: title + raw location + posted date (not a stable OPI ID)","fallback:opi-fallbackopi jobs for teachers (statewide)montana cityspecial educationmontana city2026-08-10#1"
"Elementary Curriculum",2026-08-10,NA,"Geraldine","https://apps.opi.mt.gov/mtjobsforteachers/frmJobListingPublic.aspx","Geraldine","OPI Jobs for Teachers (statewide)",2026-09-01,"OPI fallback: title + raw location + posted date (not a stable OPI ID)","fallback:opi-fallbackopi jobs for teachers (statewide)geraldineelementary curriculumgeraldine2026-08-10#1"
"Coach",2026-08-07,NA,"Glendive","https://apps.opi.mt.gov/mtjobsforteachers/frmJobListingPublic.aspx","Glendive","OPI Jobs for Teachers (statewide)",2026-09-01,"OPI fallback: title + raw location + posted date (not a stable OPI ID)","fallback:opi-fallbackopi jobs for teachers (statewide)glendivecoachglendive2026-08-07#1"
"Special Education",2026-08-07,NA,"Glendive","https://apps.opi.mt.gov/mtjobsforteachers/frmJobListingPublic.aspx","Glendive","OPI Jobs for Teachers (statewide)",2026-09-01,"OPI fallback: title + raw location + posted date (not a stable OPI ID)","fallback:opi-fallbackopi jobs for teachers (statewide)glendivespecial educationglendive2026-08-07#1"
"Elementary Curriculum",2026-08-07,NA,"Billings","https://apps.opi.mt.gov/mtjobsforteachers/frmJobListingPublic.aspx","Billings","OPI Jobs for Teachers (statewide)",2026-09-01,"OPI fallback: title + raw location + posted date (not a stable OPI ID)","fallback:opi-fallbackopi jobs for teachers (statewide)billingselementary curriculumbillings2026-08-07#1"
"CTE – Industrial Technology Education",2026-08-06,NA,"Wolf Point","https://apps.opi.mt.gov/mtjobsforteachers/frmJobListingPublic.aspx","Wolf Point","OPI Jobs for Teachers (statewide)",2026-09-01,"OPI fallback: title + raw location + posted date (not a stable OPI ID)","fallback:opi-fallbackopi jobs for teachers (statewide)wolf pointcte – industrial technology educationwolf point2026-08-06#1"
"Administrative - Other",2026-08-06,NA,"Wolf Point, Montana","https://apps.opi.mt.gov/mtjobsforteachers/frmJobListingPublic.aspx","Wolf Point, Montana","OPI Jobs for Teachers (statewide)",2026-09-01,"OPI fallback: title + raw location + posted date (not a stable OPI ID)","fallback:opi-fallbackopi jobs for teachers (statewide)wolf point, montanaadministrative - otherwolf point, montana2026-08-06#1"
"English",2026-08-06,NA,"Wolf Point","https://apps.opi.mt.gov/mtjobsforteachers/frmJobListingPublic.aspx","Wolf Point","OPI Jobs for Teachers (statewide)",2026-09-01,"OPI fallback: title + raw location + posted date (not a stable OPI ID)","fallback:opi-fallbackopi jobs for teachers (statewide)wolf pointenglishwolf point2026-08-06#1"
"CTE – Agricultural Education",2026-08-06,NA,"Wolf Point","https://apps.opi.mt.gov/mtjobsforteachers/frmJobListingPublic.aspx","Wolf Point","OPI Jobs for Teachers (statewide)",2026-09-01,"OPI fallback: title + raw location + posted date (not a stable OPI ID)","fallback:opi-fallbackopi jobs for teachers (statewide)wolf pointcte – agricultural educationwolf point2026-08-06#1"
"Administrative - Principal",2026-08-06,NA,"Colstrip","https://apps.opi.mt.gov/mtjobsforteachers/frmJobListingPublic.aspx","Colstrip","OPI Jobs for Teachers (statewide)",2026-09-01,"OPI fallback: title + raw location + posted date (not a stable OPI ID)","fallback:opi-fallbackopi jobs for teachers (statewide)colstripadministrative - principalcolstrip2026-08-06#1"
"School Counseling",2026-08-06,NA,"Colstrip","https://apps.opi.mt.gov/mtjobsforteachers/frmJobListingPublic.aspx","Colstrip","OPI Jobs for Teachers (statewide)",2026-09-01,"OPI fallback: title + raw location + posted date (not a stable OPI ID)","fallback:opi-fallbackopi jobs for teachers (statewide)colstripschool counselingcolstrip2026-08-06#1"
"Other",2026-08-06,NA,"Wolf Point","https://apps.opi.mt.gov/mtjobsforteachers/frmJobListingPublic.aspx","Wolf Point","OPI Jobs for Teachers (statewide)",2026-09-01,"OPI fallback: title + raw location + posted date (not a stable OPI ID)","fallback:opi-fallbackopi jobs for teachers (statewide)wolf pointotherwolf point2026-08-06#1"
"Special Education",2026-08-05,NA,"Libby","https://apps.opi.mt.gov/mtjobsforteachers/frmJobListingPublic.aspx","Libby","OPI Jobs for Teachers (statewide)",2026-09-01,"OPI fallback: title + raw location + posted date (not a stable OPI ID)","fallback:opi-fallbackopi jobs for teachers (statewide)libbyspecial educationlibby2026-08-05#1"
"Mathematics",2026-08-05,NA,"Libby","https://apps.opi.mt.gov/mtjobsforteachers/frmJobListingPublic.aspx","Libby","OPI Jobs for Teachers (statewide)",2026-09-01,"OPI fallback: title + raw location + posted date (not a stable OPI ID)","fallback:opi-fallbackopi jobs for teachers (statewide)libbymathematicslibby2026-08-05#1"
"Elementary Curriculum",2026-08-05,NA,"Libby","https://apps.opi.mt.gov/mtjobsforteachers/frmJobListingPublic.aspx","Libby","OPI Jobs for Teachers (statewide)",2026-09-01,"OPI fallback: title + raw location + posted date (not a stable OPI ID)","fallback:opi-fallbackopi jobs for teachers (statewide)libbyelementary curriculumlibby2026-08-05#1"
"Other",2026-08-05,NA,"Libby","https://apps.opi.mt.gov/mtjobsforteachers/frmJobListingPublic.aspx","Libby","OPI Jobs for Teachers (statewide)",2026-09-01,"OPI fallback: title + raw location + posted date (not a stable OPI ID)","fallback:opi-fallbackopi jobs for teachers (statewide)libbyotherlibby2026-08-05#1"
"Paraprofessional - Instructional",2026-08-05,NA,"Kalispell","https://apps.opi.mt.gov/mtjobsforteachers/frmJobListingPublic.aspx","Kalispell","OPI Jobs for Teachers (statewide)",2026-09-01,"OPI fallback: title + raw location + posted date (not a stable OPI ID)","fallback:opi-fallbackopi jobs for teachers (statewide)kalispellparaprofessional - instructionalkalispell2026-08-05#1"
"Special Education",2026-08-05,NA,"Billings","https://apps.opi.mt.gov/mtjobsforteachers/frmJobListingPublic.aspx","Billings","OPI Jobs for Teachers (statewide)",2026-09-01,"OPI fallback: title + raw location + posted date (not a stable OPI ID)","fallback:opi-fallbackopi jobs for teachers (statewide)billingsspecial educationbillings2026-08-05#1"
"Elementary Curriculum",2026-08-04,NA,"Geraldine","https://apps.opi.mt.gov/mtjobsforteachers/frmJobListingPublic.aspx","Geraldine","OPI Jobs for Teachers (statewide)",2026-09-01,"OPI fallback: title + raw location + posted date (not a stable OPI ID)","fallback:opi-fallbackopi jobs for teachers (statewide)geraldineelementary curriculumgeraldine2026-08-04#1"
"Physical Ed",2026-08-04,NA,"Geraldine","https://apps.opi.mt.gov/mtjobsforteachers/frmJobListingPublic.aspx","Geraldine","OPI Jobs for Teachers (statewide)",2026-09-01,"OPI fallback: title + raw location + posted date (not a stable OPI ID)","fallback:opi-fallbackopi jobs for teachers (statewide)geraldinephysical edgeraldine2026-08-04#1"
"Elementary Curriculum",2026-08-04,NA,"Roundup","https://apps.opi.mt.gov/mtjobsforteachers/frmJobListingPublic.aspx","Roundup","OPI Jobs for Teachers (statewide)",2026-09-01,"OPI fallback: title + raw location + posted date (not a stable OPI ID)","fallback:opi-fallbackopi jobs for teachers (statewide)roundupelementary curriculumroundup2026-08-04#1"
"Special Education",2026-08-03,NA,"Whitefish","https://apps.opi.mt.gov/mtjobsforteachers/frmJobListingPublic.aspx","Whitefish","OPI Jobs for Teachers (statewide)",2026-09-01,"OPI fallback: title + raw location + posted date (not a stable OPI ID)","fallback:opi-fallbackopi jobs for teachers (statewide)whitefishspecial educationwhitefish2026-08-03#1"
"School Psychologist",2026-08-03,NA,"Whitefish","https://apps.opi.mt.gov/mtjobsforteachers/frmJobListingPublic.aspx","Whitefish","OPI Jobs for Teachers (statewide)",2026-09-01,"OPI fallback: title + raw location + posted date (not a stable OPI ID)","fallback:opi-fallbackopi jobs for teachers (statewide)whitefishschool psychologistwhitefish2026-08-03#1"
"Special Education",2026-08-03,NA,"Whitefish","https://apps.opi.mt.gov/mtjobsforteachers/frmJobListingPublic.aspx","Whitefish","OPI Jobs for Teachers (statewide)",2026-09-01,"OPI fallback: title + raw location + posted date (not a stable OPI ID)","fallback:opi-fallbackopi jobs for teachers (statewide)whitefishspecial educationwhitefish2026-08-03#2"
"Music",2026-08-03,NA,"LOLO","https://apps.opi.mt.gov/mtjobsforteachers/frmJobListingPublic.aspx","LOLO","OPI Jobs for Teachers (statewide)",2026-09-01,"OPI fallback: title + raw location + posted date (not a stable OPI ID)","fallback:opi-fallbackopi jobs for teachers (statewide)lolomusiclolo2026-08-03#1"
"Paraprofessional - Instructional",2026-07-31,NA,"Bozeman","https://apps.opi.mt.gov/mtjobsforteachers/frmJobListingPublic.aspx","Bozeman","OPI Jobs for Teachers (statewide)",2026-09-01,"OPI fallback: title + raw location + posted date (not a stable OPI ID)","fallback:opi-fallbackopi jobs for teachers (statewide)bozemanparaprofessional - instructionalbozeman2026-07-31#1"
"Special Education",2026-07-31,NA,"Helena","https://apps.opi.mt.gov/mtjobsforteachers/frmJobListingPublic.aspx","Helena","OPI Jobs for Teachers (statewide)",2026-09-01,"OPI fallback: title + raw location + posted date (not a stable OPI ID)","fallback:opi-fallbackopi jobs for teachers (statewide)helenaspecial educationhelena2026-07-31#1"
"Special Education",2026-07-31,NA,"Helena","https://apps.opi.mt.gov/mtjobsforteachers/frmJobListingPublic.aspx","Helena","OPI Jobs for Teachers (statewide)",2026-09-01,"OPI fallback: title + raw location + posted date (not a stable OPI ID)","fallback:opi-fallbackopi jobs for teachers (statewide)helenaspecial educationhelena2026-07-31#2"
"School Counseling",2026-07-30,NA,"Bozeman","https://apps.opi.mt.gov/mtjobsforteachers/frmJobListingPublic.aspx","Bozeman","OPI Jobs for Teachers (statewide)",2026-09-01,"OPI fallback: title + raw location + posted date (not a stable OPI ID)","fallback:opi-fallbackopi jobs for teachers (statewide)bozemanschool counselingbozeman2026-07-30#1"
"Elementary Curriculum",2026-07-30,NA,"Choteau","https://apps.opi.mt.gov/mtjobsforteachers/frmJobListingPublic.aspx","Choteau","OPI Jobs for Teachers (statewide)",2026-09-01,"OPI fallback: title + raw location + posted date (not a stable OPI ID)","fallback:opi-fallbackopi jobs for teachers (statewide)choteauelementary curriculumchoteau2026-07-30#1"
"Elementary Curriculum",2026-07-30,NA,"Trego, MT","https://apps.opi.mt.gov/mtjobsforteachers/frmJobListingPublic.aspx","Trego, MT","OPI Jobs for Teachers (statewide)",2026-09-01,"OPI fallback: title + raw location + posted date (not a stable OPI ID)","fallback:opi-fallbackopi jobs for teachers (statewide)trego, mtelementary curriculumtrego, mt2026-07-30#1"
"Social Studies (Broadfield)",2026-07-28,NA,"Geyser, Montana","https://apps.opi.mt.gov/mtjobsforteachers/frmJobListingPublic.aspx","Geyser, Montana","OPI Jobs for Teachers (statewide)",2026-09-01,"OPI fallback: title + raw location + posted date (not a stable OPI ID)","fallback:opi-fallbackopi jobs for teachers (statewide)geyser, montanasocial studies (broadfield)geyser, montana2026-07-28#1"
"World Languages",2026-07-28,NA,"Colstrip","https://apps.opi.mt.gov/mtjobsforteachers/frmJobListingPublic.aspx","Colstrip","OPI Jobs for Teachers (statewide)",2026-09-01,"OPI fallback: title + raw location + posted date (not a stable OPI ID)","fallback:opi-fallbackopi jobs for teachers (statewide)colstripworld languagescolstrip2026-07-28#1"
"Special Education",2026-07-28,NA,"Havre","https://apps.opi.mt.gov/mtjobsforteachers/frmJobListingPublic.aspx","Havre","OPI Jobs for Teachers (statewide)",2026-09-01,"OPI fallback: title + raw location + posted date (not a stable OPI ID)","fallback:opi-fallbackopi jobs for teachers (statewide)havrespecial educationhavre2026-07-28#1"
"Elementary Curriculum",2026-07-28,NA,"Havre","https://apps.opi.mt.gov/mtjobsforteachers/frmJobListingPublic.aspx","Havre","OPI Jobs for Teachers (statewide)",2026-09-01,"OPI fallback: title + raw location + posted date (not a stable OPI ID)","fallback:opi-fallbackopi jobs for teachers (statewide)havreelementary curriculumhavre2026-07-28#1"
"Elementary Curriculum",2026-07-28,NA,"Havre","https://apps.opi.mt.gov/mtjobsforteachers/frmJobListingPublic.aspx","Havre","OPI Jobs for Teachers (statewide)",2026-09-01,"OPI fallback: title + raw location + posted date (not a stable OPI ID)","fallback:opi-fallbackopi jobs for teachers (statewide)havreelementary curriculumhavre2026-07-28#2"
"World Languages",2026-07-28,NA,"Colstrip","https://apps.opi.mt.gov/mtjobsforteachers/frmJobListingPublic.aspx","Colstrip","OPI Jobs for Teachers (statewide)",2026-09-01,"OPI fallback: title + raw location + posted date (not a stable OPI ID)","fallback:opi-fallbackopi jobs for teachers (statewide)colstripworld languagescolstrip2026-07-28#2"
"Substitute",2026-07-28,NA,"Manhattan","https://apps.opi.mt.gov/mtjobsforteachers/frmJobListingPublic.aspx","Manhattan","OPI Jobs for Teachers (statewide)",2026-09-01,"OPI fallback: title + raw location + posted date (not a stable OPI ID)","fallback:opi-fallbackopi jobs for teachers (statewide)manhattansubstitutemanhattan2026-07-28#1"
"Mathematics",2026-07-28,NA,"Manhattan","https://apps.opi.mt.gov/mtjobsforteachers/frmJobListingPublic.aspx","Manhattan","OPI Jobs for Teachers (statewide)",2026-09-01,"OPI fallback: title + raw location + posted date (not a stable OPI ID)","fallback:opi-fallbackopi jobs for teachers (statewide)manhattanmathematicsmanhattan2026-07-28#1"
"CTE – Family and Consumer Sciences",2026-07-28,NA,"Miles City MT","https://apps.opi.mt.gov/mtjobsforteachers/frmJobListingPublic.aspx","Miles City MT","OPI Jobs for Teachers (statewide)",2026-09-01,"OPI fallback: title + raw location + posted date (not a stable OPI ID)","fallback:opi-fallbackopi jobs for teachers (statewide)miles city mtcte – family and consumer sciencesmiles city mt2026-07-28#1"
"Physics",2026-07-28,NA,"Miles City MT","https://apps.opi.mt.gov/mtjobsforteachers/frmJobListingPublic.aspx","Miles City MT","OPI Jobs for Teachers (statewide)",2026-09-01,"OPI fallback: title + raw location + posted date (not a stable OPI ID)","fallback:opi-fallbackopi jobs for teachers (statewide)miles city mtphysicsmiles city mt2026-07-28#1"
"Psychology",2026-07-27,NA,"Glendive","https://apps.opi.mt.gov/mtjobsforteachers/frmJobListingPublic.aspx","Glendive","OPI Jobs for Teachers (statewide)",2026-09-01,"OPI fallback: title + raw location + posted date (not a stable OPI ID)","fallback:opi-fallbackopi jobs for teachers (statewide)glendivepsychologyglendive2026-07-27#1"
"Special Education",2026-07-27,NA,"Glendive","https://apps.opi.mt.gov/mtjobsforteachers/frmJobListingPublic.aspx","Glendive","OPI Jobs for Teachers (statewide)",2026-09-01,"OPI fallback: title + raw location + posted date (not a stable OPI ID)","fallback:opi-fallbackopi jobs for teachers (statewide)glendivespecial educationglendive2026-07-27#1"
"Paraprofessional - Special Education",2026-07-25,NA,"Stevensville","https://apps.opi.mt.gov/mtjobsforteachers/frmJobListingPublic.aspx","Stevensville","OPI Jobs for Teachers (statewide)",2026-09-01,"OPI fallback: title + raw location + posted date (not a stable OPI ID)","fallback:opi-fallbackopi jobs for teachers (statewide)stevensvilleparaprofessional - special educationstevensville2026-07-25#1"
"Administrative - Other",2026-07-24,NA,"Rocky Boy","https://apps.opi.mt.gov/mtjobsforteachers/frmJobListingPublic.aspx","Rocky Boy","OPI Jobs for Teachers (statewide)",2026-09-01,"OPI fallback: title + raw location + posted date (not a stable OPI ID)","fallback:opi-fallbackopi jobs for teachers (statewide)rocky boyadministrative - otherrocky boy2026-07-24#1"
"Elementary Curriculum",2026-07-24,NA,"Rocky Boy","https://apps.opi.mt.gov/mtjobsforteachers/frmJobListingPublic.aspx","Rocky Boy","OPI Jobs for Teachers (statewide)",2026-09-01,"OPI fallback: title + raw location + posted date (not a stable OPI ID)","fallback:opi-fallbackopi jobs for teachers (statewide)rocky boyelementary curriculumrocky boy2026-07-24#1"
"CTE – Family and Consumer Sciences",2026-07-24,NA,"Rocky Boy","https://apps.opi.mt.gov/mtjobsforteachers/frmJobListingPublic.aspx","Rocky Boy","OPI Jobs for Teachers (statewide)",2026-09-01,"OPI fallback: title + raw location + posted date (not a stable OPI ID)","fallback:opi-fallbackopi jobs for teachers (statewide)rocky boycte – family and consumer sciencesrocky boy2026-07-24#1"
"Elementary Curriculum",2026-07-24,NA,"Rocky Boy","https://apps.opi.mt.gov/mtjobsforteachers/frmJobListingPublic.aspx","Rocky Boy","OPI Jobs for Teachers (statewide)",2026-09-01,"OPI fallback: title + raw location + posted date (not a stable OPI ID)","fallback:opi-fallbackopi jobs for teachers (statewide)rocky boyelementary curriculumrocky boy2026-07-24#2"
"School Counseling",2026-07-24,NA,"Montana City","https://apps.opi.mt.gov/mtjobsforteachers/frmJobListingPublic.aspx","Montana City","OPI Jobs for Teachers (statewide)",2026-09-01,"OPI fallback: title + raw location + posted date (not a stable OPI ID)","fallback:opi-fallbackopi jobs for teachers (statewide)montana cityschool counselingmontana city2026-07-24#1"
"Elementary Curriculum",2026-07-24,NA,"Sunburst","https://apps.opi.mt.gov/mtjobsforteachers/frmJobListingPublic.aspx","Sunburst","OPI Jobs for Teachers (statewide)",2026-09-01,"OPI fallback: title + raw location + posted date (not a stable OPI ID)","fallback:opi-fallbackopi jobs for teachers (statewide)sunburstelementary curriculumsunburst2026-07-24#1"
"Paraprofessional - Special Education",2026-07-22,NA,"East of Kalispell","https://apps.opi.mt.gov/mtjobsforteachers/frmJobListingPublic.aspx","East of Kalispell","OPI Jobs for Teachers (statewide)",2026-09-01,"OPI fallback: title + raw location + posted date (not a stable OPI ID)","fallback:opi-fallbackopi jobs for teachers (statewide)east of kalispellparaprofessional - special educationeast of kalispell2026-07-22#1"
"Elementary Curriculum",2026-07-22,NA,"Havre","https://apps.opi.mt.gov/mtjobsforteachers/frmJobListingPublic.aspx","Havre","OPI Jobs for Teachers (statewide)",2026-09-01,"OPI fallback: title + raw location + posted date (not a stable OPI ID)","fallback:opi-fallbackopi jobs for teachers (statewide)havreelementary curriculumhavre2026-07-22#1"
"Elementary Curriculum",2026-07-21,NA,"Box Elder","https://apps.opi.mt.gov/mtjobsforteachers/frmJobListingPublic.aspx","Box Elder","OPI Jobs for Teachers (statewide)",2026-09-01,"OPI fallback: title + raw location + posted date (not a stable OPI ID)","fallback:opi-fallbackopi jobs for teachers (statewide)box elderelementary curriculumbox elder2026-07-21#1"
"Elementary Curriculum",2026-07-21,NA,"Box Elder","https://apps.opi.mt.gov/mtjobsforteachers/frmJobListingPublic.aspx","Box Elder","OPI Jobs for Teachers (statewide)",2026-09-01,"OPI fallback: title + raw location + posted date (not a stable OPI ID)","fallback:opi-fallbackopi jobs for teachers (statewide)box elderelementary curriculumbox elder2026-07-21#2"
"Elementary Curriculum",2026-07-21,NA,"Box Elder","https://apps.opi.mt.gov/mtjobsforteachers/frmJobListingPublic.aspx","Box Elder","OPI Jobs for Teachers (statewide)",2026-09-01,"OPI fallback: title + raw location + posted date (not a stable OPI ID)","fallback:opi-fallbackopi jobs for teachers (statewide)box elderelementary curriculumbox elder2026-07-21#3"
"Mathematics",2026-07-21,NA,"Box Elder","https://apps.opi.mt.gov/mtjobsforteachers/frmJobListingPublic.aspx","Box Elder","OPI Jobs for Teachers (statewide)",2026-09-01,"OPI fallback: title + raw location + posted date (not a stable OPI ID)","fallback:opi-fallbackopi jobs for teachers (statewide)box eldermathematicsbox elder2026-07-21#1"
"Administrative - Other",2026-07-21,NA,"Sidney","https://apps.opi.mt.gov/mtjobsforteachers/frmJobListingPublic.aspx","Sidney","OPI Jobs for Teachers (statewide)",2026-09-01,"OPI fallback: title + raw location + posted date (not a stable OPI ID)","fallback:opi-fallbackopi jobs for teachers (statewide)sidneyadministrative - othersidney2026-07-21#1"
"Paraprofessional - Special Education",2026-07-21,NA,"Bigfork","https://apps.opi.mt.gov/mtjobsforteachers/frmJobListingPublic.aspx","Bigfork","OPI Jobs for Teachers (statewide)",2026-09-01,"OPI fallback: title + raw location + posted date (not a stable OPI ID)","fallback:opi-fallbackopi jobs for teachers (statewide)bigforkparaprofessional - special educationbigfork2026-07-21#1"
"Paraprofessional - Special Education",2026-07-21,NA,"Bigfork","https://apps.opi.mt.gov/mtjobsforteachers/frmJobListingPublic.aspx","Bigfork","OPI Jobs for Teachers (statewide)",2026-09-01,"OPI fallback: title + raw location + posted date (not a stable OPI ID)","fallback:opi-fallbackopi jobs for teachers (statewide)bigforkparaprofessional - special educationbigfork2026-07-21#2"
"English",2026-07-21,NA,"Lockwood","https://apps.opi.mt.gov/mtjobsforteachers/frmJobListingPublic.aspx","Lockwood","OPI Jobs for Teachers (statewide)",2026-09-01,"OPI fallback: title + raw location + posted date (not a stable OPI ID)","fallback:opi-fallbackopi jobs for teachers (statewide)lockwoodenglishlockwood2026-07-21#1"
"Other",2026-07-21,NA,"Bigfork","https://apps.opi.mt.gov/mtjobsforteachers/frmJobListingPublic.aspx","Bigfork","OPI Jobs for Teachers (statewide)",2026-09-01,"OPI fallback: title + raw location + posted date (not a stable OPI ID)","fallback:opi-fallbackopi jobs for teachers (statewide)bigforkotherbigfork2026-07-21#1"
"Mathematics",2026-07-21,NA,"Lockwood","https://apps.opi.mt.gov/mtjobsforteachers/frmJobListingPublic.aspx","Lockwood","OPI Jobs for Teachers (statewide)",2026-09-01,"OPI fallback: title + raw location + posted date (not a stable OPI ID)","fallback:opi-fallbackopi jobs for teachers (statewide)lockwoodmathematicslockwood2026-07-21#1"
"Mathematics",2026-07-21,NA,"Bozeman","https://apps.opi.mt.gov/mtjobsforteachers/frmJobListingPublic.aspx","Bozeman","OPI Jobs for Teachers (statewide)",2026-09-01,"OPI fallback: title + raw location + posted date (not a stable OPI ID)","fallback:opi-fallbackopi jobs for teachers (statewide)bozemanmathematicsbozeman2026-07-21#1"
"Physical Ed",2026-07-21,NA,"Big Sandy","https://apps.opi.mt.gov/mtjobsforteachers/frmJobListingPublic.aspx","Big Sandy","OPI Jobs for Teachers (statewide)",2026-09-01,"OPI fallback: title + raw location + posted date (not a stable OPI ID)","fallback:opi-fallbackopi jobs for teachers (statewide)big sandyphysical edbig sandy2026-07-21#1"
"School Counseling",2026-07-20,NA,"Poplar","https://apps.opi.mt.gov/mtjobsforteachers/frmJobListingPublic.aspx","Poplar","OPI Jobs for Teachers (statewide)",2026-09-01,"OPI fallback: title + raw location + posted date (not a stable OPI ID)","fallback:opi-fallbackopi jobs for teachers (statewide)poplarschool counselingpoplar2026-07-20#1"
"Elementary Curriculum",2026-07-20,NA,"Poplar","https://apps.opi.mt.gov/mtjobsforteachers/frmJobListingPublic.aspx","Poplar","OPI Jobs for Teachers (statewide)",2026-09-01,"OPI fallback: title + raw location + posted date (not a stable OPI ID)","fallback:opi-fallbackopi jobs for teachers (statewide)poplarelementary curriculumpoplar2026-07-20#1"
"School Counseling",2026-07-20,NA,"Poplar","https://apps.opi.mt.gov/mtjobsforteachers/frmJobListingPublic.aspx","Poplar","OPI Jobs for Teachers (statewide)",2026-09-01,"OPI fallback: title + raw location + posted date (not a stable OPI ID)","fallback:opi-fallbackopi jobs for teachers (statewide)poplarschool counselingpoplar2026-07-20#2"
"CTE – Family and Consumer Sciences",2026-07-20,NA,"Poplar","https://apps.opi.mt.gov/mtjobsforteachers/frmJobListingPublic.aspx","Poplar","OPI Jobs for Teachers (statewide)",2026-09-01,"OPI fallback: title + raw location + posted date (not a stable OPI ID)","fallback:opi-fallbackopi jobs for teachers (statewide)poplarcte – family and consumer sciencespoplar2026-07-20#1"
"Administrative - Other",2026-07-20,NA,"Poplar","https://apps.opi.mt.gov/mtjobsforteachers/frmJobListingPublic.aspx","Poplar","OPI Jobs for Teachers (statewide)",2026-09-01,"OPI fallback: title + raw location + posted date (not a stable OPI ID)","fallback:opi-fallbackopi jobs for teachers (statewide)poplaradministrative - otherpoplar2026-07-20#1"
"Elementary Curriculum",2026-07-18,NA,"Luther Montana","https://apps.opi.mt.gov/mtjobsforteachers/frmJobListingPublic.aspx","Luther Montana","OPI Jobs for Teachers (statewide)",2026-09-01,"OPI fallback: title + raw location + posted date (not a stable OPI ID)","fallback:opi-fallbackopi jobs for teachers (statewide)luther montanaelementary curriculumluther montana2026-07-18#1"
"Mathematics",2026-07-17,NA,"Billings","https://apps.opi.mt.gov/mtjobsforteachers/frmJobListingPublic.aspx","Billings","OPI Jobs for Teachers (statewide)",2026-09-01,"OPI fallback: title + raw location + posted date (not a stable OPI ID)","fallback:opi-fallbackopi jobs for teachers (statewide)billingsmathematicsbillings2026-07-17#1"
"Elementary Curriculum",2026-07-17,NA,"BILLINGS","https://apps.opi.mt.gov/mtjobsforteachers/frmJobListingPublic.aspx","BILLINGS","OPI Jobs for Teachers (statewide)",2026-09-01,"OPI fallback: title + raw location + posted date (not a stable OPI ID)","fallback:opi-fallbackopi jobs for teachers (statewide)billingselementary curriculumbillings2026-07-17#1"
"Science (Broadfield)",2026-07-15,NA,"BILLINGS","https://apps.opi.mt.gov/mtjobsforteachers/frmJobListingPublic.aspx","BILLINGS","OPI Jobs for Teachers (statewide)",2026-09-01,"OPI fallback: title + raw location + posted date (not a stable OPI ID)","fallback:opi-fallbackopi jobs for teachers (statewide)billingsscience (broadfield)billings2026-07-15#1"
"Speech-Language Pathologist",2026-07-15,NA,"GREAT FALLS","https://apps.opi.mt.gov/mtjobsforteachers/frmJobListingPublic.aspx","GREAT FALLS","OPI Jobs for Teachers (statewide)",2026-09-01,"OPI fallback: title + raw location + posted date (not a stable OPI ID)","fallback:opi-fallbackopi jobs for teachers (statewide)great fallsspeech-language pathologistgreat falls2026-07-15#1"
"Physical Therapist",2026-07-15,NA,"GREAT FALLS","https://apps.opi.mt.gov/mtjobsforteachers/frmJobListingPublic.aspx","GREAT FALLS","OPI Jobs for Teachers (statewide)",2026-09-01,"OPI fallback: title + raw location + posted date (not a stable OPI ID)","fallback:opi-fallbackopi jobs for teachers (statewide)great fallsphysical therapistgreat falls2026-07-15#1"
"Special Education",2026-07-14,NA,"Anaconda","https://apps.opi.mt.gov/mtjobsforteachers/frmJobListingPublic.aspx","Anaconda","OPI Jobs for Teachers (statewide)",2026-09-01,"OPI fallback: title + raw location + posted date (not a stable OPI ID)","fallback:opi-fallbackopi jobs for teachers (statewide)anacondaspecial educationanaconda2026-07-14#1"
"Paraprofessional - Special Education",2026-07-14,NA,"Swan River in Bigfork","https://apps.opi.mt.gov/mtjobsforteachers/frmJobListingPublic.aspx","Swan River in Bigfork","OPI Jobs for Teachers (statewide)",2026-09-01,"OPI fallback: title + raw location + posted date (not a stable OPI ID)","fallback:opi-fallbackopi jobs for teachers (statewide)swan river in bigforkparaprofessional - special educationswan river in bigfork2026-07-14#1"
"Elementary Curriculum",2026-07-14,NA,"Clancy, MT","https://apps.opi.mt.gov/mtjobsforteachers/frmJobListingPublic.aspx","Clancy, MT","OPI Jobs for Teachers (statewide)",2026-09-01,"OPI fallback: title + raw location + posted date (not a stable OPI ID)","fallback:opi-fallbackopi jobs for teachers (statewide)clancy, mtelementary curriculumclancy, mt2026-07-14#1"
"Administrative - Principal",2026-07-13,NA,"Box Elder","https://apps.opi.mt.gov/mtjobsforteachers/frmJobListingPublic.aspx","Box Elder","OPI Jobs for Teachers (statewide)",2026-09-01,"OPI fallback: title + raw location + posted date (not a stable OPI ID)","fallback:opi-fallbackopi jobs for teachers (statewide)box elderadministrative - principalbox elder2026-07-13#1"
"Other",2026-07-13,NA,"Laurel","https://apps.opi.mt.gov/mtjobsforteachers/frmJobListingPublic.aspx","Laurel","OPI Jobs for Teachers (statewide)",2026-09-01,"OPI fallback: title + raw location + posted date (not a stable OPI ID)","fallback:opi-fallbackopi jobs for teachers (statewide)laurelotherlaurel2026-07-13#1"
"Other",2026-07-13,NA,"Laurel","https://apps.opi.mt.gov/mtjobsforteachers/frmJobListingPublic.aspx","Laurel","OPI Jobs for Teachers (statewide)",2026-09-01,"OPI fallback: title + raw location + posted date (not a stable OPI ID)","fallback:opi-fallbackopi jobs for teachers (statewide)laurelotherlaurel2026-07-13#2"
"Science (Broadfield)",2026-07-09,NA,"GREAT FALLS","https://apps.opi.mt.gov/mtjobsforteachers/frmJobListingPublic.aspx","GREAT FALLS","OPI Jobs for Teachers (statewide)",2026-09-01,"OPI fallback: title + raw location + posted date (not a stable OPI ID)","fallback:opi-fallbackopi jobs for teachers (statewide)great fallsscience (broadfield)great falls2026-07-09#1"
"Elementary Curriculum",2026-07-08,NA,"Three Forks","https://apps.opi.mt.gov/mtjobsforteachers/frmJobListingPublic.aspx","Three Forks","OPI Jobs for Teachers (statewide)",2026-09-01,"OPI fallback: title + raw location + posted date (not a stable OPI ID)","fallback:opi-fallbackopi jobs for teachers (statewide)three forkselementary curriculumthree forks2026-07-08#1"
"Special Education",2026-07-08,NA,"Broadview","https://apps.opi.mt.gov/mtjobsforteachers/frmJobListingPublic.aspx","Broadview","OPI Jobs for Teachers (statewide)",2026-09-01,"OPI fallback: title + raw location + posted date (not a stable OPI ID)","fallback:opi-fallbackopi jobs for teachers (statewide)broadviewspecial educationbroadview2026-07-08#1"
"Administrative - Other",2026-07-08,NA,"Broadview","https://apps.opi.mt.gov/mtjobsforteachers/frmJobListingPublic.aspx","Broadview","OPI Jobs for Teachers (statewide)",2026-09-01,"OPI fallback: title + raw location + posted date (not a stable OPI ID)","fallback:opi-fallbackopi jobs for teachers (statewide)broadviewadministrative - otherbroadview2026-07-08#1"
"Science (Broadfield)",2026-07-08,NA,"Helena","https://apps.opi.mt.gov/mtjobsforteachers/frmJobListingPublic.aspx","Helena","OPI Jobs for Teachers (statewide)",2026-09-01,"OPI fallback: title + raw location + posted date (not a stable OPI ID)","fallback:opi-fallbackopi jobs for teachers (statewide)helenascience (broadfield)helena2026-07-08#1"
"English",2026-07-08,NA,"Helena","https://apps.opi.mt.gov/mtjobsforteachers/frmJobListingPublic.aspx","Helena","OPI Jobs for Teachers (statewide)",2026-09-01,"OPI fallback: title + raw location + posted date (not a stable OPI ID)","fallback:opi-fallbackopi jobs for teachers (statewide)helenaenglishhelena2026-07-08#1"
"Elementary Curriculum",2026-07-07,NA,"Drummond","https://apps.opi.mt.gov/mtjobsforteachers/frmJobListingPublic.aspx","Drummond","OPI Jobs for Teachers (statewide)",2026-09-01,"OPI fallback: title + raw location + posted date (not a stable OPI ID)","fallback:opi-fallbackopi jobs for teachers (statewide)drummondelementary curriculumdrummond2026-07-07#1"
"Coach",2026-07-07,NA,"Belgrade","https://apps.opi.mt.gov/mtjobsforteachers/frmJobListingPublic.aspx","Belgrade","OPI Jobs for Teachers (statewide)",2026-09-01,"OPI fallback: title + raw location + posted date (not a stable OPI ID)","fallback:opi-fallbackopi jobs for teachers (statewide)belgradecoachbelgrade2026-07-07#1"
"Coach",2026-07-07,NA,"Belgrade","https://apps.opi.mt.gov/mtjobsforteachers/frmJobListingPublic.aspx","Belgrade","OPI Jobs for Teachers (statewide)",2026-09-01,"OPI fallback: title + raw location + posted date (not a stable OPI ID)","fallback:opi-fallbackopi jobs for teachers (statewide)belgradecoachbelgrade2026-07-07#2"
"Mathematics",2026-07-07,NA,"Belgrade","https://apps.opi.mt.gov/mtjobsforteachers/frmJobListingPublic.aspx","Belgrade","OPI Jobs for Teachers (statewide)",2026-09-01,"OPI fallback: title + raw location + posted date (not a stable OPI ID)","fallback:opi-fallbackopi jobs for teachers (statewide)belgrademathematicsbelgrade2026-07-07#1"
"Speech",2026-07-07,NA,"Belgrade","https://apps.opi.mt.gov/mtjobsforteachers/frmJobListingPublic.aspx","Belgrade","OPI Jobs for Teachers (statewide)",2026-09-01,"OPI fallback: title + raw location + posted date (not a stable OPI ID)","fallback:opi-fallbackopi jobs for teachers (statewide)belgradespeechbelgrade2026-07-07#1"
"Coach",2026-07-07,NA,"Belgrade","https://apps.opi.mt.gov/mtjobsforteachers/frmJobListingPublic.aspx","Belgrade","OPI Jobs for Teachers (statewide)",2026-09-01,"OPI fallback: title + raw location + posted date (not a stable OPI ID)","fallback:opi-fallbackopi jobs for teachers (statewide)belgradecoachbelgrade2026-07-07#3"
"Coach",2026-07-07,NA,"Belgrade","https://apps.opi.mt.gov/mtjobsforteachers/frmJobListingPublic.aspx","Belgrade","OPI Jobs for Teachers (statewide)",2026-09-01,"OPI fallback: title + raw location + posted date (not a stable OPI ID)","fallback:opi-fallbackopi jobs for teachers (statewide)belgradecoachbelgrade2026-07-07#4"
"English",2026-07-07,NA,"Belgrade","https://apps.opi.mt.gov/mtjobsforteachers/frmJobListingPublic.aspx","Belgrade","OPI Jobs for Teachers (statewide)",2026-09-01,"OPI fallback: title + raw location + posted date (not a stable OPI ID)","fallback:opi-fallbackopi jobs for teachers (statewide)belgradeenglishbelgrade2026-07-07#1"
"Coach",2026-07-07,NA,"Belgrade","https://apps.opi.mt.gov/mtjobsforteachers/frmJobListingPublic.aspx","Belgrade","OPI Jobs for Teachers (statewide)",2026-09-01,"OPI fallback: title + raw location + posted date (not a stable OPI ID)","fallback:opi-fallbackopi jobs for teachers (statewide)belgradecoachbelgrade2026-07-07#5"
"Coach",2026-07-07,NA,"Belgrade","https://apps.opi.mt.gov/mtjobsforteachers/frmJobListingPublic.aspx","Belgrade","OPI Jobs for Teachers (statewide)",2026-09-01,"OPI fallback: title + raw location + posted date (not a stable OPI ID)","fallback:opi-fallbackopi jobs for teachers (statewide)belgradecoachbelgrade2026-07-07#6"
"Coach",2026-07-07,NA,"Belgrade","https://apps.opi.mt.gov/mtjobsforteachers/frmJobListingPublic.aspx","Belgrade","OPI Jobs for Teachers (statewide)",2026-09-01,"OPI fallback: title + raw location + posted date (not a stable OPI ID)","fallback:opi-fallbackopi jobs for teachers (statewide)belgradecoachbelgrade2026-07-07#7"
"Coach",2026-07-07,NA,"Belgrade","https://apps.opi.mt.gov/mtjobsforteachers/frmJobListingPublic.aspx","Belgrade","OPI Jobs for Teachers (statewide)",2026-09-01,"OPI fallback: title + raw location + posted date (not a stable OPI ID)","fallback:opi-fallbackopi jobs for teachers (statewide)belgradecoachbelgrade2026-07-07#8"
"Coach",2026-07-07,NA,"Belgrade","https://apps.opi.mt.gov/mtjobsforteachers/frmJobListingPublic.aspx","Belgrade","OPI Jobs for Teachers (statewide)",2026-09-01,"OPI fallback: title + raw location + posted date (not a stable OPI ID)","fallback:opi-fallbackopi jobs for teachers (statewide)belgradecoachbelgrade2026-07-07#9"
"Coach",2026-07-07,NA,"Belgrade","https://apps.opi.mt.gov/mtjobsforteachers/frmJobListingPublic.aspx","Belgrade","OPI Jobs for Teachers (statewide)",2026-09-01,"OPI fallback: title + raw location + posted date (not a stable OPI ID)","fallback:opi-fallbackopi jobs for teachers (statewide)belgradecoachbelgrade2026-07-07#10"
"Nurse",2026-07-07,NA,"Belgrade","https://apps.opi.mt.gov/mtjobsforteachers/frmJobListingPublic.aspx","Belgrade","OPI Jobs for Teachers (statewide)",2026-09-01,"OPI fallback: title + raw location + posted date (not a stable OPI ID)","fallback:opi-fallbackopi jobs for teachers (statewide)belgradenursebelgrade2026-07-07#1"
"Paraprofessional - Special Education",2026-07-07,NA,"Belgrade","https://apps.opi.mt.gov/mtjobsforteachers/frmJobListingPublic.aspx","Belgrade","OPI Jobs for Teachers (statewide)",2026-09-01,"OPI fallback: title + raw location + posted date (not a stable OPI ID)","fallback:opi-fallbackopi jobs for teachers (statewide)belgradeparaprofessional - special educationbelgrade2026-07-07#1"
"Mathematics",2026-07-07,NA,"Belgrade","https://apps.opi.mt.gov/mtjobsforteachers/frmJobListingPublic.aspx","Belgrade","OPI Jobs for Teachers (statewide)",2026-09-01,"OPI fallback: title + raw location + posted date (not a stable OPI ID)","fallback:opi-fallbackopi jobs for teachers (statewide)belgrademathematicsbelgrade2026-07-07#2"
"Paraprofessional - Instructional",2026-07-07,NA,"Belgrade","https://apps.opi.mt.gov/mtjobsforteachers/frmJobListingPublic.aspx","Belgrade","OPI Jobs for Teachers (statewide)",2026-09-01,"OPI fallback: title + raw location + posted date (not a stable OPI ID)","fallback:opi-fallbackopi jobs for teachers (statewide)belgradeparaprofessional - instructionalbelgrade2026-07-07#1"
"Paraprofessional - Instructional",2026-07-07,NA,"Belgrade","https://apps.opi.mt.gov/mtjobsforteachers/frmJobListingPublic.aspx","Belgrade","OPI Jobs for Teachers (statewide)",2026-09-01,"OPI fallback: title + raw location + posted date (not a stable OPI ID)","fallback:opi-fallbackopi jobs for teachers (statewide)belgradeparaprofessional - instructionalbelgrade2026-07-07#2"
"Substitute",2026-07-07,NA,"Belgrade","https://apps.opi.mt.gov/mtjobsforteachers/frmJobListingPublic.aspx","Belgrade","OPI Jobs for Teachers (statewide)",2026-09-01,"OPI fallback: title + raw location + posted date (not a stable OPI ID)","fallback:opi-fallbackopi jobs for teachers (statewide)belgradesubstitutebelgrade2026-07-07#1"
"Elementary Curriculum",2026-07-07,NA,"Sidney","https://apps.opi.mt.gov/mtjobsforteachers/frmJobListingPublic.aspx","Sidney","OPI Jobs for Teachers (statewide)",2026-09-01,"OPI fallback: title + raw location + posted date (not a stable OPI ID)","fallback:opi-fallbackopi jobs for teachers (statewide)sidneyelementary curriculumsidney2026-07-07#1"
"Elementary Curriculum",2026-07-07,NA,"Sidney","https://apps.opi.mt.gov/mtjobsforteachers/frmJobListingPublic.aspx","Sidney","OPI Jobs for Teachers (statewide)",2026-09-01,"OPI fallback: title + raw location + posted date (not a stable OPI ID)","fallback:opi-fallbackopi jobs for teachers (statewide)sidneyelementary curriculumsidney2026-07-07#2"
"Music",2026-07-07,NA,"Sidney","https://apps.opi.mt.gov/mtjobsforteachers/frmJobListingPublic.aspx","Sidney","OPI Jobs for Teachers (statewide)",2026-09-01,"OPI fallback: title + raw location + posted date (not a stable OPI ID)","fallback:opi-fallbackopi jobs for teachers (statewide)sidneymusicsidney2026-07-07#1"
"World Languages",2026-07-07,NA,"Belgrade","https://apps.opi.mt.gov/mtjobsforteachers/frmJobListingPublic.aspx","Belgrade","OPI Jobs for Teachers (statewide)",2026-09-01,"OPI fallback: title + raw location + posted date (not a stable OPI ID)","fallback:opi-fallbackopi jobs for teachers (statewide)belgradeworld languagesbelgrade2026-07-07#1"
"Elementary Curriculum",2026-07-06,NA,"CHOTEAU","https://apps.opi.mt.gov/mtjobsforteachers/frmJobListingPublic.aspx","CHOTEAU","OPI Jobs for Teachers (statewide)",2026-09-01,"OPI fallback: title + raw location + posted date (not a stable OPI ID)","fallback:opi-fallbackopi jobs for teachers (statewide)choteauelementary curriculumchoteau2026-07-06#1"
"Elementary Curriculum",2026-07-06,NA,"Clancy, MT","https://apps.opi.mt.gov/mtjobsforteachers/frmJobListingPublic.aspx","Clancy, MT","OPI Jobs for Teachers (statewide)",2026-09-01,"OPI fallback: title + raw location + posted date (not a stable OPI ID)","fallback:opi-fallbackopi jobs for teachers (statewide)clancy, mtelementary curriculumclancy, mt2026-07-06#1"
"Science (Broadfield)",2026-07-06,NA,"Belgrade","https://apps.opi.mt.gov/mtjobsforteachers/frmJobListingPublic.aspx","Belgrade","OPI Jobs for Teachers (statewide)",2026-09-01,"OPI fallback: title + raw location + posted date (not a stable OPI ID)","fallback:opi-fallbackopi jobs for teachers (statewide)belgradescience (broadfield)belgrade2026-07-06#1"
"Administrative - Other",2026-07-02,NA,"Rocky Boy Agency","https://apps.opi.mt.gov/mtjobsforteachers/frmJobListingPublic.aspx","Rocky Boy Agency","OPI Jobs for Teachers (statewide)",2026-09-01,"OPI fallback: title + raw location + posted date (not a stable OPI ID)","fallback:opi-fallbackopi jobs for teachers (statewide)rocky boy agencyadministrative - otherrocky boy agency2026-07-02#1"
"Physical Ed",2026-07-01,NA,"Wolf Point, MT","https://apps.opi.mt.gov/mtjobsforteachers/frmJobListingPublic.aspx","Wolf Point, MT","OPI Jobs for Teachers (statewide)",2026-09-01,"OPI fallback: title + raw location + posted date (not a stable OPI ID)","fallback:opi-fallbackopi jobs for teachers (statewide)wolf point, mtphysical edwolf point, mt2026-07-01#1"
"Social Studies (Broadfield)",2026-07-01,NA,"Wolf Point","https://apps.opi.mt.gov/mtjobsforteachers/frmJobListingPublic.aspx","Wolf Point","OPI Jobs for Teachers (statewide)",2026-09-01,"OPI fallback: title + raw location + posted date (not a stable OPI ID)","fallback:opi-fallbackopi jobs for teachers (statewide)wolf pointsocial studies (broadfield)wolf point2026-07-01#1"
"Elementary Curriculum",2026-07-01,NA,"CARDWELL","https://apps.opi.mt.gov/mtjobsforteachers/frmJobListingPublic.aspx","CARDWELL","OPI Jobs for Teachers (statewide)",2026-09-01,"OPI fallback: title + raw location + posted date (not a stable OPI ID)","fallback:opi-fallbackopi jobs for teachers (statewide)cardwellelementary curriculumcardwell2026-07-01#1"
"Elementary Curriculum",2026-07-01,NA,"Sunburst","https://apps.opi.mt.gov/mtjobsforteachers/frmJobListingPublic.aspx","Sunburst","OPI Jobs for Teachers (statewide)",2026-09-01,"OPI fallback: title + raw location + posted date (not a stable OPI ID)","fallback:opi-fallbackopi jobs for teachers (statewide)sunburstelementary curriculumsunburst2026-07-01#1"
"Elementary Curriculum",2026-07-01,NA,"Wyola","https://apps.opi.mt.gov/mtjobsforteachers/frmJobListingPublic.aspx","Wyola","OPI Jobs for Teachers (statewide)",2026-09-01,"OPI fallback: title + raw location + posted date (not a stable OPI ID)","fallback:opi-fallbackopi jobs for teachers (statewide)wyolaelementary curriculumwyola2026-07-01#1"
"Physical Ed",2026-07-01,NA,"Ronan","https://apps.opi.mt.gov/mtjobsforteachers/frmJobListingPublic.aspx","Ronan","OPI Jobs for Teachers (statewide)",2026-09-01,"OPI fallback: title + raw location + posted date (not a stable OPI ID)","fallback:opi-fallbackopi jobs for teachers (statewide)ronanphysical edronan2026-07-01#1"
"Special Education",2026-06-30,NA,"Helena, MT","https://apps.opi.mt.gov/mtjobsforteachers/frmJobListingPublic.aspx","Helena, MT","OPI Jobs for Teachers (statewide)",2026-09-01,"OPI fallback: title + raw location + posted date (not a stable OPI ID)","fallback:opi-fallbackopi jobs for teachers (statewide)helena, mtspecial educationhelena, mt2026-06-30#1"
"Art",2026-06-29,NA,"Ashland","https://apps.opi.mt.gov/mtjobsforteachers/frmJobListingPublic.aspx","Ashland","OPI Jobs for Teachers (statewide)",2026-09-01,"OPI fallback: title + raw location + posted date (not a stable OPI ID)","fallback:opi-fallbackopi jobs for teachers (statewide)ashlandartashland2026-06-29#1"
"Administrative - Other",2026-06-29,NA,"Ashland","https://apps.opi.mt.gov/mtjobsforteachers/frmJobListingPublic.aspx","Ashland","OPI Jobs for Teachers (statewide)",2026-09-01,"OPI fallback: title + raw location + posted date (not a stable OPI ID)","fallback:opi-fallbackopi jobs for teachers (statewide)ashlandadministrative - otherashland2026-06-29#1"
"Mathematics",2026-06-29,NA,"Ashland","https://apps.opi.mt.gov/mtjobsforteachers/frmJobListingPublic.aspx","Ashland","OPI Jobs for Teachers (statewide)",2026-09-01,"OPI fallback: title + raw location + posted date (not a stable OPI ID)","fallback:opi-fallbackopi jobs for teachers (statewide)ashlandmathematicsashland2026-06-29#1"
"Administrative - Other",2026-06-29,NA,"Ashland","https://apps.opi.mt.gov/mtjobsforteachers/frmJobListingPublic.aspx","Ashland","OPI Jobs for Teachers (statewide)",2026-09-01,"OPI fallback: title + raw location + posted date (not a stable OPI ID)","fallback:opi-fallbackopi jobs for teachers (statewide)ashlandadministrative - otherashland2026-06-29#2"
"Administrative - Other",2026-06-29,NA,"Ashland","https://apps.opi.mt.gov/mtjobsforteachers/frmJobListingPublic.aspx","Ashland","OPI Jobs for Teachers (statewide)",2026-09-01,"OPI fallback: title + raw location + posted date (not a stable OPI ID)","fallback:opi-fallbackopi jobs for teachers (statewide)ashlandadministrative - otherashland2026-06-29#3"
"Administrative - Other",2026-06-29,NA,"Ashland","https://apps.opi.mt.gov/mtjobsforteachers/frmJobListingPublic.aspx","Ashland","OPI Jobs for Teachers (statewide)",2026-09-01,"OPI fallback: title + raw location + posted date (not a stable OPI ID)","fallback:opi-fallbackopi jobs for teachers (statewide)ashlandadministrative - otherashland2026-06-29#4"
"Elementary Curriculum",2026-06-29,NA,"Conrad","https://apps.opi.mt.gov/mtjobsforteachers/frmJobListingPublic.aspx","Conrad","OPI Jobs for Teachers (statewide)",2026-09-01,"OPI fallback: title + raw location + posted date (not a stable OPI ID)","fallback:opi-fallbackopi jobs for teachers (statewide)conradelementary curriculumconrad2026-06-29#1"
"Special Education",2026-06-29,NA,"Bozeman","https://apps.opi.mt.gov/mtjobsforteachers/frmJobListingPublic.aspx","Bozeman","OPI Jobs for Teachers (statewide)",2026-09-01,"OPI fallback: title + raw location + posted date (not a stable OPI ID)","fallback:opi-fallbackopi jobs for teachers (statewide)bozemanspecial educationbozeman2026-06-29#1"
"Special Education",2026-06-29,NA,"Bozeman","https://apps.opi.mt.gov/mtjobsforteachers/frmJobListingPublic.aspx","Bozeman","OPI Jobs for Teachers (statewide)",2026-09-01,"OPI fallback: title + raw location + posted date (not a stable OPI ID)","fallback:opi-fallbackopi jobs for teachers (statewide)bozemanspecial educationbozeman2026-06-29#2"
"School Counseling",2026-06-29,NA,"BUSBY, MT","https://apps.opi.mt.gov/mtjobsforteachers/frmJobListingPublic.aspx","BUSBY, MT","OPI Jobs for Teachers (statewide)",2026-09-01,"OPI fallback: title + raw location + posted date (not a stable OPI ID)","fallback:opi-fallbackopi jobs for teachers (statewide)busby, mtschool counselingbusby, mt2026-06-29#1"
"Elementary Curriculum",2026-06-29,NA,"BUSBY","https://apps.opi.mt.gov/mtjobsforteachers/frmJobListingPublic.aspx","BUSBY","OPI Jobs for Teachers (statewide)",2026-09-01,"OPI fallback: title + raw location + posted date (not a stable OPI ID)","fallback:opi-fallbackopi jobs for teachers (statewide)busbyelementary curriculumbusby2026-06-29#1"
"Special Education",2026-06-29,NA,"BUSBY","https://apps.opi.mt.gov/mtjobsforteachers/frmJobListingPublic.aspx","BUSBY","OPI Jobs for Teachers (statewide)",2026-09-01,"OPI fallback: title + raw location + posted date (not a stable OPI ID)","fallback:opi-fallbackopi jobs for teachers (statewide)busbyspecial educationbusby2026-06-29#1"
"History",2026-06-29,NA,"BUSBY","https://apps.opi.mt.gov/mtjobsforteachers/frmJobListingPublic.aspx","BUSBY","OPI Jobs for Teachers (statewide)",2026-09-01,"OPI fallback: title + raw location + posted date (not a stable OPI ID)","fallback:opi-fallbackopi jobs for teachers (statewide)busbyhistorybusby2026-06-29#1"
"CTE – Business and Marketing Education",2026-06-29,NA,"BUSBY","https://apps.opi.mt.gov/mtjobsforteachers/frmJobListingPublic.aspx","BUSBY","OPI Jobs for Teachers (statewide)",2026-09-01,"OPI fallback: title + raw location + posted date (not a stable OPI ID)","fallback:opi-fallbackopi jobs for teachers (statewide)busbycte – business and marketing educationbusby2026-06-29#1"
"Library",2026-06-29,NA,"BUSBY","https://apps.opi.mt.gov/mtjobsforteachers/frmJobListingPublic.aspx","BUSBY","OPI Jobs for Teachers (statewide)",2026-09-01,"OPI fallback: title + raw location + posted date (not a stable OPI ID)","fallback:opi-fallbackopi jobs for teachers (statewide)busbylibrarybusby2026-06-29#1"
"Other",2026-06-29,NA,"BUSBY, MT","https://apps.opi.mt.gov/mtjobsforteachers/frmJobListingPublic.aspx","BUSBY, MT","OPI Jobs for Teachers (statewide)",2026-09-01,"OPI fallback: title + raw location + posted date (not a stable OPI ID)","fallback:opi-fallbackopi jobs for teachers (statewide)busby, mtotherbusby, mt2026-06-29#1"
"Paraprofessional - Special Education",2026-06-29,NA,"Kalispell","https://apps.opi.mt.gov/mtjobsforteachers/frmJobListingPublic.aspx","Kalispell","OPI Jobs for Teachers (statewide)",2026-09-01,"OPI fallback: title + raw location + posted date (not a stable OPI ID)","fallback:opi-fallbackopi jobs for teachers (statewide)kalispellparaprofessional - special educationkalispell2026-06-29#1"
"Elementary Curriculum",2026-06-25,NA,"Valley View/Polson","https://apps.opi.mt.gov/mtjobsforteachers/frmJobListingPublic.aspx","Valley View/Polson","OPI Jobs for Teachers (statewide)",2026-09-01,"OPI fallback: title + raw location + posted date (not a stable OPI ID)","fallback:opi-fallbackopi jobs for teachers (statewide)valley view/polsonelementary curriculumvalley view/polson2026-06-25#1"
"Music",2026-06-25,NA,"Billings-SD3","https://apps.opi.mt.gov/mtjobsforteachers/frmJobListingPublic.aspx","Billings-SD3","OPI Jobs for Teachers (statewide)",2026-09-01,"OPI fallback: title + raw location + posted date (not a stable OPI ID)","fallback:opi-fallbackopi jobs for teachers (statewide)billings-sd3musicbillings-sd32026-06-25#1"
"Art",2026-06-25,NA,"Lockwood","https://apps.opi.mt.gov/mtjobsforteachers/frmJobListingPublic.aspx","Lockwood","OPI Jobs for Teachers (statewide)",2026-09-01,"OPI fallback: title + raw location + posted date (not a stable OPI ID)","fallback:opi-fallbackopi jobs for teachers (statewide)lockwoodartlockwood2026-06-25#1"
"Reading",2026-06-25,NA,"Corvallis","https://apps.opi.mt.gov/mtjobsforteachers/frmJobListingPublic.aspx","Corvallis","OPI Jobs for Teachers (statewide)",2026-09-01,"OPI fallback: title + raw location + posted date (not a stable OPI ID)","fallback:opi-fallbackopi jobs for teachers (statewide)corvallisreadingcorvallis2026-06-25#1"
"Library",2026-06-25,NA,"Lockwood","https://apps.opi.mt.gov/mtjobsforteachers/frmJobListingPublic.aspx","Lockwood","OPI Jobs for Teachers (statewide)",2026-09-01,"OPI fallback: title + raw location + posted date (not a stable OPI ID)","fallback:opi-fallbackopi jobs for teachers (statewide)lockwoodlibrarylockwood2026-06-25#1"
"School Counseling",2026-06-25,NA,"Corvallis","https://apps.opi.mt.gov/mtjobsforteachers/frmJobListingPublic.aspx","Corvallis","OPI Jobs for Teachers (statewide)",2026-09-01,"OPI fallback: title + raw location + posted date (not a stable OPI ID)","fallback:opi-fallbackopi jobs for teachers (statewide)corvallisschool counselingcorvallis2026-06-25#1"
"Special Education",2026-06-25,NA,"Broadview, MT","https://apps.opi.mt.gov/mtjobsforteachers/frmJobListingPublic.aspx","Broadview, MT","OPI Jobs for Teachers (statewide)",2026-09-01,"OPI fallback: title + raw location + posted date (not a stable OPI ID)","fallback:opi-fallbackopi jobs for teachers (statewide)broadview, mtspecial educationbroadview, mt2026-06-25#1"
"Library",2026-06-24,NA,"Wolf Point","https://apps.opi.mt.gov/mtjobsforteachers/frmJobListingPublic.aspx","Wolf Point","OPI Jobs for Teachers (statewide)",2026-09-01,"OPI fallback: title + raw location + posted date (not a stable OPI ID)","fallback:opi-fallbackopi jobs for teachers (statewide)wolf pointlibrarywolf point2026-06-24#1"
"Music",2026-06-24,NA,"Wolf Point","https://apps.opi.mt.gov/mtjobsforteachers/frmJobListingPublic.aspx","Wolf Point","OPI Jobs for Teachers (statewide)",2026-09-01,"OPI fallback: title + raw location + posted date (not a stable OPI ID)","fallback:opi-fallbackopi jobs for teachers (statewide)wolf pointmusicwolf point2026-06-24#1"
"Elementary Curriculum",2026-06-24,NA,"Wolf Point","https://apps.opi.mt.gov/mtjobsforteachers/frmJobListingPublic.aspx","Wolf Point","OPI Jobs for Teachers (statewide)",2026-09-01,"OPI fallback: title + raw location + posted date (not a stable OPI ID)","fallback:opi-fallbackopi jobs for teachers (statewide)wolf pointelementary curriculumwolf point2026-06-24#1"
"Library",2026-06-24,NA,"Billings-SD3","https://apps.opi.mt.gov/mtjobsforteachers/frmJobListingPublic.aspx","Billings-SD3","OPI Jobs for Teachers (statewide)",2026-09-01,"OPI fallback: title + raw location + posted date (not a stable OPI ID)","fallback:opi-fallbackopi jobs for teachers (statewide)billings-sd3librarybillings-sd32026-06-24#1"
"Mathematics",2026-06-23,NA,"GREAT FALLS","https://apps.opi.mt.gov/mtjobsforteachers/frmJobListingPublic.aspx","GREAT FALLS","OPI Jobs for Teachers (statewide)",2026-09-01,"OPI fallback: title + raw location + posted date (not a stable OPI ID)","fallback:opi-fallbackopi jobs for teachers (statewide)great fallsmathematicsgreat falls2026-06-23#1"
"Elementary Curriculum",2026-06-23,NA,"BUTTE","https://apps.opi.mt.gov/mtjobsforteachers/frmJobListingPublic.aspx","BUTTE","OPI Jobs for Teachers (statewide)",2026-09-01,"OPI fallback: title + raw location + posted date (not a stable OPI ID)","fallback:opi-fallbackopi jobs for teachers (statewide)butteelementary curriculumbutte2026-06-23#1"
"World Languages",2026-06-23,NA,"Ronan","https://apps.opi.mt.gov/mtjobsforteachers/frmJobListingPublic.aspx","Ronan","OPI Jobs for Teachers (statewide)",2026-09-01,"OPI fallback: title + raw location + posted date (not a stable OPI ID)","fallback:opi-fallbackopi jobs for teachers (statewide)ronanworld languagesronan2026-06-23#1"
"CTE – Agricultural Education",2026-06-22,NA,"Sand Coulee","https://apps.opi.mt.gov/mtjobsforteachers/frmJobListingPublic.aspx","Sand Coulee","OPI Jobs for Teachers (statewide)",2026-09-01,"OPI fallback: title + raw location + posted date (not a stable OPI ID)","fallback:opi-fallbackopi jobs for teachers (statewide)sand couleecte – agricultural educationsand coulee2026-06-22#1"
"CTE – Industrial Technology Education",2026-06-22,NA,"Sand Coulee","https://apps.opi.mt.gov/mtjobsforteachers/frmJobListingPublic.aspx","Sand Coulee","OPI Jobs for Teachers (statewide)",2026-09-01,"OPI fallback: title + raw location + posted date (not a stable OPI ID)","fallback:opi-fallbackopi jobs for teachers (statewide)sand couleecte – industrial technology educationsand coulee2026-06-22#1"
"Earth Science",2026-06-22,NA,"East Helena","https://apps.opi.mt.gov/mtjobsforteachers/frmJobListingPublic.aspx","East Helena","OPI Jobs for Teachers (statewide)",2026-09-01,"OPI fallback: title + raw location + posted date (not a stable OPI ID)","fallback:opi-fallbackopi jobs for teachers (statewide)east helenaearth scienceeast helena2026-06-22#1"
"Elementary Curriculum",2026-06-22,NA,"Ulm","https://apps.opi.mt.gov/mtjobsforteachers/frmJobListingPublic.aspx","Ulm","OPI Jobs for Teachers (statewide)",2026-09-01,"OPI fallback: title + raw location + posted date (not a stable OPI ID)","fallback:opi-fallbackopi jobs for teachers (statewide)ulmelementary curriculumulm2026-06-22#1"
"School Psychologist",2026-06-22,NA,"GREAT FALLS","https://apps.opi.mt.gov/mtjobsforteachers/frmJobListingPublic.aspx","GREAT FALLS","OPI Jobs for Teachers (statewide)",2026-09-01,"OPI fallback: title + raw location + posted date (not a stable OPI ID)","fallback:opi-fallbackopi jobs for teachers (statewide)great fallsschool psychologistgreat falls2026-06-22#1"
"Elementary Curriculum",2026-06-21,NA,"5 miles West of Stanford","https://apps.opi.mt.gov/mtjobsforteachers/frmJobListingPublic.aspx","5 miles West of Stanford","OPI Jobs for Teachers (statewide)",2026-09-01,"OPI fallback: title + raw location + posted date (not a stable OPI ID)","fallback:opi-fallbackopi jobs for teachers (statewide)5 miles west of stanfordelementary curriculum5 miles west of stanford2026-06-21#1"
"Social Studies (Broadfield)",2026-06-19,NA,"Belfry","https://apps.opi.mt.gov/mtjobsforteachers/frmJobListingPublic.aspx","Belfry","OPI Jobs for Teachers (statewide)",2026-09-01,"OPI fallback: title + raw location + posted date (not a stable OPI ID)","fallback:opi-fallbackopi jobs for teachers (statewide)belfrysocial studies (broadfield)belfry2026-06-19#1"
"Special Education",2026-06-19,NA,"Conrad","https://apps.opi.mt.gov/mtjobsforteachers/frmJobListingPublic.aspx","Conrad","OPI Jobs for Teachers (statewide)",2026-09-01,"OPI fallback: title + raw location + posted date (not a stable OPI ID)","fallback:opi-fallbackopi jobs for teachers (statewide)conradspecial educationconrad2026-06-19#1"
"Music",2026-06-17,NA,"Custer","https://apps.opi.mt.gov/mtjobsforteachers/frmJobListingPublic.aspx","Custer","OPI Jobs for Teachers (statewide)",2026-09-01,"OPI fallback: title + raw location + posted date (not a stable OPI ID)","fallback:opi-fallbackopi jobs for teachers (statewide)custermusiccuster2026-06-17#1"
"Elementary Curriculum",2026-06-17,NA,"Custer","https://apps.opi.mt.gov/mtjobsforteachers/frmJobListingPublic.aspx","Custer","OPI Jobs for Teachers (statewide)",2026-09-01,"OPI fallback: title + raw location + posted date (not a stable OPI ID)","fallback:opi-fallbackopi jobs for teachers (statewide)custerelementary curriculumcuster2026-06-17#1"
"CTE – Agricultural Education",2026-06-17,NA,"Custer","https://apps.opi.mt.gov/mtjobsforteachers/frmJobListingPublic.aspx","Custer","OPI Jobs for Teachers (statewide)",2026-09-01,"OPI fallback: title + raw location + posted date (not a stable OPI ID)","fallback:opi-fallbackopi jobs for teachers (statewide)custercte – agricultural educationcuster2026-06-17#1"
"Physical Ed",2026-06-17,NA,"Custer","https://apps.opi.mt.gov/mtjobsforteachers/frmJobListingPublic.aspx","Custer","OPI Jobs for Teachers (statewide)",2026-09-01,"OPI fallback: title + raw location + posted date (not a stable OPI ID)","fallback:opi-fallbackopi jobs for teachers (statewide)custerphysical edcuster2026-06-17#1"
"History",2026-06-17,NA,"Big Timber, MT","https://apps.opi.mt.gov/mtjobsforteachers/frmJobListingPublic.aspx","Big Timber, MT","OPI Jobs for Teachers (statewide)",2026-09-01,"OPI fallback: title + raw location + posted date (not a stable OPI ID)","fallback:opi-fallbackopi jobs for teachers (statewide)big timber, mthistorybig timber, mt2026-06-17#1"
"Special Education",2026-06-17,NA,"Big Timber, MT","https://apps.opi.mt.gov/mtjobsforteachers/frmJobListingPublic.aspx","Big Timber, MT","OPI Jobs for Teachers (statewide)",2026-09-01,"OPI fallback: title + raw location + posted date (not a stable OPI ID)","fallback:opi-fallbackopi jobs for teachers (statewide)big timber, mtspecial educationbig timber, mt2026-06-17#1"
"Music",2026-06-17,NA,"Livingston","https://apps.opi.mt.gov/mtjobsforteachers/frmJobListingPublic.aspx","Livingston","OPI Jobs for Teachers (statewide)",2026-09-01,"OPI fallback: title + raw location + posted date (not a stable OPI ID)","fallback:opi-fallbackopi jobs for teachers (statewide)livingstonmusiclivingston2026-06-17#1"
"Other",2026-06-17,NA,"Livingston","https://apps.opi.mt.gov/mtjobsforteachers/frmJobListingPublic.aspx","Livingston","OPI Jobs for Teachers (statewide)",2026-09-01,"OPI fallback: title + raw location + posted date (not a stable OPI ID)","fallback:opi-fallbackopi jobs for teachers (statewide)livingstonotherlivingston2026-06-17#1"
"Other",2026-06-17,NA,"Livingston","https://apps.opi.mt.gov/mtjobsforteachers/frmJobListingPublic.aspx","Livingston","OPI Jobs for Teachers (statewide)",2026-09-01,"OPI fallback: title + raw location + posted date (not a stable OPI ID)","fallback:opi-fallbackopi jobs for teachers (statewide)livingstonotherlivingston2026-06-17#2"
"Administrative - Superintendent",2026-06-16,NA,"Froid MT","https://apps.opi.mt.gov/mtjobsforteachers/frmJobListingPublic.aspx","Froid MT","OPI Jobs for Teachers (statewide)",2026-09-01,"OPI fallback: title + raw location + posted date (not a stable OPI ID)","fallback:opi-fallbackopi jobs for teachers (statewide)froid mtadministrative - superintendentfroid mt2026-06-16#1"
"Coach",2026-06-16,NA,"Lockwood","https://apps.opi.mt.gov/mtjobsforteachers/frmJobListingPublic.aspx","Lockwood","OPI Jobs for Teachers (statewide)",2026-09-01,"OPI fallback: title + raw location + posted date (not a stable OPI ID)","fallback:opi-fallbackopi jobs for teachers (statewide)lockwoodcoachlockwood2026-06-16#1"
"Paraprofessional - Instructional",2026-06-16,NA,"Missoula","https://apps.opi.mt.gov/mtjobsforteachers/frmJobListingPublic.aspx","Missoula","OPI Jobs for Teachers (statewide)",2026-09-01,"OPI fallback: title + raw location + posted date (not a stable OPI ID)","fallback:opi-fallbackopi jobs for teachers (statewide)missoulaparaprofessional - instructionalmissoula2026-06-16#1"
"World Languages",2026-06-16,NA,"Saint Ignatius- Salish Teacher","https://apps.opi.mt.gov/mtjobsforteachers/frmJobListingPublic.aspx","Saint Ignatius- Salish Teacher","OPI Jobs for Teachers (statewide)",2026-09-01,"OPI fallback: title + raw location + posted date (not a stable OPI ID)","fallback:opi-fallbackopi jobs for teachers (statewide)saint ignatius- salish teacherworld languagessaint ignatius- salish teacher2026-06-16#1"
"Music",2026-06-16,NA,"Absarokee","https://apps.opi.mt.gov/mtjobsforteachers/frmJobListingPublic.aspx","Absarokee","OPI Jobs for Teachers (statewide)",2026-09-01,"OPI fallback: title + raw location + posted date (not a stable OPI ID)","fallback:opi-fallbackopi jobs for teachers (statewide)absarokeemusicabsarokee2026-06-16#1"
"Paraprofessional - Special Education",2026-06-16,NA,"Missoula","https://apps.opi.mt.gov/mtjobsforteachers/frmJobListingPublic.aspx","Missoula","OPI Jobs for Teachers (statewide)",2026-09-01,"OPI fallback: title + raw location + posted date (not a stable OPI ID)","fallback:opi-fallbackopi jobs for teachers (statewide)missoulaparaprofessional - special educationmissoula2026-06-16#1"
"School Counseling",2026-06-16,NA,"Livingston","https://apps.opi.mt.gov/mtjobsforteachers/frmJobListingPublic.aspx","Livingston","OPI Jobs for Teachers (statewide)",2026-09-01,"OPI fallback: title + raw location + posted date (not a stable OPI ID)","fallback:opi-fallbackopi jobs for teachers (statewide)livingstonschool counselinglivingston2026-06-16#1"
"Physical Ed",2026-06-16,NA,"Havre","https://apps.opi.mt.gov/mtjobsforteachers/frmJobListingPublic.aspx","Havre","OPI Jobs for Teachers (statewide)",2026-09-01,"OPI fallback: title + raw location + posted date (not a stable OPI ID)","fallback:opi-fallbackopi jobs for teachers (statewide)havrephysical edhavre2026-06-16#1"
"Other",2026-06-16,NA,"Billings-SD3","https://apps.opi.mt.gov/mtjobsforteachers/frmJobListingPublic.aspx","Billings-SD3","OPI Jobs for Teachers (statewide)",2026-09-01,"OPI fallback: title + raw location + posted date (not a stable OPI ID)","fallback:opi-fallbackopi jobs for teachers (statewide)billings-sd3otherbillings-sd32026-06-16#1"
"Elementary Curriculum",2026-06-16,NA,"Havre","https://apps.opi.mt.gov/mtjobsforteachers/frmJobListingPublic.aspx","Havre","OPI Jobs for Teachers (statewide)",2026-09-01,"OPI fallback: title + raw location + posted date (not a stable OPI ID)","fallback:opi-fallbackopi jobs for teachers (statewide)havreelementary curriculumhavre2026-06-16#1"
"School Psychologist",2026-06-15,NA,"Kalispell","https://apps.opi.mt.gov/mtjobsforteachers/frmJobListingPublic.aspx","Kalispell","OPI Jobs for Teachers (statewide)",2026-09-01,"OPI fallback: title + raw location + posted date (not a stable OPI ID)","fallback:opi-fallbackopi jobs for teachers (statewide)kalispellschool psychologistkalispell2026-06-15#1"
"Special Education",2026-06-15,NA,"Kalispell","https://apps.opi.mt.gov/mtjobsforteachers/frmJobListingPublic.aspx","Kalispell","OPI Jobs for Teachers (statewide)",2026-09-01,"OPI fallback: title + raw location + posted date (not a stable OPI ID)","fallback:opi-fallbackopi jobs for teachers (statewide)kalispellspecial educationkalispell2026-06-15#1"
"Elementary Curriculum",2026-06-15,NA,"Conrad","https://apps.opi.mt.gov/mtjobsforteachers/frmJobListingPublic.aspx","Conrad","OPI Jobs for Teachers (statewide)",2026-09-01,"OPI fallback: title + raw location + posted date (not a stable OPI ID)","fallback:opi-fallbackopi jobs for teachers (statewide)conradelementary curriculumconrad2026-06-15#1"
"Mathematics",2026-06-15,NA,"Livingston","https://apps.opi.mt.gov/mtjobsforteachers/frmJobListingPublic.aspx","Livingston","OPI Jobs for Teachers (statewide)",2026-09-01,"OPI fallback: title + raw location + posted date (not a stable OPI ID)","fallback:opi-fallbackopi jobs for teachers (statewide)livingstonmathematicslivingston2026-06-15#1"
"Science (Broadfield)",2026-06-12,NA,"Wolf Point","https://apps.opi.mt.gov/mtjobsforteachers/frmJobListingPublic.aspx","Wolf Point","OPI Jobs for Teachers (statewide)",2026-09-01,"OPI fallback: title + raw location + posted date (not a stable OPI ID)","fallback:opi-fallbackopi jobs for teachers (statewide)wolf pointscience (broadfield)wolf point2026-06-12#1"
"Special Education",2026-06-12,NA,"Kalispell","https://apps.opi.mt.gov/mtjobsforteachers/frmJobListingPublic.aspx","Kalispell","OPI Jobs for Teachers (statewide)",2026-09-01,"OPI fallback: title + raw location + posted date (not a stable OPI ID)","fallback:opi-fallbackopi jobs for teachers (statewide)kalispellspecial educationkalispell2026-06-12#1"
"Physical Therapist",2026-06-12,NA,"Kalispell","https://apps.opi.mt.gov/mtjobsforteachers/frmJobListingPublic.aspx","Kalispell","OPI Jobs for Teachers (statewide)",2026-09-01,"OPI fallback: title + raw location + posted date (not a stable OPI ID)","fallback:opi-fallbackopi jobs for teachers (statewide)kalispellphysical therapistkalispell2026-06-12#1"
"Music",2026-06-11,NA,"Park City","https://apps.opi.mt.gov/mtjobsforteachers/frmJobListingPublic.aspx","Park City","OPI Jobs for Teachers (statewide)",2026-09-01,"OPI fallback: title + raw location + posted date (not a stable OPI ID)","fallback:opi-fallbackopi jobs for teachers (statewide)park citymusicpark city2026-06-11#1"
"CTE – Family and Consumer Sciences",2026-06-11,NA,"FAIRVIEW","https://apps.opi.mt.gov/mtjobsforteachers/frmJobListingPublic.aspx","FAIRVIEW","OPI Jobs for Teachers (statewide)",2026-09-01,"OPI fallback: title + raw location + posted date (not a stable OPI ID)","fallback:opi-fallbackopi jobs for teachers (statewide)fairviewcte – family and consumer sciencesfairview2026-06-11#1"
"Administrative - Principal",2026-06-11,NA,"BUSBY","https://apps.opi.mt.gov/mtjobsforteachers/frmJobListingPublic.aspx","BUSBY","OPI Jobs for Teachers (statewide)",2026-09-01,"OPI fallback: title + raw location + posted date (not a stable OPI ID)","fallback:opi-fallbackopi jobs for teachers (statewide)busbyadministrative - principalbusby2026-06-11#1"
"School Psychologist",2026-06-11,NA,"Great Falls","https://apps.opi.mt.gov/mtjobsforteachers/frmJobListingPublic.aspx","Great Falls","OPI Jobs for Teachers (statewide)",2026-09-01,"OPI fallback: title + raw location + posted date (not a stable OPI ID)","fallback:opi-fallbackopi jobs for teachers (statewide)great fallsschool psychologistgreat falls2026-06-11#1"
"Computer Science",2026-06-10,NA,"Forsyth","https://apps.opi.mt.gov/mtjobsforteachers/frmJobListingPublic.aspx","Forsyth","OPI Jobs for Teachers (statewide)",2026-09-01,"OPI fallback: title + raw location + posted date (not a stable OPI ID)","fallback:opi-fallbackopi jobs for teachers (statewide)forsythcomputer scienceforsyth2026-06-10#1"
"Physical Ed",2026-06-10,NA,"Lima","https://apps.opi.mt.gov/mtjobsforteachers/frmJobListingPublic.aspx","Lima","OPI Jobs for Teachers (statewide)",2026-09-01,"OPI fallback: title + raw location + posted date (not a stable OPI ID)","fallback:opi-fallbackopi jobs for teachers (statewide)limaphysical edlima2026-06-10#1"
"Mathematics",2026-06-10,NA,"Lima","https://apps.opi.mt.gov/mtjobsforteachers/frmJobListingPublic.aspx","Lima","OPI Jobs for Teachers (statewide)",2026-09-01,"OPI fallback: title + raw location + posted date (not a stable OPI ID)","fallback:opi-fallbackopi jobs for teachers (statewide)limamathematicslima2026-06-10#1"
"English",2026-06-10,NA,"Lima","https://apps.opi.mt.gov/mtjobsforteachers/frmJobListingPublic.aspx","Lima","OPI Jobs for Teachers (statewide)",2026-09-01,"OPI fallback: title + raw location + posted date (not a stable OPI ID)","fallback:opi-fallbackopi jobs for teachers (statewide)limaenglishlima2026-06-10#1"
"Paraprofessional - Special Education",2026-06-10,NA,"Lima","https://apps.opi.mt.gov/mtjobsforteachers/frmJobListingPublic.aspx","Lima","OPI Jobs for Teachers (statewide)",2026-09-01,"OPI fallback: title + raw location + posted date (not a stable OPI ID)","fallback:opi-fallbackopi jobs for teachers (statewide)limaparaprofessional - special educationlima2026-06-10#1"
"Special Education",2026-06-10,NA,"Three Forks","https://apps.opi.mt.gov/mtjobsforteachers/frmJobListingPublic.aspx","Three Forks","OPI Jobs for Teachers (statewide)",2026-09-01,"OPI fallback: title + raw location + posted date (not a stable OPI ID)","fallback:opi-fallbackopi jobs for teachers (statewide)three forksspecial educationthree forks2026-06-10#1"
"Computer Science",2026-06-10,NA,"Ronan","https://apps.opi.mt.gov/mtjobsforteachers/frmJobListingPublic.aspx","Ronan","OPI Jobs for Teachers (statewide)",2026-09-01,"OPI fallback: title + raw location + posted date (not a stable OPI ID)","fallback:opi-fallbackopi jobs for teachers (statewide)ronancomputer scienceronan2026-06-10#1"
"Music",2026-06-10,NA,"Ronan","https://apps.opi.mt.gov/mtjobsforteachers/frmJobListingPublic.aspx","Ronan","OPI Jobs for Teachers (statewide)",2026-09-01,"OPI fallback: title + raw location + posted date (not a stable OPI ID)","fallback:opi-fallbackopi jobs for teachers (statewide)ronanmusicronan2026-06-10#1"
"Nurse",2026-06-10,NA,"Ronan","https://apps.opi.mt.gov/mtjobsforteachers/frmJobListingPublic.aspx","Ronan","OPI Jobs for Teachers (statewide)",2026-09-01,"OPI fallback: title + raw location + posted date (not a stable OPI ID)","fallback:opi-fallbackopi jobs for teachers (statewide)ronannurseronan2026-06-10#1"
"Elementary Curriculum",2026-06-10,NA,"Lodge Grass","https://apps.opi.mt.gov/mtjobsforteachers/frmJobListingPublic.aspx","Lodge Grass","OPI Jobs for Teachers (statewide)",2026-09-01,"OPI fallback: title + raw location + posted date (not a stable OPI ID)","fallback:opi-fallbackopi jobs for teachers (statewide)lodge grasselementary curriculumlodge grass2026-06-10#1"
"CTE – Business and Marketing Education",2026-06-10,NA,"Lodge Grass","https://apps.opi.mt.gov/mtjobsforteachers/frmJobListingPublic.aspx","Lodge Grass","OPI Jobs for Teachers (statewide)",2026-09-01,"OPI fallback: title + raw location + posted date (not a stable OPI ID)","fallback:opi-fallbackopi jobs for teachers (statewide)lodge grasscte – business and marketing educationlodge grass2026-06-10#1"
"Special Education",2026-06-09,NA,"Clyde Park","https://apps.opi.mt.gov/mtjobsforteachers/frmJobListingPublic.aspx","Clyde Park","OPI Jobs for Teachers (statewide)",2026-09-01,"OPI fallback: title + raw location + posted date (not a stable OPI ID)","fallback:opi-fallbackopi jobs for teachers (statewide)clyde parkspecial educationclyde park2026-06-09#1"
"Elementary Curriculum",2026-06-09,NA,"Wilsall","https://apps.opi.mt.gov/mtjobsforteachers/frmJobListingPublic.aspx","Wilsall","OPI Jobs for Teachers (statewide)",2026-09-01,"OPI fallback: title + raw location + posted date (not a stable OPI ID)","fallback:opi-fallbackopi jobs for teachers (statewide)wilsallelementary curriculumwilsall2026-06-09#1"
"Elementary Curriculum",2026-06-09,NA,"Rosebud","https://apps.opi.mt.gov/mtjobsforteachers/frmJobListingPublic.aspx","Rosebud","OPI Jobs for Teachers (statewide)",2026-09-01,"OPI fallback: title + raw location + posted date (not a stable OPI ID)","fallback:opi-fallbackopi jobs for teachers (statewide)rosebudelementary curriculumrosebud2026-06-09#1"
"Elementary Curriculum",2026-06-09,NA,"Geraldine","https://apps.opi.mt.gov/mtjobsforteachers/frmJobListingPublic.aspx","Geraldine","OPI Jobs for Teachers (statewide)",2026-09-01,"OPI fallback: title + raw location + posted date (not a stable OPI ID)","fallback:opi-fallbackopi jobs for teachers (statewide)geraldineelementary curriculumgeraldine2026-06-09#1"
"Elementary Curriculum",2026-06-08,NA,"White Sulphur Springs","https://apps.opi.mt.gov/mtjobsforteachers/frmJobListingPublic.aspx","White Sulphur Springs","OPI Jobs for Teachers (statewide)",2026-09-01,"OPI fallback: title + raw location + posted date (not a stable OPI ID)","fallback:opi-fallbackopi jobs for teachers (statewide)white sulphur springselementary curriculumwhite sulphur springs2026-06-08#1"
"Social Studies (Broadfield)",2026-06-08,NA,"Belfry","https://apps.opi.mt.gov/mtjobsforteachers/frmJobListingPublic.aspx","Belfry","OPI Jobs for Teachers (statewide)",2026-09-01,"OPI fallback: title + raw location + posted date (not a stable OPI ID)","fallback:opi-fallbackopi jobs for teachers (statewide)belfrysocial studies (broadfield)belfry2026-06-08#1"
"Elementary Curriculum",2026-06-08,NA,"Livingston","https://apps.opi.mt.gov/mtjobsforteachers/frmJobListingPublic.aspx","Livingston","OPI Jobs for Teachers (statewide)",2026-09-01,"OPI fallback: title + raw location + posted date (not a stable OPI ID)","fallback:opi-fallbackopi jobs for teachers (statewide)livingstonelementary curriculumlivingston2026-06-08#1"
"Administrative - Principal",2026-06-08,NA,"Ronan","https://apps.opi.mt.gov/mtjobsforteachers/frmJobListingPublic.aspx","Ronan","OPI Jobs for Teachers (statewide)",2026-09-01,"OPI fallback: title + raw location + posted date (not a stable OPI ID)","fallback:opi-fallbackopi jobs for teachers (statewide)ronanadministrative - principalronan2026-06-08#1"
"Music",2026-06-07,NA,"Westby","https://apps.opi.mt.gov/mtjobsforteachers/frmJobListingPublic.aspx","Westby","OPI Jobs for Teachers (statewide)",2026-09-01,"OPI fallback: title + raw location + posted date (not a stable OPI ID)","fallback:opi-fallbackopi jobs for teachers (statewide)westbymusicwestby2026-06-07#1"
"Elementary Curriculum",2026-06-07,NA,"Westby","https://apps.opi.mt.gov/mtjobsforteachers/frmJobListingPublic.aspx","Westby","OPI Jobs for Teachers (statewide)",2026-09-01,"OPI fallback: title + raw location + posted date (not a stable OPI ID)","fallback:opi-fallbackopi jobs for teachers (statewide)westbyelementary curriculumwestby2026-06-07#1"
"Social Studies (Broadfield)",2026-06-07,NA,"Westby","https://apps.opi.mt.gov/mtjobsforteachers/frmJobListingPublic.aspx","Westby","OPI Jobs for Teachers (statewide)",2026-09-01,"OPI fallback: title + raw location + posted date (not a stable OPI ID)","fallback:opi-fallbackopi jobs for teachers (statewide)westbysocial studies (broadfield)westby2026-06-07#1"
"Paraprofessional - Special Education",2026-06-05,NA,"Clancy, MT","https://apps.opi.mt.gov/mtjobsforteachers/frmJobListingPublic.aspx","Clancy, MT","OPI Jobs for Teachers (statewide)",2026-09-01,"OPI fallback: title + raw location + posted date (not a stable OPI ID)","fallback:opi-fallbackopi jobs for teachers (statewide)clancy, mtparaprofessional - special educationclancy, mt2026-06-05#1"
"Special Education",2026-06-04,NA,"Rudyard/Gildford","https://apps.opi.mt.gov/mtjobsforteachers/frmJobListingPublic.aspx","Rudyard/Gildford","OPI Jobs for Teachers (statewide)",2026-09-01,"OPI fallback: title + raw location + posted date (not a stable OPI ID)","fallback:opi-fallbackopi jobs for teachers (statewide)rudyard/gildfordspecial educationrudyard/gildford2026-06-04#1"
"CTE – Family and Consumer Sciences",2026-06-04,NA,"Rudyard/Gildford","https://apps.opi.mt.gov/mtjobsforteachers/frmJobListingPublic.aspx","Rudyard/Gildford","OPI Jobs for Teachers (statewide)",2026-09-01,"OPI fallback: title + raw location + posted date (not a stable OPI ID)","fallback:opi-fallbackopi jobs for teachers (statewide)rudyard/gildfordcte – family and consumer sciencesrudyard/gildford2026-06-04#1"
"Music",2026-06-04,NA,"RUDYARD","https://apps.opi.mt.gov/mtjobsforteachers/frmJobListingPublic.aspx","RUDYARD","OPI Jobs for Teachers (statewide)",2026-09-01,"OPI fallback: title + raw location + posted date (not a stable OPI ID)","fallback:opi-fallbackopi jobs for teachers (statewide)rudyardmusicrudyard2026-06-04#1"
"CTE – Family and Consumer Sciences",2026-06-04,NA,"Kalispell","https://apps.opi.mt.gov/mtjobsforteachers/frmJobListingPublic.aspx","Kalispell","OPI Jobs for Teachers (statewide)",2026-09-01,"OPI fallback: title + raw location + posted date (not a stable OPI ID)","fallback:opi-fallbackopi jobs for teachers (statewide)kalispellcte – family and consumer scienceskalispell2026-06-04#1"
"Special Education",2026-06-04,NA,"Kalispell","https://apps.opi.mt.gov/mtjobsforteachers/frmJobListingPublic.aspx","Kalispell","OPI Jobs for Teachers (statewide)",2026-09-01,"OPI fallback: title + raw location + posted date (not a stable OPI ID)","fallback:opi-fallbackopi jobs for teachers (statewide)kalispellspecial educationkalispell2026-06-04#1"
"Administrative - Superintendent",2026-06-04,NA,"Lockwood","https://apps.opi.mt.gov/mtjobsforteachers/frmJobListingPublic.aspx","Lockwood","OPI Jobs for Teachers (statewide)",2026-09-01,"OPI fallback: title + raw location + posted date (not a stable OPI ID)","fallback:opi-fallbackopi jobs for teachers (statewide)lockwoodadministrative - superintendentlockwood2026-06-04#1"
"Library",2026-06-03,NA,"841 Bear Canyon Road","https://apps.opi.mt.gov/mtjobsforteachers/frmJobListingPublic.aspx","841 Bear Canyon Road","OPI Jobs for Teachers (statewide)",2026-09-01,"OPI fallback: title + raw location + posted date (not a stable OPI ID)","fallback:opi-fallbackopi jobs for teachers (statewide)841 bear canyon roadlibrary841 bear canyon road2026-06-03#1"
"Elementary Curriculum",2026-06-03,NA,"Livingston","https://apps.opi.mt.gov/mtjobsforteachers/frmJobListingPublic.aspx","Livingston","OPI Jobs for Teachers (statewide)",2026-09-01,"OPI fallback: title + raw location + posted date (not a stable OPI ID)","fallback:opi-fallbackopi jobs for teachers (statewide)livingstonelementary curriculumlivingston2026-06-03#1"
"Elementary Curriculum",2026-06-02,NA,"Condon","https://apps.opi.mt.gov/mtjobsforteachers/frmJobListingPublic.aspx","Condon","OPI Jobs for Teachers (statewide)",2026-09-01,"OPI fallback: title + raw location + posted date (not a stable OPI ID)","fallback:opi-fallbackopi jobs for teachers (statewide)condonelementary curriculumcondon2026-06-02#1"
"Elementary Curriculum",2026-06-02,NA,"Superior, Montana","https://apps.opi.mt.gov/mtjobsforteachers/frmJobListingPublic.aspx","Superior, Montana","OPI Jobs for Teachers (statewide)",2026-09-01,"OPI fallback: title + raw location + posted date (not a stable OPI ID)","fallback:opi-fallbackopi jobs for teachers (statewide)superior, montanaelementary curriculumsuperior, montana2026-06-02#1"
"Music",2026-06-02,NA,"GREAT FALLS","https://apps.opi.mt.gov/mtjobsforteachers/frmJobListingPublic.aspx","GREAT FALLS","OPI Jobs for Teachers (statewide)",2026-09-01,"OPI fallback: title + raw location + posted date (not a stable OPI ID)","fallback:opi-fallbackopi jobs for teachers (statewide)great fallsmusicgreat falls2026-06-02#1"
"Mathematics",2026-06-02,NA,"MISSOULA","https://apps.opi.mt.gov/mtjobsforteachers/frmJobListingPublic.aspx","MISSOULA","OPI Jobs for Teachers (statewide)",2026-09-01,"OPI fallback: title + raw location + posted date (not a stable OPI ID)","fallback:opi-fallbackopi jobs for teachers (statewide)missoulamathematicsmissoula2026-06-02#1"
"Elementary Curriculum",2026-06-01,NA,"Wolf Point","https://apps.opi.mt.gov/mtjobsforteachers/frmJobListingPublic.aspx","Wolf Point","OPI Jobs for Teachers (statewide)",2026-09-01,"OPI fallback: title + raw location + posted date (not a stable OPI ID)","fallback:opi-fallbackopi jobs for teachers (statewide)wolf pointelementary curriculumwolf point2026-06-01#1"
"Music",2026-06-01,NA,"Terry","https://apps.opi.mt.gov/mtjobsforteachers/frmJobListingPublic.aspx","Terry","OPI Jobs for Teachers (statewide)",2026-09-01,"OPI fallback: title + raw location + posted date (not a stable OPI ID)","fallback:opi-fallbackopi jobs for teachers (statewide)terrymusicterry2026-06-01#1"
"Elementary Curriculum",2026-06-01,NA,"Rocky Boy","https://apps.opi.mt.gov/mtjobsforteachers/frmJobListingPublic.aspx","Rocky Boy","OPI Jobs for Teachers (statewide)",2026-09-01,"OPI fallback: title + raw location + posted date (not a stable OPI ID)","fallback:opi-fallbackopi jobs for teachers (statewide)rocky boyelementary curriculumrocky boy2026-06-01#1"
"Administrative - Principal",2026-06-01,NA,"Rocky Boy","https://apps.opi.mt.gov/mtjobsforteachers/frmJobListingPublic.aspx","Rocky Boy","OPI Jobs for Teachers (statewide)",2026-09-01,"OPI fallback: title + raw location + posted date (not a stable OPI ID)","fallback:opi-fallbackopi jobs for teachers (statewide)rocky boyadministrative - principalrocky boy2026-06-01#1"
"Special Education",2026-06-01,NA,"Independent School - Billings","https://apps.opi.mt.gov/mtjobsforteachers/frmJobListingPublic.aspx","Independent School - Billings","OPI Jobs for Teachers (statewide)",2026-09-01,"OPI fallback: title + raw location + posted date (not a stable OPI ID)","fallback:opi-fallbackopi jobs for teachers (statewide)independent school - billingsspecial educationindependent school - billings2026-06-01#1"
"Elementary Curriculum",2026-06-01,NA,"Geraldine","https://apps.opi.mt.gov/mtjobsforteachers/frmJobListingPublic.aspx","Geraldine","OPI Jobs for Teachers (statewide)",2026-09-01,"OPI fallback: title + raw location + posted date (not a stable OPI ID)","fallback:opi-fallbackopi jobs for teachers (statewide)geraldineelementary curriculumgeraldine2026-06-01#1"
"Elementary Curriculum",2026-06-01,NA,"Seeley Lake","https://apps.opi.mt.gov/mtjobsforteachers/frmJobListingPublic.aspx","Seeley Lake","OPI Jobs for Teachers (statewide)",2026-09-01,"OPI fallback: title + raw location + posted date (not a stable OPI ID)","fallback:opi-fallbackopi jobs for teachers (statewide)seeley lakeelementary curriculumseeley lake2026-06-01#1"
"Mathematics",2026-06-01,NA,"Billings","https://apps.opi.mt.gov/mtjobsforteachers/frmJobListingPublic.aspx","Billings","OPI Jobs for Teachers (statewide)",2026-09-01,"OPI fallback: title + raw location + posted date (not a stable OPI ID)","fallback:opi-fallbackopi jobs for teachers (statewide)billingsmathematicsbillings2026-06-01#1"
"Administrative - Principal",2026-06-01,NA,"Billings","https://apps.opi.mt.gov/mtjobsforteachers/frmJobListingPublic.aspx","Billings","OPI Jobs for Teachers (statewide)",2026-09-01,"OPI fallback: title + raw location + posted date (not a stable OPI ID)","fallback:opi-fallbackopi jobs for teachers (statewide)billingsadministrative - principalbillings2026-06-01#1"
"Social Studies (Broadfield)",2026-06-01,NA,"Billings","https://apps.opi.mt.gov/mtjobsforteachers/frmJobListingPublic.aspx","Billings","OPI Jobs for Teachers (statewide)",2026-09-01,"OPI fallback: title + raw location + posted date (not a stable OPI ID)","fallback:opi-fallbackopi jobs for teachers (statewide)billingssocial studies (broadfield)billings2026-06-01#1"
"Elementary Curriculum",2026-05-31,NA,"Rural Havre","https://apps.opi.mt.gov/mtjobsforteachers/frmJobListingPublic.aspx","Rural Havre","OPI Jobs for Teachers (statewide)",2026-09-01,"OPI fallback: title + raw location + posted date (not a stable OPI ID)","fallback:opi-fallbackopi jobs for teachers (statewide)rural havreelementary curriculumrural havre2026-05-31#1"
"Special Education",2026-05-29,NA,"Cascade","https://apps.opi.mt.gov/mtjobsforteachers/frmJobListingPublic.aspx","Cascade","OPI Jobs for Teachers (statewide)",2026-09-01,"OPI fallback: title + raw location + posted date (not a stable OPI ID)","fallback:opi-fallbackopi jobs for teachers (statewide)cascadespecial educationcascade2026-05-29#1"
"Mathematics",2026-05-29,NA,"Cascade","https://apps.opi.mt.gov/mtjobsforteachers/frmJobListingPublic.aspx","Cascade","OPI Jobs for Teachers (statewide)",2026-09-01,"OPI fallback: title + raw location + posted date (not a stable OPI ID)","fallback:opi-fallbackopi jobs for teachers (statewide)cascademathematicscascade2026-05-29#1"
"Science (Broadfield)",2026-05-29,NA,"Cascade","https://apps.opi.mt.gov/mtjobsforteachers/frmJobListingPublic.aspx","Cascade","OPI Jobs for Teachers (statewide)",2026-09-01,"OPI fallback: title + raw location + posted date (not a stable OPI ID)","fallback:opi-fallbackopi jobs for teachers (statewide)cascadescience (broadfield)cascade2026-05-29#1"
"Music",2026-05-29,NA,"Big Sandy","https://apps.opi.mt.gov/mtjobsforteachers/frmJobListingPublic.aspx","Big Sandy","OPI Jobs for Teachers (statewide)",2026-09-01,"OPI fallback: title + raw location + posted date (not a stable OPI ID)","fallback:opi-fallbackopi jobs for teachers (statewide)big sandymusicbig sandy2026-05-29#1"
"Special Education",2026-05-29,NA,"Big Sandy","https://apps.opi.mt.gov/mtjobsforteachers/frmJobListingPublic.aspx","Big Sandy","OPI Jobs for Teachers (statewide)",2026-09-01,"OPI fallback: title + raw location + posted date (not a stable OPI ID)","fallback:opi-fallbackopi jobs for teachers (statewide)big sandyspecial educationbig sandy2026-05-29#1"
"Music",2026-05-29,NA,"Big Sandy","https://apps.opi.mt.gov/mtjobsforteachers/frmJobListingPublic.aspx","Big Sandy","OPI Jobs for Teachers (statewide)",2026-09-01,"OPI fallback: title + raw location + posted date (not a stable OPI ID)","fallback:opi-fallbackopi jobs for teachers (statewide)big sandymusicbig sandy2026-05-29#2"
"Music",2026-05-29,NA,"Big Sandy","https://apps.opi.mt.gov/mtjobsforteachers/frmJobListingPublic.aspx","Big Sandy","OPI Jobs for Teachers (statewide)",2026-09-01,"OPI fallback: title + raw location + posted date (not a stable OPI ID)","fallback:opi-fallbackopi jobs for teachers (statewide)big sandymusicbig sandy2026-05-29#3"
"Music",2026-05-29,NA,"GREAT FALLS","https://apps.opi.mt.gov/mtjobsforteachers/frmJobListingPublic.aspx","GREAT FALLS","OPI Jobs for Teachers (statewide)",2026-09-01,"OPI fallback: title + raw location + posted date (not a stable OPI ID)","fallback:opi-fallbackopi jobs for teachers (statewide)great fallsmusicgreat falls2026-05-29#1"
"Paraprofessional - Instructional",2026-05-28,NA,"Vida","https://apps.opi.mt.gov/mtjobsforteachers/frmJobListingPublic.aspx","Vida","OPI Jobs for Teachers (statewide)",2026-09-01,"OPI fallback: title + raw location + posted date (not a stable OPI ID)","fallback:opi-fallbackopi jobs for teachers (statewide)vidaparaprofessional - instructionalvida2026-05-28#1"
"Art",2026-05-28,NA,"Hays","https://apps.opi.mt.gov/mtjobsforteachers/frmJobListingPublic.aspx","Hays","OPI Jobs for Teachers (statewide)",2026-09-01,"OPI fallback: title + raw location + posted date (not a stable OPI ID)","fallback:opi-fallbackopi jobs for teachers (statewide)haysarthays2026-05-28#1"
"Elementary Curriculum",2026-05-28,NA,"Vida","https://apps.opi.mt.gov/mtjobsforteachers/frmJobListingPublic.aspx","Vida","OPI Jobs for Teachers (statewide)",2026-09-01,"OPI fallback: title + raw location + posted date (not a stable OPI ID)","fallback:opi-fallbackopi jobs for teachers (statewide)vidaelementary curriculumvida2026-05-28#1"
"Elementary Curriculum",2026-05-28,NA,"Troy","https://apps.opi.mt.gov/mtjobsforteachers/frmJobListingPublic.aspx","Troy","OPI Jobs for Teachers (statewide)",2026-09-01,"OPI fallback: title + raw location + posted date (not a stable OPI ID)","fallback:opi-fallbackopi jobs for teachers (statewide)troyelementary curriculumtroy2026-05-28#1"
"Special Education",2026-05-28,NA,"Vida","https://apps.opi.mt.gov/mtjobsforteachers/frmJobListingPublic.aspx","Vida","OPI Jobs for Teachers (statewide)",2026-09-01,"OPI fallback: title + raw location + posted date (not a stable OPI ID)","fallback:opi-fallbackopi jobs for teachers (statewide)vidaspecial educationvida2026-05-28#1"
"Music",2026-05-28,NA,"Seeley Lake","https://apps.opi.mt.gov/mtjobsforteachers/frmJobListingPublic.aspx","Seeley Lake","OPI Jobs for Teachers (statewide)",2026-09-01,"OPI fallback: title + raw location + posted date (not a stable OPI ID)","fallback:opi-fallbackopi jobs for teachers (statewide)seeley lakemusicseeley lake2026-05-28#1"
"CTE – Family and Consumer Sciences",2026-05-27,NA,"Drummond","https://apps.opi.mt.gov/mtjobsforteachers/frmJobListingPublic.aspx","Drummond","OPI Jobs for Teachers (statewide)",2026-09-01,"OPI fallback: title + raw location + posted date (not a stable OPI ID)","fallback:opi-fallbackopi jobs for teachers (statewide)drummondcte – family and consumer sciencesdrummond2026-05-27#1"
"Library",2026-05-27,NA,"Drummond","https://apps.opi.mt.gov/mtjobsforteachers/frmJobListingPublic.aspx","Drummond","OPI Jobs for Teachers (statewide)",2026-09-01,"OPI fallback: title + raw location + posted date (not a stable OPI ID)","fallback:opi-fallbackopi jobs for teachers (statewide)drummondlibrarydrummond2026-05-27#1"
"CTE – Family and Consumer Sciences",2026-05-27,NA,"Drummond","https://apps.opi.mt.gov/mtjobsforteachers/frmJobListingPublic.aspx","Drummond","OPI Jobs for Teachers (statewide)",2026-09-01,"OPI fallback: title + raw location + posted date (not a stable OPI ID)","fallback:opi-fallbackopi jobs for teachers (statewide)drummondcte – family and consumer sciencesdrummond2026-05-27#2"
"Library",2026-05-27,NA,"Drummond","https://apps.opi.mt.gov/mtjobsforteachers/frmJobListingPublic.aspx","Drummond","OPI Jobs for Teachers (statewide)",2026-09-01,"OPI fallback: title + raw location + posted date (not a stable OPI ID)","fallback:opi-fallbackopi jobs for teachers (statewide)drummondlibrarydrummond2026-05-27#2"
"Art",2026-05-27,NA,"Clyde Park","https://apps.opi.mt.gov/mtjobsforteachers/frmJobListingPublic.aspx","Clyde Park","OPI Jobs for Teachers (statewide)",2026-09-01,"OPI fallback: title + raw location + posted date (not a stable OPI ID)","fallback:opi-fallbackopi jobs for teachers (statewide)clyde parkartclyde park2026-05-27#1"
"Elementary Curriculum",2026-05-27,NA,"Geraldine","https://apps.opi.mt.gov/mtjobsforteachers/frmJobListingPublic.aspx","Geraldine","OPI Jobs for Teachers (statewide)",2026-09-01,"OPI fallback: title + raw location + posted date (not a stable OPI ID)","fallback:opi-fallbackopi jobs for teachers (statewide)geraldineelementary curriculumgeraldine2026-05-27#1"
"Coach",2026-05-27,NA,"Missoula","https://apps.opi.mt.gov/mtjobsforteachers/frmJobListingPublic.aspx","Missoula","OPI Jobs for Teachers (statewide)",2026-09-01,"OPI fallback: title + raw location + posted date (not a stable OPI ID)","fallback:opi-fallbackopi jobs for teachers (statewide)missoulacoachmissoula2026-05-27#1"
"Mathematics",2026-05-26,NA,"Boulder","https://apps.opi.mt.gov/mtjobsforteachers/frmJobListingPublic.aspx","Boulder","OPI Jobs for Teachers (statewide)",2026-09-01,"OPI fallback: title + raw location + posted date (not a stable OPI ID)","fallback:opi-fallbackopi jobs for teachers (statewide)bouldermathematicsboulder2026-05-26#1"
"Coach",2026-05-26,NA,"Boulder","https://apps.opi.mt.gov/mtjobsforteachers/frmJobListingPublic.aspx","Boulder","OPI Jobs for Teachers (statewide)",2026-09-01,"OPI fallback: title + raw location + posted date (not a stable OPI ID)","fallback:opi-fallbackopi jobs for teachers (statewide)bouldercoachboulder2026-05-26#1"
"Coach",2026-05-26,NA,"Boulder","https://apps.opi.mt.gov/mtjobsforteachers/frmJobListingPublic.aspx","Boulder","OPI Jobs for Teachers (statewide)",2026-09-01,"OPI fallback: title + raw location + posted date (not a stable OPI ID)","fallback:opi-fallbackopi jobs for teachers (statewide)bouldercoachboulder2026-05-26#2"
"Special Education",2026-05-26,NA,"Deer Lodge","https://apps.opi.mt.gov/mtjobsforteachers/frmJobListingPublic.aspx","Deer Lodge","OPI Jobs for Teachers (statewide)",2026-09-01,"OPI fallback: title + raw location + posted date (not a stable OPI ID)","fallback:opi-fallbackopi jobs for teachers (statewide)deer lodgespecial educationdeer lodge2026-05-26#1"
"Social Studies (Broadfield)",2026-05-26,NA,"Belfry","https://apps.opi.mt.gov/mtjobsforteachers/frmJobListingPublic.aspx","Belfry","OPI Jobs for Teachers (statewide)",2026-09-01,"OPI fallback: title + raw location + posted date (not a stable OPI ID)","fallback:opi-fallbackopi jobs for teachers (statewide)belfrysocial studies (broadfield)belfry2026-05-26#1"
"Mathematics",2026-05-26,NA,"Highwood","https://apps.opi.mt.gov/mtjobsforteachers/frmJobListingPublic.aspx","Highwood","OPI Jobs for Teachers (statewide)",2026-09-01,"OPI fallback: title + raw location + posted date (not a stable OPI ID)","fallback:opi-fallbackopi jobs for teachers (statewide)highwoodmathematicshighwood2026-05-26#1"
"Elementary Curriculum",2026-05-22,NA,"Mosby","https://apps.opi.mt.gov/mtjobsforteachers/frmJobListingPublic.aspx","Mosby","OPI Jobs for Teachers (statewide)",2026-09-01,"OPI fallback: title + raw location + posted date (not a stable OPI ID)","fallback:opi-fallbackopi jobs for teachers (statewide)mosbyelementary curriculummosby2026-05-22#1"
"Administrative - Other",2026-05-21,NA,"Shelby","https://apps.opi.mt.gov/mtjobsforteachers/frmJobListingPublic.aspx","Shelby","OPI Jobs for Teachers (statewide)",2026-09-01,"OPI fallback: title + raw location + posted date (not a stable OPI ID)","fallback:opi-fallbackopi jobs for teachers (statewide)shelbyadministrative - othershelby2026-05-21#1"
"Mathematics",2026-05-21,NA,"Billings","https://apps.opi.mt.gov/mtjobsforteachers/frmJobListingPublic.aspx","Billings","OPI Jobs for Teachers (statewide)",2026-09-01,"OPI fallback: title + raw location + posted date (not a stable OPI ID)","fallback:opi-fallbackopi jobs for teachers (statewide)billingsmathematicsbillings2026-05-21#1"
"Administrative - Other",2026-05-21,NA,"Lame Deer","https://apps.opi.mt.gov/mtjobsforteachers/frmJobListingPublic.aspx","Lame Deer","OPI Jobs for Teachers (statewide)",2026-09-01,"OPI fallback: title + raw location + posted date (not a stable OPI ID)","fallback:opi-fallbackopi jobs for teachers (statewide)lame deeradministrative - otherlame deer2026-05-21#1"
"CTE – Family and Consumer Sciences",2026-05-21,NA,"Lame Deer","https://apps.opi.mt.gov/mtjobsforteachers/frmJobListingPublic.aspx","Lame Deer","OPI Jobs for Teachers (statewide)",2026-09-01,"OPI fallback: title + raw location + posted date (not a stable OPI ID)","fallback:opi-fallbackopi jobs for teachers (statewide)lame deercte – family and consumer scienceslame deer2026-05-21#1"
"CTE – Family and Consumer Sciences",2026-05-21,NA,"Lame Deer","https://apps.opi.mt.gov/mtjobsforteachers/frmJobListingPublic.aspx","Lame Deer","OPI Jobs for Teachers (statewide)",2026-09-01,"OPI fallback: title + raw location + posted date (not a stable OPI ID)","fallback:opi-fallbackopi jobs for teachers (statewide)lame deercte – family and consumer scienceslame deer2026-05-21#2"
"Physical Ed",2026-05-21,NA,"Missoula","https://apps.opi.mt.gov/mtjobsforteachers/frmJobListingPublic.aspx","Missoula","OPI Jobs for Teachers (statewide)",2026-09-01,"OPI fallback: title + raw location + posted date (not a stable OPI ID)","fallback:opi-fallbackopi jobs for teachers (statewide)missoulaphysical edmissoula2026-05-21#1"
"Library",2026-05-20,NA,"Broadview","https://apps.opi.mt.gov/mtjobsforteachers/frmJobListingPublic.aspx","Broadview","OPI Jobs for Teachers (statewide)",2026-09-01,"OPI fallback: title + raw location + posted date (not a stable OPI ID)","fallback:opi-fallbackopi jobs for teachers (statewide)broadviewlibrarybroadview2026-05-20#1"
"Elementary Curriculum",2026-05-20,NA,"Townsend","https://apps.opi.mt.gov/mtjobsforteachers/frmJobListingPublic.aspx","Townsend","OPI Jobs for Teachers (statewide)",2026-09-01,"OPI fallback: title + raw location + posted date (not a stable OPI ID)","fallback:opi-fallbackopi jobs for teachers (statewide)townsendelementary curriculumtownsend2026-05-20#1"
"Elementary Curriculum",2026-05-20,NA,"Broadview","https://apps.opi.mt.gov/mtjobsforteachers/frmJobListingPublic.aspx","Broadview","OPI Jobs for Teachers (statewide)",2026-09-01,"OPI fallback: title + raw location + posted date (not a stable OPI ID)","fallback:opi-fallbackopi jobs for teachers (statewide)broadviewelementary curriculumbroadview2026-05-20#1"
"Elementary Curriculum",2026-05-20,NA,"Broadview","https://apps.opi.mt.gov/mtjobsforteachers/frmJobListingPublic.aspx","Broadview","OPI Jobs for Teachers (statewide)",2026-09-01,"OPI fallback: title + raw location + posted date (not a stable OPI ID)","fallback:opi-fallbackopi jobs for teachers (statewide)broadviewelementary curriculumbroadview2026-05-20#2"
"Elementary Curriculum",2026-05-20,NA,"Townsend","https://apps.opi.mt.gov/mtjobsforteachers/frmJobListingPublic.aspx","Townsend","OPI Jobs for Teachers (statewide)",2026-09-01,"OPI fallback: title + raw location + posted date (not a stable OPI ID)","fallback:opi-fallbackopi jobs for teachers (statewide)townsendelementary curriculumtownsend2026-05-20#2"
"Music",2026-05-20,NA,"Simms","https://apps.opi.mt.gov/mtjobsforteachers/frmJobListingPublic.aspx","Simms","OPI Jobs for Teachers (statewide)",2026-09-01,"OPI fallback: title + raw location + posted date (not a stable OPI ID)","fallback:opi-fallbackopi jobs for teachers (statewide)simmsmusicsimms2026-05-20#1"
"English",2026-05-20,NA,"Box Elder","https://apps.opi.mt.gov/mtjobsforteachers/frmJobListingPublic.aspx","Box Elder","OPI Jobs for Teachers (statewide)",2026-09-01,"OPI fallback: title + raw location + posted date (not a stable OPI ID)","fallback:opi-fallbackopi jobs for teachers (statewide)box elderenglishbox elder2026-05-20#1"
"Elementary Curriculum",2026-05-20,NA,"Box Elder","https://apps.opi.mt.gov/mtjobsforteachers/frmJobListingPublic.aspx","Box Elder","OPI Jobs for Teachers (statewide)",2026-09-01,"OPI fallback: title + raw location + posted date (not a stable OPI ID)","fallback:opi-fallbackopi jobs for teachers (statewide)box elderelementary curriculumbox elder2026-05-20#1"
"Mathematics",2026-05-19,NA,"Chester Montana","https://apps.opi.mt.gov/mtjobsforteachers/frmJobListingPublic.aspx","Chester Montana","OPI Jobs for Teachers (statewide)",2026-09-01,"OPI fallback: title + raw location + posted date (not a stable OPI ID)","fallback:opi-fallbackopi jobs for teachers (statewide)chester montanamathematicschester montana2026-05-19#1"
"Elementary Curriculum",2026-05-19,NA,"Seeley Lake","https://apps.opi.mt.gov/mtjobsforteachers/frmJobListingPublic.aspx","Seeley Lake","OPI Jobs for Teachers (statewide)",2026-09-01,"OPI fallback: title + raw location + posted date (not a stable OPI ID)","fallback:opi-fallbackopi jobs for teachers (statewide)seeley lakeelementary curriculumseeley lake2026-05-19#1"
"Physical Therapist",2026-05-19,NA,"Eureka","https://apps.opi.mt.gov/mtjobsforteachers/frmJobListingPublic.aspx","Eureka","OPI Jobs for Teachers (statewide)",2026-09-01,"OPI fallback: title + raw location + posted date (not a stable OPI ID)","fallback:opi-fallbackopi jobs for teachers (statewide)eurekaphysical therapisteureka2026-05-19#1"
"Elementary Curriculum",2026-05-19,NA,"Lincoln, Montana","https://apps.opi.mt.gov/mtjobsforteachers/frmJobListingPublic.aspx","Lincoln, Montana","OPI Jobs for Teachers (statewide)",2026-09-01,"OPI fallback: title + raw location + posted date (not a stable OPI ID)","fallback:opi-fallbackopi jobs for teachers (statewide)lincoln, montanaelementary curriculumlincoln, montana2026-05-19#1"
"Science (Broadfield)",2026-05-19,NA,"Great Falls","https://apps.opi.mt.gov/mtjobsforteachers/frmJobListingPublic.aspx","Great Falls","OPI Jobs for Teachers (statewide)",2026-09-01,"OPI fallback: title + raw location + posted date (not a stable OPI ID)","fallback:opi-fallbackopi jobs for teachers (statewide)great fallsscience (broadfield)great falls2026-05-19#1"
"Physical Ed",2026-05-19,NA,"Frazer","https://apps.opi.mt.gov/mtjobsforteachers/frmJobListingPublic.aspx","Frazer","OPI Jobs for Teachers (statewide)",2026-09-01,"OPI fallback: title + raw location + posted date (not a stable OPI ID)","fallback:opi-fallbackopi jobs for teachers (statewide)frazerphysical edfrazer2026-05-19#1"
"Elementary Curriculum",2026-05-19,NA,"Ryegate","https://apps.opi.mt.gov/mtjobsforteachers/frmJobListingPublic.aspx","Ryegate","OPI Jobs for Teachers (statewide)",2026-09-01,"OPI fallback: title + raw location + posted date (not a stable OPI ID)","fallback:opi-fallbackopi jobs for teachers (statewide)ryegateelementary curriculumryegate2026-05-19#1"
"Administrative - Principal",2026-05-19,NA,"Pryor","https://apps.opi.mt.gov/mtjobsforteachers/frmJobListingPublic.aspx","Pryor","OPI Jobs for Teachers (statewide)",2026-09-01,"OPI fallback: title + raw location + posted date (not a stable OPI ID)","fallback:opi-fallbackopi jobs for teachers (statewide)pryoradministrative - principalpryor2026-05-19#1"
"Special Education",2026-05-19,NA,"Pryor, MT","https://apps.opi.mt.gov/mtjobsforteachers/frmJobListingPublic.aspx","Pryor, MT","OPI Jobs for Teachers (statewide)",2026-09-01,"OPI fallback: title + raw location + posted date (not a stable OPI ID)","fallback:opi-fallbackopi jobs for teachers (statewide)pryor, mtspecial educationpryor, mt2026-05-19#1"
"Art",2026-05-18,NA,"Darby Montana","https://apps.opi.mt.gov/mtjobsforteachers/frmJobListingPublic.aspx","Darby Montana","OPI Jobs for Teachers (statewide)",2026-09-01,"OPI fallback: title + raw location + posted date (not a stable OPI ID)","fallback:opi-fallbackopi jobs for teachers (statewide)darby montanaartdarby montana2026-05-18#1"
"Elementary Curriculum",2026-05-18,NA,"Cut Bank","https://apps.opi.mt.gov/mtjobsforteachers/frmJobListingPublic.aspx","Cut Bank","OPI Jobs for Teachers (statewide)",2026-09-01,"OPI fallback: title + raw location + posted date (not a stable OPI ID)","fallback:opi-fallbackopi jobs for teachers (statewide)cut bankelementary curriculumcut bank2026-05-18#1"
"Special Education",2026-05-18,NA,"Cut Bank","https://apps.opi.mt.gov/mtjobsforteachers/frmJobListingPublic.aspx","Cut Bank","OPI Jobs for Teachers (statewide)",2026-09-01,"OPI fallback: title + raw location + posted date (not a stable OPI ID)","fallback:opi-fallbackopi jobs for teachers (statewide)cut bankspecial educationcut bank2026-05-18#1"
"Elementary Curriculum",2026-05-18,NA,"Thompson Falls","https://apps.opi.mt.gov/mtjobsforteachers/frmJobListingPublic.aspx","Thompson Falls","OPI Jobs for Teachers (statewide)",2026-09-01,"OPI fallback: title + raw location + posted date (not a stable OPI ID)","fallback:opi-fallbackopi jobs for teachers (statewide)thompson fallselementary curriculumthompson falls2026-05-18#1"
"Music",2026-05-18,NA,"Saint Ignatius","https://apps.opi.mt.gov/mtjobsforteachers/frmJobListingPublic.aspx","Saint Ignatius","OPI Jobs for Teachers (statewide)",2026-09-01,"OPI fallback: title + raw location + posted date (not a stable OPI ID)","fallback:opi-fallbackopi jobs for teachers (statewide)saint ignatiusmusicsaint ignatius2026-05-18#1"
"Elementary Curriculum",2026-05-18,NA,"Geraldine","https://apps.opi.mt.gov/mtjobsforteachers/frmJobListingPublic.aspx","Geraldine","OPI Jobs for Teachers (statewide)",2026-09-01,"OPI fallback: title + raw location + posted date (not a stable OPI ID)","fallback:opi-fallbackopi jobs for teachers (statewide)geraldineelementary curriculumgeraldine2026-05-18#1"
"Coach",2026-05-18,NA,"Missoula","https://apps.opi.mt.gov/mtjobsforteachers/frmJobListingPublic.aspx","Missoula","OPI Jobs for Teachers (statewide)",2026-09-01,"OPI fallback: title + raw location + posted date (not a stable OPI ID)","fallback:opi-fallbackopi jobs for teachers (statewide)missoulacoachmissoula2026-05-18#1"
"Science (Broadfield)",2026-05-18,NA,"Gallatin Gateway","https://apps.opi.mt.gov/mtjobsforteachers/frmJobListingPublic.aspx","Gallatin Gateway","OPI Jobs for Teachers (statewide)",2026-09-01,"OPI fallback: title + raw location + posted date (not a stable OPI ID)","fallback:opi-fallbackopi jobs for teachers (statewide)gallatin gatewayscience (broadfield)gallatin gateway2026-05-18#1"
"Mathematics",2026-05-15,NA,"Plevna, Montana","https://apps.opi.mt.gov/mtjobsforteachers/frmJobListingPublic.aspx","Plevna, Montana","OPI Jobs for Teachers (statewide)",2026-09-01,"OPI fallback: title + raw location + posted date (not a stable OPI ID)","fallback:opi-fallbackopi jobs for teachers (statewide)plevna, montanamathematicsplevna, montana2026-05-15#1"
"School Counseling",2026-05-15,NA,"Livingston","https://apps.opi.mt.gov/mtjobsforteachers/frmJobListingPublic.aspx","Livingston","OPI Jobs for Teachers (statewide)",2026-09-01,"OPI fallback: title + raw location + posted date (not a stable OPI ID)","fallback:opi-fallbackopi jobs for teachers (statewide)livingstonschool counselinglivingston2026-05-15#1"
"Science (Broadfield)",2026-05-15,NA,"Plevna, Montana","https://apps.opi.mt.gov/mtjobsforteachers/frmJobListingPublic.aspx","Plevna, Montana","OPI Jobs for Teachers (statewide)",2026-09-01,"OPI fallback: title + raw location + posted date (not a stable OPI ID)","fallback:opi-fallbackopi jobs for teachers (statewide)plevna, montanascience (broadfield)plevna, montana2026-05-15#1"
"CTE – Industrial Technology Education",2026-05-14,NA,"Rudyard/Gildford","https://apps.opi.mt.gov/mtjobsforteachers/frmJobListingPublic.aspx","Rudyard/Gildford","OPI Jobs for Teachers (statewide)",2026-09-01,"OPI fallback: title + raw location + posted date (not a stable OPI ID)","fallback:opi-fallbackopi jobs for teachers (statewide)rudyard/gildfordcte – industrial technology educationrudyard/gildford2026-05-14#1"
"World Languages",2026-05-14,NA,"East Helena","https://apps.opi.mt.gov/mtjobsforteachers/frmJobListingPublic.aspx","East Helena","OPI Jobs for Teachers (statewide)",2026-09-01,"OPI fallback: title + raw location + posted date (not a stable OPI ID)","fallback:opi-fallbackopi jobs for teachers (statewide)east helenaworld languageseast helena2026-05-14#1"
"Mathematics",2026-05-13,NA,"Sheridan, MT","https://apps.opi.mt.gov/mtjobsforteachers/frmJobListingPublic.aspx","Sheridan, MT","OPI Jobs for Teachers (statewide)",2026-09-01,"OPI fallback: title + raw location + posted date (not a stable OPI ID)","fallback:opi-fallbackopi jobs for teachers (statewide)sheridan, mtmathematicssheridan, mt2026-05-13#1"
"Elementary Curriculum",2026-05-13,NA,"Geraldine","https://apps.opi.mt.gov/mtjobsforteachers/frmJobListingPublic.aspx","Geraldine","OPI Jobs for Teachers (statewide)",2026-09-01,"OPI fallback: title + raw location + posted date (not a stable OPI ID)","fallback:opi-fallbackopi jobs for teachers (statewide)geraldineelementary curriculumgeraldine2026-05-13#1"
"Other",2026-05-13,NA,"Billings","https://apps.opi.mt.gov/mtjobsforteachers/frmJobListingPublic.aspx","Billings","OPI Jobs for Teachers (statewide)",2026-09-01,"OPI fallback: title + raw location + posted date (not a stable OPI ID)","fallback:opi-fallbackopi jobs for teachers (statewide)billingsotherbillings2026-05-13#1"
"Music",2026-05-13,NA,"Billings","https://apps.opi.mt.gov/mtjobsforteachers/frmJobListingPublic.aspx","Billings","OPI Jobs for Teachers (statewide)",2026-09-01,"OPI fallback: title + raw location + posted date (not a stable OPI ID)","fallback:opi-fallbackopi jobs for teachers (statewide)billingsmusicbillings2026-05-13#1"
"Other",2026-05-13,NA,"Clancy/Mt City","https://apps.opi.mt.gov/mtjobsforteachers/frmJobListingPublic.aspx","Clancy/Mt City","OPI Jobs for Teachers (statewide)",2026-09-01,"OPI fallback: title + raw location + posted date (not a stable OPI ID)","fallback:opi-fallbackopi jobs for teachers (statewide)clancy/mt cityotherclancy/mt city2026-05-13#1"
"Special Education",2026-05-13,NA,"WIBAUX","https://apps.opi.mt.gov/mtjobsforteachers/frmJobListingPublic.aspx","WIBAUX","OPI Jobs for Teachers (statewide)",2026-09-01,"OPI fallback: title + raw location + posted date (not a stable OPI ID)","fallback:opi-fallbackopi jobs for teachers (statewide)wibauxspecial educationwibaux2026-05-13#1"
"CTE – Agricultural Education",2026-05-12,NA,"Hobson","https://apps.opi.mt.gov/mtjobsforteachers/frmJobListingPublic.aspx","Hobson","OPI Jobs for Teachers (statewide)",2026-09-01,"OPI fallback: title + raw location + posted date (not a stable OPI ID)","fallback:opi-fallbackopi jobs for teachers (statewide)hobsoncte – agricultural educationhobson2026-05-12#1"
"Mathematics",2026-05-12,NA,"Missoula","https://apps.opi.mt.gov/mtjobsforteachers/frmJobListingPublic.aspx","Missoula","OPI Jobs for Teachers (statewide)",2026-09-01,"OPI fallback: title + raw location + posted date (not a stable OPI ID)","fallback:opi-fallbackopi jobs for teachers (statewide)missoulamathematicsmissoula2026-05-12#1"
"Music",2026-05-12,NA,"MISSOULA","https://apps.opi.mt.gov/mtjobsforteachers/frmJobListingPublic.aspx","MISSOULA","OPI Jobs for Teachers (statewide)",2026-09-01,"OPI fallback: title + raw location + posted date (not a stable OPI ID)","fallback:opi-fallbackopi jobs for teachers (statewide)missoulamusicmissoula2026-05-12#1"
"Paraprofessional - Special Education",2026-05-12,NA,"Stevensville","https://apps.opi.mt.gov/mtjobsforteachers/frmJobListingPublic.aspx","Stevensville","OPI Jobs for Teachers (statewide)",2026-09-01,"OPI fallback: title + raw location + posted date (not a stable OPI ID)","fallback:opi-fallbackopi jobs for teachers (statewide)stevensvilleparaprofessional - special educationstevensville2026-05-12#1"
"English",2026-05-12,NA,"Missoula","https://apps.opi.mt.gov/mtjobsforteachers/frmJobListingPublic.aspx","Missoula","OPI Jobs for Teachers (statewide)",2026-09-01,"OPI fallback: title + raw location + posted date (not a stable OPI ID)","fallback:opi-fallbackopi jobs for teachers (statewide)missoulaenglishmissoula2026-05-12#1"
"Library",2026-05-11,NA,"Wilsall","https://apps.opi.mt.gov/mtjobsforteachers/frmJobListingPublic.aspx","Wilsall","OPI Jobs for Teachers (statewide)",2026-09-01,"OPI fallback: title + raw location + posted date (not a stable OPI ID)","fallback:opi-fallbackopi jobs for teachers (statewide)wilsalllibrarywilsall2026-05-11#1"
"Elementary Curriculum",2026-05-11,NA,"Big Sandy","https://apps.opi.mt.gov/mtjobsforteachers/frmJobListingPublic.aspx","Big Sandy","OPI Jobs for Teachers (statewide)",2026-09-01,"OPI fallback: title + raw location + posted date (not a stable OPI ID)","fallback:opi-fallbackopi jobs for teachers (statewide)big sandyelementary curriculumbig sandy2026-05-11#1"
"Elementary Curriculum",2026-05-11,NA,"Geraldine","https://apps.opi.mt.gov/mtjobsforteachers/frmJobListingPublic.aspx","Geraldine","OPI Jobs for Teachers (statewide)",2026-09-01,"OPI fallback: title + raw location + posted date (not a stable OPI ID)","fallback:opi-fallbackopi jobs for teachers (statewide)geraldineelementary curriculumgeraldine2026-05-11#1"
"Social Studies (Broadfield)",2026-05-11,NA,"Belfry","https://apps.opi.mt.gov/mtjobsforteachers/frmJobListingPublic.aspx","Belfry","OPI Jobs for Teachers (statewide)",2026-09-01,"OPI fallback: title + raw location + posted date (not a stable OPI ID)","fallback:opi-fallbackopi jobs for teachers (statewide)belfrysocial studies (broadfield)belfry2026-05-11#1"
"Special Education",2026-05-11,NA,"Big Timber, MT","https://apps.opi.mt.gov/mtjobsforteachers/frmJobListingPublic.aspx","Big Timber, MT","OPI Jobs for Teachers (statewide)",2026-09-01,"OPI fallback: title + raw location + posted date (not a stable OPI ID)","fallback:opi-fallbackopi jobs for teachers (statewide)big timber, mtspecial educationbig timber, mt2026-05-11#1"
"Elementary Curriculum",2026-05-09,NA,"4 miles north of Harlem","https://apps.opi.mt.gov/mtjobsforteachers/frmJobListingPublic.aspx","4 miles north of Harlem","OPI Jobs for Teachers (statewide)",2026-09-01,"OPI fallback: title + raw location + posted date (not a stable OPI ID)","fallback:opi-fallbackopi jobs for teachers (statewide)4 miles north of harlemelementary curriculum4 miles north of harlem2026-05-09#1"
"Paraprofessional - Instructional",2026-05-08,NA,"Montana City","https://apps.opi.mt.gov/mtjobsforteachers/frmJobListingPublic.aspx","Montana City","OPI Jobs for Teachers (statewide)",2026-09-01,"OPI fallback: title + raw location + posted date (not a stable OPI ID)","fallback:opi-fallbackopi jobs for teachers (statewide)montana cityparaprofessional - instructionalmontana city2026-05-08#1"
"Elementary Curriculum",2026-05-08,NA,"Geraldine","https://apps.opi.mt.gov/mtjobsforteachers/frmJobListingPublic.aspx","Geraldine","OPI Jobs for Teachers (statewide)",2026-09-01,"OPI fallback: title + raw location + posted date (not a stable OPI ID)","fallback:opi-fallbackopi jobs for teachers (statewide)geraldineelementary curriculumgeraldine2026-05-08#1"
"Special Education",2026-05-07,NA,"Lockwood","https://apps.opi.mt.gov/mtjobsforteachers/frmJobListingPublic.aspx","Lockwood","OPI Jobs for Teachers (statewide)",2026-09-01,"OPI fallback: title + raw location + posted date (not a stable OPI ID)","fallback:opi-fallbackopi jobs for teachers (statewide)lockwoodspecial educationlockwood2026-05-07#1"
"CTE – Agricultural Education",2026-05-07,NA,"Sidney","https://apps.opi.mt.gov/mtjobsforteachers/frmJobListingPublic.aspx","Sidney","OPI Jobs for Teachers (statewide)",2026-09-01,"OPI fallback: title + raw location + posted date (not a stable OPI ID)","fallback:opi-fallbackopi jobs for teachers (statewide)sidneycte – agricultural educationsidney2026-05-07#1"
"Speech-Language Pathologist",2026-05-07,NA,"Butte","https://apps.opi.mt.gov/mtjobsforteachers/frmJobListingPublic.aspx","Butte","OPI Jobs for Teachers (statewide)",2026-09-01,"OPI fallback: title + raw location + posted date (not a stable OPI ID)","fallback:opi-fallbackopi jobs for teachers (statewide)buttespeech-language pathologistbutte2026-05-07#1"
"CTE – Agricultural Education",2026-05-07,NA,"Ekalaka","https://apps.opi.mt.gov/mtjobsforteachers/frmJobListingPublic.aspx","Ekalaka","OPI Jobs for Teachers (statewide)",2026-09-01,"OPI fallback: title + raw location + posted date (not a stable OPI ID)","fallback:opi-fallbackopi jobs for teachers (statewide)ekalakacte – agricultural educationekalaka2026-05-07#1"
"Special Education",2026-05-06,NA,"Lockwood","https://apps.opi.mt.gov/mtjobsforteachers/frmJobListingPublic.aspx","Lockwood","OPI Jobs for Teachers (statewide)",2026-09-01,"OPI fallback: title + raw location + posted date (not a stable OPI ID)","fallback:opi-fallbackopi jobs for teachers (statewide)lockwoodspecial educationlockwood2026-05-06#1"
"Science (Broadfield)",2026-05-06,NA,"Big Timber- Between Bozeman and Billings","https://apps.opi.mt.gov/mtjobsforteachers/frmJobListingPublic.aspx","Big Timber- Between Bozeman and Billings","OPI Jobs for Teachers (statewide)",2026-09-01,"OPI fallback: title + raw location + posted date (not a stable OPI ID)","fallback:opi-fallbackopi jobs for teachers (statewide)big timber- between bozeman and billingsscience (broadfield)big timber- between bozeman and billings2026-05-06#1"
"Science (Broadfield)",2026-05-06,NA,"Big Timber- Between Bozeman and Billings","https://apps.opi.mt.gov/mtjobsforteachers/frmJobListingPublic.aspx","Big Timber- Between Bozeman and Billings","OPI Jobs for Teachers (statewide)",2026-09-01,"OPI fallback: title + raw location + posted date (not a stable OPI ID)","fallback:opi-fallbackopi jobs for teachers (statewide)big timber- between bozeman and billingsscience (broadfield)big timber- between bozeman and billings2026-05-06#2"
"Administrative - Principal",2026-05-06,NA,"Lodge Grass","https://apps.opi.mt.gov/mtjobsforteachers/frmJobListingPublic.aspx","Lodge Grass","OPI Jobs for Teachers (statewide)",2026-09-01,"OPI fallback: title + raw location + posted date (not a stable OPI ID)","fallback:opi-fallbackopi jobs for teachers (statewide)lodge grassadministrative - principallodge grass2026-05-06#1"
"Elementary Curriculum",2026-05-06,NA,"Belt","https://apps.opi.mt.gov/mtjobsforteachers/frmJobListingPublic.aspx","Belt","OPI Jobs for Teachers (statewide)",2026-09-01,"OPI fallback: title + raw location + posted date (not a stable OPI ID)","fallback:opi-fallbackopi jobs for teachers (statewide)beltelementary curriculumbelt2026-05-06#1"
"Science (Broadfield)",2026-05-05,NA,"Whitewater","https://apps.opi.mt.gov/mtjobsforteachers/frmJobListingPublic.aspx","Whitewater","OPI Jobs for Teachers (statewide)",2026-09-01,"OPI fallback: title + raw location + posted date (not a stable OPI ID)","fallback:opi-fallbackopi jobs for teachers (statewide)whitewaterscience (broadfield)whitewater2026-05-05#1"
"Elementary Curriculum",2026-05-05,NA,"Chester","https://apps.opi.mt.gov/mtjobsforteachers/frmJobListingPublic.aspx","Chester","OPI Jobs for Teachers (statewide)",2026-09-01,"OPI fallback: title + raw location + posted date (not a stable OPI ID)","fallback:opi-fallbackopi jobs for teachers (statewide)chesterelementary curriculumchester2026-05-05#1"
"Physical Ed",2026-05-05,NA,"Lodge Grass","https://apps.opi.mt.gov/mtjobsforteachers/frmJobListingPublic.aspx","Lodge Grass","OPI Jobs for Teachers (statewide)",2026-09-01,"OPI fallback: title + raw location + posted date (not a stable OPI ID)","fallback:opi-fallbackopi jobs for teachers (statewide)lodge grassphysical edlodge grass2026-05-05#1"
"Mathematics",2026-05-05,NA,"Havre","https://apps.opi.mt.gov/mtjobsforteachers/frmJobListingPublic.aspx","Havre","OPI Jobs for Teachers (statewide)",2026-09-01,"OPI fallback: title + raw location + posted date (not a stable OPI ID)","fallback:opi-fallbackopi jobs for teachers (statewide)havremathematicshavre2026-05-05#1"
"English",2026-05-05,NA,"Havre","https://apps.opi.mt.gov/mtjobsforteachers/frmJobListingPublic.aspx","Havre","OPI Jobs for Teachers (statewide)",2026-09-01,"OPI fallback: title + raw location + posted date (not a stable OPI ID)","fallback:opi-fallbackopi jobs for teachers (statewide)havreenglishhavre2026-05-05#1"
"Elementary Curriculum",2026-05-05,NA,"Judith Gap","https://apps.opi.mt.gov/mtjobsforteachers/frmJobListingPublic.aspx","Judith Gap","OPI Jobs for Teachers (statewide)",2026-09-01,"OPI fallback: title + raw location + posted date (not a stable OPI ID)","fallback:opi-fallbackopi jobs for teachers (statewide)judith gapelementary curriculumjudith gap2026-05-05#1"
"Elementary Curriculum",2026-05-05,NA,"Geraldine","https://apps.opi.mt.gov/mtjobsforteachers/frmJobListingPublic.aspx","Geraldine","OPI Jobs for Teachers (statewide)",2026-09-01,"OPI fallback: title + raw location + posted date (not a stable OPI ID)","fallback:opi-fallbackopi jobs for teachers (statewide)geraldineelementary curriculumgeraldine2026-05-05#1"
"Speech-Language Pathologist",2026-05-05,NA,"Billings, Shepherd, Worden, Custer, Hysham","https://apps.opi.mt.gov/mtjobsforteachers/frmJobListingPublic.aspx","Billings, Shepherd, Worden, Custer, Hysham","OPI Jobs for Teachers (statewide)",2026-09-01,"OPI fallback: title + raw location + posted date (not a stable OPI ID)","fallback:opi-fallbackopi jobs for teachers (statewide)billings, shepherd, worden, custer, hyshamspeech-language pathologistbillings, shepherd, worden, custer, hysham2026-05-05#1"
"Art",2026-05-05,NA,"Lodge Grass","https://apps.opi.mt.gov/mtjobsforteachers/frmJobListingPublic.aspx","Lodge Grass","OPI Jobs for Teachers (statewide)",2026-09-01,"OPI fallback: title + raw location + posted date (not a stable OPI ID)","fallback:opi-fallbackopi jobs for teachers (statewide)lodge grassartlodge grass2026-05-05#1"
"Art",2026-05-05,NA,"White Sulphur Springs","https://apps.opi.mt.gov/mtjobsforteachers/frmJobListingPublic.aspx","White Sulphur Springs","OPI Jobs for Teachers (statewide)",2026-09-01,"OPI fallback: title + raw location + posted date (not a stable OPI ID)","fallback:opi-fallbackopi jobs for teachers (statewide)white sulphur springsartwhite sulphur springs2026-05-05#1"
"Elementary Curriculum",2026-05-04,NA,"Fairfield, MT","https://apps.opi.mt.gov/mtjobsforteachers/frmJobListingPublic.aspx","Fairfield, MT","OPI Jobs for Teachers (statewide)",2026-09-01,"OPI fallback: title + raw location + posted date (not a stable OPI ID)","fallback:opi-fallbackopi jobs for teachers (statewide)fairfield, mtelementary curriculumfairfield, mt2026-05-04#1"
"English",2026-05-04,NA,"Geyser","https://apps.opi.mt.gov/mtjobsforteachers/frmJobListingPublic.aspx","Geyser","OPI Jobs for Teachers (statewide)",2026-09-01,"OPI fallback: title + raw location + posted date (not a stable OPI ID)","fallback:opi-fallbackopi jobs for teachers (statewide)geyserenglishgeyser2026-05-04#1"
"Elementary Curriculum",2026-05-04,NA,"Lewistown","https://apps.opi.mt.gov/mtjobsforteachers/frmJobListingPublic.aspx","Lewistown","OPI Jobs for Teachers (statewide)",2026-09-01,"OPI fallback: title + raw location + posted date (not a stable OPI ID)","fallback:opi-fallbackopi jobs for teachers (statewide)lewistownelementary curriculumlewistown2026-05-04#1"
"CTE – Agricultural Education",2026-05-04,NA,"Ronan","https://apps.opi.mt.gov/mtjobsforteachers/frmJobListingPublic.aspx","Ronan","OPI Jobs for Teachers (statewide)",2026-09-01,"OPI fallback: title + raw location + posted date (not a stable OPI ID)","fallback:opi-fallbackopi jobs for teachers (statewide)ronancte – agricultural educationronan2026-05-04#1"
"World Languages",2026-05-04,NA,"Big Sky","https://apps.opi.mt.gov/mtjobsforteachers/frmJobListingPublic.aspx","Big Sky","OPI Jobs for Teachers (statewide)",2026-09-01,"OPI fallback: title + raw location + posted date (not a stable OPI ID)","fallback:opi-fallbackopi jobs for teachers (statewide)big skyworld languagesbig sky2026-05-04#1"
"Social Studies (Broadfield)",2026-05-01,NA,"Lodge Grass","https://apps.opi.mt.gov/mtjobsforteachers/frmJobListingPublic.aspx","Lodge Grass","OPI Jobs for Teachers (statewide)",2026-09-01,"OPI fallback: title + raw location + posted date (not a stable OPI ID)","fallback:opi-fallbackopi jobs for teachers (statewide)lodge grasssocial studies (broadfield)lodge grass2026-05-01#1"
"Paraprofessional - Instructional",2026-05-01,NA,"Lodge Grass","https://apps.opi.mt.gov/mtjobsforteachers/frmJobListingPublic.aspx","Lodge Grass","OPI Jobs for Teachers (statewide)",2026-09-01,"OPI fallback: title + raw location + posted date (not a stable OPI ID)","fallback:opi-fallbackopi jobs for teachers (statewide)lodge grassparaprofessional - instructionallodge grass2026-05-01#1"
"Elementary Curriculum",2026-05-01,NA,"Geraldine","https://apps.opi.mt.gov/mtjobsforteachers/frmJobListingPublic.aspx","Geraldine","OPI Jobs for Teachers (statewide)",2026-09-01,"OPI fallback: title + raw location + posted date (not a stable OPI ID)","fallback:opi-fallbackopi jobs for teachers (statewide)geraldineelementary curriculumgeraldine2026-05-01#1"
"Elementary Curriculum",2026-04-30,NA,"Browning, MT","https://apps.opi.mt.gov/mtjobsforteachers/frmJobListingPublic.aspx","Browning, MT","OPI Jobs for Teachers (statewide)",2026-09-01,"OPI fallback: title + raw location + posted date (not a stable OPI ID)","fallback:opi-fallbackopi jobs for teachers (statewide)browning, mtelementary curriculumbrowning, mt2026-04-30#1"
"Coach",2026-04-30,NA,"East Helena","https://apps.opi.mt.gov/mtjobsforteachers/frmJobListingPublic.aspx","East Helena","OPI Jobs for Teachers (statewide)",2026-09-01,"OPI fallback: title + raw location + posted date (not a stable OPI ID)","fallback:opi-fallbackopi jobs for teachers (statewide)east helenacoacheast helena2026-04-30#1"
"English",2026-04-30,NA,"Browning, MT","https://apps.opi.mt.gov/mtjobsforteachers/frmJobListingPublic.aspx","Browning, MT","OPI Jobs for Teachers (statewide)",2026-09-01,"OPI fallback: title + raw location + posted date (not a stable OPI ID)","fallback:opi-fallbackopi jobs for teachers (statewide)browning, mtenglishbrowning, mt2026-04-30#1"
"Mathematics",2026-04-30,NA,"Browning","https://apps.opi.mt.gov/mtjobsforteachers/frmJobListingPublic.aspx","Browning","OPI Jobs for Teachers (statewide)",2026-09-01,"OPI fallback: title + raw location + posted date (not a stable OPI ID)","fallback:opi-fallbackopi jobs for teachers (statewide)browningmathematicsbrowning2026-04-30#1"
"Administrative - Principal",2026-04-30,NA,"Browning","https://apps.opi.mt.gov/mtjobsforteachers/frmJobListingPublic.aspx","Browning","OPI Jobs for Teachers (statewide)",2026-09-01,"OPI fallback: title + raw location + posted date (not a stable OPI ID)","fallback:opi-fallbackopi jobs for teachers (statewide)browningadministrative - principalbrowning2026-04-30#1"
"Special Education",2026-04-30,NA,"Browning","https://apps.opi.mt.gov/mtjobsforteachers/frmJobListingPublic.aspx","Browning","OPI Jobs for Teachers (statewide)",2026-09-01,"OPI fallback: title + raw location + posted date (not a stable OPI ID)","fallback:opi-fallbackopi jobs for teachers (statewide)browningspecial educationbrowning2026-04-30#1"
"Elementary Curriculum",2026-04-30,NA,"Judith Gap","https://apps.opi.mt.gov/mtjobsforteachers/frmJobListingPublic.aspx","Judith Gap","OPI Jobs for Teachers (statewide)",2026-09-01,"OPI fallback: title + raw location + posted date (not a stable OPI ID)","fallback:opi-fallbackopi jobs for teachers (statewide)judith gapelementary curriculumjudith gap2026-04-30#1"
"Elementary Curriculum",2026-04-30,NA,"Absarokee","https://apps.opi.mt.gov/mtjobsforteachers/frmJobListingPublic.aspx","Absarokee","OPI Jobs for Teachers (statewide)",2026-09-01,"OPI fallback: title + raw location + posted date (not a stable OPI ID)","fallback:opi-fallbackopi jobs for teachers (statewide)absarokeeelementary curriculumabsarokee2026-04-30#1"
"CTE – Family and Consumer Sciences",2026-04-30,NA,"Absarokee","https://apps.opi.mt.gov/mtjobsforteachers/frmJobListingPublic.aspx","Absarokee","OPI Jobs for Teachers (statewide)",2026-09-01,"OPI fallback: title + raw location + posted date (not a stable OPI ID)","fallback:opi-fallbackopi jobs for teachers (statewide)absarokeecte – family and consumer sciencesabsarokee2026-04-30#1"
"Music",2026-04-30,NA,"Dutton","https://apps.opi.mt.gov/mtjobsforteachers/frmJobListingPublic.aspx","Dutton","OPI Jobs for Teachers (statewide)",2026-09-01,"OPI fallback: title + raw location + posted date (not a stable OPI ID)","fallback:opi-fallbackopi jobs for teachers (statewide)duttonmusicdutton2026-04-30#1"
"Music",2026-04-29,NA,"Nashua","https://apps.opi.mt.gov/mtjobsforteachers/frmJobListingPublic.aspx","Nashua","OPI Jobs for Teachers (statewide)",2026-09-01,"OPI fallback: title + raw location + posted date (not a stable OPI ID)","fallback:opi-fallbackopi jobs for teachers (statewide)nashuamusicnashua2026-04-29#1"
"Mathematics",2026-04-29,NA,"Lodge Grass, Montana","https://apps.opi.mt.gov/mtjobsforteachers/frmJobListingPublic.aspx","Lodge Grass, Montana","OPI Jobs for Teachers (statewide)",2026-09-01,"OPI fallback: title + raw location + posted date (not a stable OPI ID)","fallback:opi-fallbackopi jobs for teachers (statewide)lodge grass, montanamathematicslodge grass, montana2026-04-29#1"
"Art",2026-04-29,NA,"Nashua","https://apps.opi.mt.gov/mtjobsforteachers/frmJobListingPublic.aspx","Nashua","OPI Jobs for Teachers (statewide)",2026-09-01,"OPI fallback: title + raw location + posted date (not a stable OPI ID)","fallback:opi-fallbackopi jobs for teachers (statewide)nashuaartnashua2026-04-29#1"
"Library",2026-04-29,NA,"Nashua","https://apps.opi.mt.gov/mtjobsforteachers/frmJobListingPublic.aspx","Nashua","OPI Jobs for Teachers (statewide)",2026-09-01,"OPI fallback: title + raw location + posted date (not a stable OPI ID)","fallback:opi-fallbackopi jobs for teachers (statewide)nashualibrarynashua2026-04-29#1"
"Mathematics",2026-04-29,NA,"Fairview","https://apps.opi.mt.gov/mtjobsforteachers/frmJobListingPublic.aspx","Fairview","OPI Jobs for Teachers (statewide)",2026-09-01,"OPI fallback: title + raw location + posted date (not a stable OPI ID)","fallback:opi-fallbackopi jobs for teachers (statewide)fairviewmathematicsfairview2026-04-29#1"
"Elementary Curriculum",2026-04-29,NA,"Judith Gap","https://apps.opi.mt.gov/mtjobsforteachers/frmJobListingPublic.aspx","Judith Gap","OPI Jobs for Teachers (statewide)",2026-09-01,"OPI fallback: title + raw location + posted date (not a stable OPI ID)","fallback:opi-fallbackopi jobs for teachers (statewide)judith gapelementary curriculumjudith gap2026-04-29#1"
"Elementary Curriculum",2026-04-29,NA,"Judith Gap","https://apps.opi.mt.gov/mtjobsforteachers/frmJobListingPublic.aspx","Judith Gap","OPI Jobs for Teachers (statewide)",2026-09-01,"OPI fallback: title + raw location + posted date (not a stable OPI ID)","fallback:opi-fallbackopi jobs for teachers (statewide)judith gapelementary curriculumjudith gap2026-04-29#2"
"Elementary Curriculum",2026-04-28,NA,"Lame Deer, MT","https://apps.opi.mt.gov/mtjobsforteachers/frmJobListingPublic.aspx","Lame Deer, MT","OPI Jobs for Teachers (statewide)",2026-09-01,"OPI fallback: title + raw location + posted date (not a stable OPI ID)","fallback:opi-fallbackopi jobs for teachers (statewide)lame deer, mtelementary curriculumlame deer, mt2026-04-28#1"
"Mathematics",2026-04-28,NA,"Lame Deer, MT","https://apps.opi.mt.gov/mtjobsforteachers/frmJobListingPublic.aspx","Lame Deer, MT","OPI Jobs for Teachers (statewide)",2026-09-01,"OPI fallback: title + raw location + posted date (not a stable OPI ID)","fallback:opi-fallbackopi jobs for teachers (statewide)lame deer, mtmathematicslame deer, mt2026-04-28#1"
"Administrative - Sp Ed Director",2026-04-28,NA,"Lame Deer, MT","https://apps.opi.mt.gov/mtjobsforteachers/frmJobListingPublic.aspx","Lame Deer, MT","OPI Jobs for Teachers (statewide)",2026-09-01,"OPI fallback: title + raw location + posted date (not a stable OPI ID)","fallback:opi-fallbackopi jobs for teachers (statewide)lame deer, mtadministrative - sp ed directorlame deer, mt2026-04-28#1"
"Science (Broadfield)",2026-04-28,NA,"Lame Deer, MT","https://apps.opi.mt.gov/mtjobsforteachers/frmJobListingPublic.aspx","Lame Deer, MT","OPI Jobs for Teachers (statewide)",2026-09-01,"OPI fallback: title + raw location + posted date (not a stable OPI ID)","fallback:opi-fallbackopi jobs for teachers (statewide)lame deer, mtscience (broadfield)lame deer, mt2026-04-28#1"
"Elementary Curriculum",2026-04-28,NA,"Lambert","https://apps.opi.mt.gov/mtjobsforteachers/frmJobListingPublic.aspx","Lambert","OPI Jobs for Teachers (statewide)",2026-09-01,"OPI fallback: title + raw location + posted date (not a stable OPI ID)","fallback:opi-fallbackopi jobs for teachers (statewide)lambertelementary curriculumlambert2026-04-28#1"
"CTE – Industrial Technology Education",2026-04-28,NA,"Frazer, MT","https://apps.opi.mt.gov/mtjobsforteachers/frmJobListingPublic.aspx","Frazer, MT","OPI Jobs for Teachers (statewide)",2026-09-01,"OPI fallback: title + raw location + posted date (not a stable OPI ID)","fallback:opi-fallbackopi jobs for teachers (statewide)frazer, mtcte – industrial technology educationfrazer, mt2026-04-28#1"
"Elementary Curriculum",2026-04-27,NA,"Medicine Lake","https://apps.opi.mt.gov/mtjobsforteachers/frmJobListingPublic.aspx","Medicine Lake","OPI Jobs for Teachers (statewide)",2026-09-01,"OPI fallback: title + raw location + posted date (not a stable OPI ID)","fallback:opi-fallbackopi jobs for teachers (statewide)medicine lakeelementary curriculummedicine lake2026-04-27#1"
"Elementary Curriculum",2026-04-27,NA,"Judith Gap","https://apps.opi.mt.gov/mtjobsforteachers/frmJobListingPublic.aspx","Judith Gap","OPI Jobs for Teachers (statewide)",2026-09-01,"OPI fallback: title + raw location + posted date (not a stable OPI ID)","fallback:opi-fallbackopi jobs for teachers (statewide)judith gapelementary curriculumjudith gap2026-04-27#1"
"Elementary Curriculum",2026-04-27,NA,"Geraldine","https://apps.opi.mt.gov/mtjobsforteachers/frmJobListingPublic.aspx","Geraldine","OPI Jobs for Teachers (statewide)",2026-09-01,"OPI fallback: title + raw location + posted date (not a stable OPI ID)","fallback:opi-fallbackopi jobs for teachers (statewide)geraldineelementary curriculumgeraldine2026-04-27#1"
"Elementary Curriculum",2026-04-27,NA,"Lewistown","https://apps.opi.mt.gov/mtjobsforteachers/frmJobListingPublic.aspx","Lewistown","OPI Jobs for Teachers (statewide)",2026-09-01,"OPI fallback: title + raw location + posted date (not a stable OPI ID)","fallback:opi-fallbackopi jobs for teachers (statewide)lewistownelementary curriculumlewistown2026-04-27#1"
"Elementary Curriculum",2026-04-27,NA,"McLeod","https://apps.opi.mt.gov/mtjobsforteachers/frmJobListingPublic.aspx","McLeod","OPI Jobs for Teachers (statewide)",2026-09-01,"OPI fallback: title + raw location + posted date (not a stable OPI ID)","fallback:opi-fallbackopi jobs for teachers (statewide)mcleodelementary curriculummcleod2026-04-27#1"
"Elementary Curriculum",2026-04-27,NA,"Melville","https://apps.opi.mt.gov/mtjobsforteachers/frmJobListingPublic.aspx","Melville","OPI Jobs for Teachers (statewide)",2026-09-01,"OPI fallback: title + raw location + posted date (not a stable OPI ID)","fallback:opi-fallbackopi jobs for teachers (statewide)melvilleelementary curriculummelville2026-04-27#1"
"Music",2026-04-27,NA,"Winifred, MT","https://apps.opi.mt.gov/mtjobsforteachers/frmJobListingPublic.aspx","Winifred, MT","OPI Jobs for Teachers (statewide)",2026-09-01,"OPI fallback: title + raw location + posted date (not a stable OPI ID)","fallback:opi-fallbackopi jobs for teachers (statewide)winifred, mtmusicwinifred, mt2026-04-27#1"
"Special Education",2026-04-27,NA,"Winifred, MT","https://apps.opi.mt.gov/mtjobsforteachers/frmJobListingPublic.aspx","Winifred, MT","OPI Jobs for Teachers (statewide)",2026-09-01,"OPI fallback: title + raw location + posted date (not a stable OPI ID)","fallback:opi-fallbackopi jobs for teachers (statewide)winifred, mtspecial educationwinifred, mt2026-04-27#1"
"Elementary Curriculum",2026-04-24,NA,"Missoula","https://apps.opi.mt.gov/mtjobsforteachers/frmJobListingPublic.aspx","Missoula","OPI Jobs for Teachers (statewide)",2026-09-01,"OPI fallback: title + raw location + posted date (not a stable OPI ID)","fallback:opi-fallbackopi jobs for teachers (statewide)missoulaelementary curriculummissoula2026-04-24#1"
"Science (Broadfield)",2026-04-23,NA,"Billings - Billings Christian School","https://apps.opi.mt.gov/mtjobsforteachers/frmJobListingPublic.aspx","Billings - Billings Christian School","OPI Jobs for Teachers (statewide)",2026-09-01,"OPI fallback: title + raw location + posted date (not a stable OPI ID)","fallback:opi-fallbackopi jobs for teachers (statewide)billings - billings christian schoolscience (broadfield)billings - billings christian school2026-04-23#1"
"Elementary Curriculum",2026-04-23,NA,"Billings - Billings Christian School","https://apps.opi.mt.gov/mtjobsforteachers/frmJobListingPublic.aspx","Billings - Billings Christian School","OPI Jobs for Teachers (statewide)",2026-09-01,"OPI fallback: title + raw location + posted date (not a stable OPI ID)","fallback:opi-fallbackopi jobs for teachers (statewide)billings - billings christian schoolelementary curriculumbillings - billings christian school2026-04-23#1"
"Elementary Curriculum",2026-04-23,NA,"Billings - Billings Christian School","https://apps.opi.mt.gov/mtjobsforteachers/frmJobListingPublic.aspx","Billings - Billings Christian School","OPI Jobs for Teachers (statewide)",2026-09-01,"OPI fallback: title + raw location + posted date (not a stable OPI ID)","fallback:opi-fallbackopi jobs for teachers (statewide)billings - billings christian schoolelementary curriculumbillings - billings christian school2026-04-23#2"
"Administrative - Principal",2026-04-23,NA,"Billings - Billings Christian School","https://apps.opi.mt.gov/mtjobsforteachers/frmJobListingPublic.aspx","Billings - Billings Christian School","OPI Jobs for Teachers (statewide)",2026-09-01,"OPI fallback: title + raw location + posted date (not a stable OPI ID)","fallback:opi-fallbackopi jobs for teachers (statewide)billings - billings christian schooladministrative - principalbillings - billings christian school2026-04-23#1"
"Music",2026-04-23,NA,"Billings - Billings Christian School","https://apps.opi.mt.gov/mtjobsforteachers/frmJobListingPublic.aspx","Billings - Billings Christian School","OPI Jobs for Teachers (statewide)",2026-09-01,"OPI fallback: title + raw location + posted date (not a stable OPI ID)","fallback:opi-fallbackopi jobs for teachers (statewide)billings - billings christian schoolmusicbillings - billings christian school2026-04-23#1"
"Elementary Curriculum",2026-04-23,NA,"Ronan","https://apps.opi.mt.gov/mtjobsforteachers/frmJobListingPublic.aspx","Ronan","OPI Jobs for Teachers (statewide)",2026-09-01,"OPI fallback: title + raw location + posted date (not a stable OPI ID)","fallback:opi-fallbackopi jobs for teachers (statewide)ronanelementary curriculumronan2026-04-23#1"
"Speech-Language Pathologist",2026-04-22,NA,"Belgrade","https://apps.opi.mt.gov/mtjobsforteachers/frmJobListingPublic.aspx","Belgrade","OPI Jobs for Teachers (statewide)",2026-09-01,"OPI fallback: title + raw location + posted date (not a stable OPI ID)","fallback:opi-fallbackopi jobs for teachers (statewide)belgradespeech-language pathologistbelgrade2026-04-22#1"
"School Counseling",2026-04-21,NA,"Hot Springs","https://apps.opi.mt.gov/mtjobsforteachers/frmJobListingPublic.aspx","Hot Springs","OPI Jobs for Teachers (statewide)",2026-09-01,"OPI fallback: title + raw location + posted date (not a stable OPI ID)","fallback:opi-fallbackopi jobs for teachers (statewide)hot springsschool counselinghot springs2026-04-21#1"
"Special Education",2026-04-21,NA,"Bozeman","https://apps.opi.mt.gov/mtjobsforteachers/frmJobListingPublic.aspx","Bozeman","OPI Jobs for Teachers (statewide)",2026-09-01,"OPI fallback: title + raw location + posted date (not a stable OPI ID)","fallback:opi-fallbackopi jobs for teachers (statewide)bozemanspecial educationbozeman2026-04-21#1"
"Elementary Curriculum",2026-04-20,NA,"Northwest of Cut Bank, MT","https://apps.opi.mt.gov/mtjobsforteachers/frmJobListingPublic.aspx","Northwest of Cut Bank, MT","OPI Jobs for Teachers (statewide)",2026-09-01,"OPI fallback: title + raw location + posted date (not a stable OPI ID)","fallback:opi-fallbackopi jobs for teachers (statewide)northwest of cut bank, mtelementary curriculumnorthwest of cut bank, mt2026-04-20#1"
"Special Education",2026-04-20,NA,"WYOLA","https://apps.opi.mt.gov/mtjobsforteachers/frmJobListingPublic.aspx","WYOLA","OPI Jobs for Teachers (statewide)",2026-09-01,"OPI fallback: title + raw location + posted date (not a stable OPI ID)","fallback:opi-fallbackopi jobs for teachers (statewide)wyolaspecial educationwyola2026-04-20#1"
"Social Studies (Broadfield)",2026-04-20,NA,"Bainville","https://apps.opi.mt.gov/mtjobsforteachers/frmJobListingPublic.aspx","Bainville","OPI Jobs for Teachers (statewide)",2026-09-01,"OPI fallback: title + raw location + posted date (not a stable OPI ID)","fallback:opi-fallbackopi jobs for teachers (statewide)bainvillesocial studies (broadfield)bainville2026-04-20#1"
"School Counseling",2026-04-20,NA,"Fairview","https://apps.opi.mt.gov/mtjobsforteachers/frmJobListingPublic.aspx","Fairview","OPI Jobs for Teachers (statewide)",2026-09-01,"OPI fallback: title + raw location + posted date (not a stable OPI ID)","fallback:opi-fallbackopi jobs for teachers (statewide)fairviewschool counselingfairview2026-04-20#1"
"Elementary Curriculum",2026-04-20,NA,"Geraldine","https://apps.opi.mt.gov/mtjobsforteachers/frmJobListingPublic.aspx","Geraldine","OPI Jobs for Teachers (statewide)",2026-09-01,"OPI fallback: title + raw location + posted date (not a stable OPI ID)","fallback:opi-fallbackopi jobs for teachers (statewide)geraldineelementary curriculumgeraldine2026-04-20#1"
"CTE – Agricultural Education",2026-04-20,NA,"Reed Point","https://apps.opi.mt.gov/mtjobsforteachers/frmJobListingPublic.aspx","Reed Point","OPI Jobs for Teachers (statewide)",2026-09-01,"OPI fallback: title + raw location + posted date (not a stable OPI ID)","fallback:opi-fallbackopi jobs for teachers (statewide)reed pointcte – agricultural educationreed point2026-04-20#1"
"Elementary Curriculum",2026-04-17,NA,"Fortine","https://apps.opi.mt.gov/mtjobsforteachers/frmJobListingPublic.aspx","Fortine","OPI Jobs for Teachers (statewide)",2026-09-01,"OPI fallback: title + raw location + posted date (not a stable OPI ID)","fallback:opi-fallbackopi jobs for teachers (statewide)fortineelementary curriculumfortine2026-04-17#1"
"Elementary Curriculum",2026-04-17,NA,"Harlowton District","https://apps.opi.mt.gov/mtjobsforteachers/frmJobListingPublic.aspx","Harlowton District","OPI Jobs for Teachers (statewide)",2026-09-01,"OPI fallback: title + raw location + posted date (not a stable OPI ID)","fallback:opi-fallbackopi jobs for teachers (statewide)harlowton districtelementary curriculumharlowton district2026-04-17#1"
"Science (Broadfield)",2026-04-17,NA,"Shepherd","https://apps.opi.mt.gov/mtjobsforteachers/frmJobListingPublic.aspx","Shepherd","OPI Jobs for Teachers (statewide)",2026-09-01,"OPI fallback: title + raw location + posted date (not a stable OPI ID)","fallback:opi-fallbackopi jobs for teachers (statewide)shepherdscience (broadfield)shepherd2026-04-17#1"
"Music",2026-04-17,NA,"Billings","https://apps.opi.mt.gov/mtjobsforteachers/frmJobListingPublic.aspx","Billings","OPI Jobs for Teachers (statewide)",2026-09-01,"OPI fallback: title + raw location + posted date (not a stable OPI ID)","fallback:opi-fallbackopi jobs for teachers (statewide)billingsmusicbillings2026-04-17#1"
"Art",2026-04-17,NA,"Shepherd","https://apps.opi.mt.gov/mtjobsforteachers/frmJobListingPublic.aspx","Shepherd","OPI Jobs for Teachers (statewide)",2026-09-01,"OPI fallback: title + raw location + posted date (not a stable OPI ID)","fallback:opi-fallbackopi jobs for teachers (statewide)shepherdartshepherd2026-04-17#1"
"Music",2026-04-17,NA,"Shepherd","https://apps.opi.mt.gov/mtjobsforteachers/frmJobListingPublic.aspx","Shepherd","OPI Jobs for Teachers (statewide)",2026-09-01,"OPI fallback: title + raw location + posted date (not a stable OPI ID)","fallback:opi-fallbackopi jobs for teachers (statewide)shepherdmusicshepherd2026-04-17#1"
"Physical Ed",2026-04-16,NA,"Geyser, Montana","https://apps.opi.mt.gov/mtjobsforteachers/frmJobListingPublic.aspx","Geyser, Montana","OPI Jobs for Teachers (statewide)",2026-09-01,"OPI fallback: title + raw location + posted date (not a stable OPI ID)","fallback:opi-fallbackopi jobs for teachers (statewide)geyser, montanaphysical edgeyser, montana2026-04-16#1"
"Elementary Curriculum",2026-04-16,NA,"Shelby","https://apps.opi.mt.gov/mtjobsforteachers/frmJobListingPublic.aspx","Shelby","OPI Jobs for Teachers (statewide)",2026-09-01,"OPI fallback: title + raw location + posted date (not a stable OPI ID)","fallback:opi-fallbackopi jobs for teachers (statewide)shelbyelementary curriculumshelby2026-04-16#1"
"Elementary Curriculum",2026-04-16,NA,"RUDYARD","https://apps.opi.mt.gov/mtjobsforteachers/frmJobListingPublic.aspx","RUDYARD","OPI Jobs for Teachers (statewide)",2026-09-01,"OPI fallback: title + raw location + posted date (not a stable OPI ID)","fallback:opi-fallbackopi jobs for teachers (statewide)rudyardelementary curriculumrudyard2026-04-16#1"
"History",2026-04-16,NA,"Lima","https://apps.opi.mt.gov/mtjobsforteachers/frmJobListingPublic.aspx","Lima","OPI Jobs for Teachers (statewide)",2026-09-01,"OPI fallback: title + raw location + posted date (not a stable OPI ID)","fallback:opi-fallbackopi jobs for teachers (statewide)limahistorylima2026-04-16#1"
"Elementary Curriculum",2026-04-16,NA,"Belfry","https://apps.opi.mt.gov/mtjobsforteachers/frmJobListingPublic.aspx","Belfry","OPI Jobs for Teachers (statewide)",2026-09-01,"OPI fallback: title + raw location + posted date (not a stable OPI ID)","fallback:opi-fallbackopi jobs for teachers (statewide)belfryelementary curriculumbelfry2026-04-16#1"
"Music",2026-04-16,NA,"Malta","https://apps.opi.mt.gov/mtjobsforteachers/frmJobListingPublic.aspx","Malta","OPI Jobs for Teachers (statewide)",2026-09-01,"OPI fallback: title + raw location + posted date (not a stable OPI ID)","fallback:opi-fallbackopi jobs for teachers (statewide)maltamusicmalta2026-04-16#1"
"School Psychologist",2026-04-16,NA,"Kalispell","https://apps.opi.mt.gov/mtjobsforteachers/frmJobListingPublic.aspx","Kalispell","OPI Jobs for Teachers (statewide)",2026-09-01,"OPI fallback: title + raw location + posted date (not a stable OPI ID)","fallback:opi-fallbackopi jobs for teachers (statewide)kalispellschool psychologistkalispell2026-04-16#1"
"Special Education",2026-04-16,NA,"Kalispell","https://apps.opi.mt.gov/mtjobsforteachers/frmJobListingPublic.aspx","Kalispell","OPI Jobs for Teachers (statewide)",2026-09-01,"OPI fallback: title + raw location + posted date (not a stable OPI ID)","fallback:opi-fallbackopi jobs for teachers (statewide)kalispellspecial educationkalispell2026-04-16#1"
"Special Education",2026-04-16,NA,"Kalispell","https://apps.opi.mt.gov/mtjobsforteachers/frmJobListingPublic.aspx","Kalispell","OPI Jobs for Teachers (statewide)",2026-09-01,"OPI fallback: title + raw location + posted date (not a stable OPI ID)","fallback:opi-fallbackopi jobs for teachers (statewide)kalispellspecial educationkalispell2026-04-16#2"
"Special Education",2026-04-16,NA,"Kalispell","https://apps.opi.mt.gov/mtjobsforteachers/frmJobListingPublic.aspx","Kalispell","OPI Jobs for Teachers (statewide)",2026-09-01,"OPI fallback: title + raw location + posted date (not a stable OPI ID)","fallback:opi-fallbackopi jobs for teachers (statewide)kalispellspecial educationkalispell2026-04-16#3"
"Special Education",2026-04-16,NA,"Kalispell","https://apps.opi.mt.gov/mtjobsforteachers/frmJobListingPublic.aspx","Kalispell","OPI Jobs for Teachers (statewide)",2026-09-01,"OPI fallback: title + raw location + posted date (not a stable OPI ID)","fallback:opi-fallbackopi jobs for teachers (statewide)kalispellspecial educationkalispell2026-04-16#4"
"Special Education",2026-04-16,NA,"Lima","https://apps.opi.mt.gov/mtjobsforteachers/frmJobListingPublic.aspx","Lima","OPI Jobs for Teachers (statewide)",2026-09-01,"OPI fallback: title + raw location + posted date (not a stable OPI ID)","fallback:opi-fallbackopi jobs for teachers (statewide)limaspecial educationlima2026-04-16#1"
"Elementary Curriculum",2026-04-15,NA,"Lavina","https://apps.opi.mt.gov/mtjobsforteachers/frmJobListingPublic.aspx","Lavina","OPI Jobs for Teachers (statewide)",2026-09-01,"OPI fallback: title + raw location + posted date (not a stable OPI ID)","fallback:opi-fallbackopi jobs for teachers (statewide)lavinaelementary curriculumlavina2026-04-15#1"
"Music",2026-04-15,NA,"Frazer","https://apps.opi.mt.gov/mtjobsforteachers/frmJobListingPublic.aspx","Frazer","OPI Jobs for Teachers (statewide)",2026-09-01,"OPI fallback: title + raw location + posted date (not a stable OPI ID)","fallback:opi-fallbackopi jobs for teachers (statewide)frazermusicfrazer2026-04-15#1"
"Science (Broadfield)",2026-04-14,NA,"Westby","https://apps.opi.mt.gov/mtjobsforteachers/frmJobListingPublic.aspx","Westby","OPI Jobs for Teachers (statewide)",2026-09-01,"OPI fallback: title + raw location + posted date (not a stable OPI ID)","fallback:opi-fallbackopi jobs for teachers (statewide)westbyscience (broadfield)westby2026-04-14#1"
"Elementary Curriculum",2026-04-14,NA,"Westby","https://apps.opi.mt.gov/mtjobsforteachers/frmJobListingPublic.aspx","Westby","OPI Jobs for Teachers (statewide)",2026-09-01,"OPI fallback: title + raw location + posted date (not a stable OPI ID)","fallback:opi-fallbackopi jobs for teachers (statewide)westbyelementary curriculumwestby2026-04-14#1"
"Elementary Curriculum",2026-04-14,NA,"Wibaux","https://apps.opi.mt.gov/mtjobsforteachers/frmJobListingPublic.aspx","Wibaux","OPI Jobs for Teachers (statewide)",2026-09-01,"OPI fallback: title + raw location + posted date (not a stable OPI ID)","fallback:opi-fallbackopi jobs for teachers (statewide)wibauxelementary curriculumwibaux2026-04-14#1"
"CTE – Family and Consumer Sciences",2026-04-14,NA,"Wibaux","https://apps.opi.mt.gov/mtjobsforteachers/frmJobListingPublic.aspx","Wibaux","OPI Jobs for Teachers (statewide)",2026-09-01,"OPI fallback: title + raw location + posted date (not a stable OPI ID)","fallback:opi-fallbackopi jobs for teachers (statewide)wibauxcte – family and consumer scienceswibaux2026-04-14#1"
"CTE – Agricultural Education",2026-04-14,NA,"Wibaux","https://apps.opi.mt.gov/mtjobsforteachers/frmJobListingPublic.aspx","Wibaux","OPI Jobs for Teachers (statewide)",2026-09-01,"OPI fallback: title + raw location + posted date (not a stable OPI ID)","fallback:opi-fallbackopi jobs for teachers (statewide)wibauxcte – agricultural educationwibaux2026-04-14#1"
"School Psychologist",2026-04-14,NA,"Browning","https://apps.opi.mt.gov/mtjobsforteachers/frmJobListingPublic.aspx","Browning","OPI Jobs for Teachers (statewide)",2026-09-01,"OPI fallback: title + raw location + posted date (not a stable OPI ID)","fallback:opi-fallbackopi jobs for teachers (statewide)browningschool psychologistbrowning2026-04-14#1"
"Social Studies (Broadfield)",2026-04-14,NA,"Westby","https://apps.opi.mt.gov/mtjobsforteachers/frmJobListingPublic.aspx","Westby","OPI Jobs for Teachers (statewide)",2026-09-01,"OPI fallback: title + raw location + posted date (not a stable OPI ID)","fallback:opi-fallbackopi jobs for teachers (statewide)westbysocial studies (broadfield)westby2026-04-14#1"
"Elementary Curriculum",2026-04-14,NA,"Geraldine","https://apps.opi.mt.gov/mtjobsforteachers/frmJobListingPublic.aspx","Geraldine","OPI Jobs for Teachers (statewide)",2026-09-01,"OPI fallback: title + raw location + posted date (not a stable OPI ID)","fallback:opi-fallbackopi jobs for teachers (statewide)geraldineelementary curriculumgeraldine2026-04-14#1"
"Elementary Curriculum",2026-04-14,NA,"BRUSETT","https://apps.opi.mt.gov/mtjobsforteachers/frmJobListingPublic.aspx","BRUSETT","OPI Jobs for Teachers (statewide)",2026-09-01,"OPI fallback: title + raw location + posted date (not a stable OPI ID)","fallback:opi-fallbackopi jobs for teachers (statewide)brusettelementary curriculumbrusett2026-04-14#1"
"Elementary Curriculum",2026-04-14,NA,"BRUSETT","https://apps.opi.mt.gov/mtjobsforteachers/frmJobListingPublic.aspx","BRUSETT","OPI Jobs for Teachers (statewide)",2026-09-01,"OPI fallback: title + raw location + posted date (not a stable OPI ID)","fallback:opi-fallbackopi jobs for teachers (statewide)brusettelementary curriculumbrusett2026-04-14#2"
"Elementary Curriculum",2026-04-14,NA,"Geraldine","https://apps.opi.mt.gov/mtjobsforteachers/frmJobListingPublic.aspx","Geraldine","OPI Jobs for Teachers (statewide)",2026-09-01,"OPI fallback: title + raw location + posted date (not a stable OPI ID)","fallback:opi-fallbackopi jobs for teachers (statewide)geraldineelementary curriculumgeraldine2026-04-14#2"
"Speech-Language Pathologist",2026-04-14,NA,"Kalispell","https://apps.opi.mt.gov/mtjobsforteachers/frmJobListingPublic.aspx","Kalispell","OPI Jobs for Teachers (statewide)",2026-09-01,"OPI fallback: title + raw location + posted date (not a stable OPI ID)","fallback:opi-fallbackopi jobs for teachers (statewide)kalispellspeech-language pathologistkalispell2026-04-14#1"
"Elementary Curriculum",2026-04-13,NA,"Conrad","https://apps.opi.mt.gov/mtjobsforteachers/frmJobListingPublic.aspx","Conrad","OPI Jobs for Teachers (statewide)",2026-09-01,"OPI fallback: title + raw location + posted date (not a stable OPI ID)","fallback:opi-fallbackopi jobs for teachers (statewide)conradelementary curriculumconrad2026-04-13#1"
"Science (Broadfield)",2026-04-13,NA,"Ronan","https://apps.opi.mt.gov/mtjobsforteachers/frmJobListingPublic.aspx","Ronan","OPI Jobs for Teachers (statewide)",2026-09-01,"OPI fallback: title + raw location + posted date (not a stable OPI ID)","fallback:opi-fallbackopi jobs for teachers (statewide)ronanscience (broadfield)ronan2026-04-13#1"
"Elementary Curriculum",2026-04-13,NA,"Absarokee","https://apps.opi.mt.gov/mtjobsforteachers/frmJobListingPublic.aspx","Absarokee","OPI Jobs for Teachers (statewide)",2026-09-01,"OPI fallback: title + raw location + posted date (not a stable OPI ID)","fallback:opi-fallbackopi jobs for teachers (statewide)absarokeeelementary curriculumabsarokee2026-04-13#1"
"Special Education",2026-04-10,NA,"Rocky Boy","https://apps.opi.mt.gov/mtjobsforteachers/frmJobListingPublic.aspx","Rocky Boy","OPI Jobs for Teachers (statewide)",2026-09-01,"OPI fallback: title + raw location + posted date (not a stable OPI ID)","fallback:opi-fallbackopi jobs for teachers (statewide)rocky boyspecial educationrocky boy2026-04-10#1"
"Elementary Curriculum",2026-04-10,NA,"Geraldine","https://apps.opi.mt.gov/mtjobsforteachers/frmJobListingPublic.aspx","Geraldine","OPI Jobs for Teachers (statewide)",2026-09-01,"OPI fallback: title + raw location + posted date (not a stable OPI ID)","fallback:opi-fallbackopi jobs for teachers (statewide)geraldineelementary curriculumgeraldine2026-04-10#1"
"Interpreter",2026-04-09,NA,"Townsend, MT","https://apps.opi.mt.gov/mtjobsforteachers/frmJobListingPublic.aspx","Townsend, MT","OPI Jobs for Teachers (statewide)",2026-09-01,"OPI fallback: title + raw location + posted date (not a stable OPI ID)","fallback:opi-fallbackopi jobs for teachers (statewide)townsend, mtinterpretertownsend, mt2026-04-09#1"
"Coach",2026-04-09,NA,"Boulder","https://apps.opi.mt.gov/mtjobsforteachers/frmJobListingPublic.aspx","Boulder","OPI Jobs for Teachers (statewide)",2026-09-01,"OPI fallback: title + raw location + posted date (not a stable OPI ID)","fallback:opi-fallbackopi jobs for teachers (statewide)bouldercoachboulder2026-04-09#1"
"CTE – Business and Marketing Education",2026-04-09,NA,"Hot Springs","https://apps.opi.mt.gov/mtjobsforteachers/frmJobListingPublic.aspx","Hot Springs","OPI Jobs for Teachers (statewide)",2026-09-01,"OPI fallback: title + raw location + posted date (not a stable OPI ID)","fallback:opi-fallbackopi jobs for teachers (statewide)hot springscte – business and marketing educationhot springs2026-04-09#1"
"Elementary Curriculum",2026-04-09,NA,"Hot Springs","https://apps.opi.mt.gov/mtjobsforteachers/frmJobListingPublic.aspx","Hot Springs","OPI Jobs for Teachers (statewide)",2026-09-01,"OPI fallback: title + raw location + posted date (not a stable OPI ID)","fallback:opi-fallbackopi jobs for teachers (statewide)hot springselementary curriculumhot springs2026-04-09#1"
"CTE – Family and Consumer Sciences",2026-04-09,NA,"Hot Springs","https://apps.opi.mt.gov/mtjobsforteachers/frmJobListingPublic.aspx","Hot Springs","OPI Jobs for Teachers (statewide)",2026-09-01,"OPI fallback: title + raw location + posted date (not a stable OPI ID)","fallback:opi-fallbackopi jobs for teachers (statewide)hot springscte – family and consumer scienceshot springs2026-04-09#1"
"Library",2026-04-09,NA,"Hot Springs","https://apps.opi.mt.gov/mtjobsforteachers/frmJobListingPublic.aspx","Hot Springs","OPI Jobs for Teachers (statewide)",2026-09-01,"OPI fallback: title + raw location + posted date (not a stable OPI ID)","fallback:opi-fallbackopi jobs for teachers (statewide)hot springslibraryhot springs2026-04-09#1"
"Special Education",2026-04-09,NA,"CORVALLIS","https://apps.opi.mt.gov/mtjobsforteachers/frmJobListingPublic.aspx","CORVALLIS","OPI Jobs for Teachers (statewide)",2026-09-01,"OPI fallback: title + raw location + posted date (not a stable OPI ID)","fallback:opi-fallbackopi jobs for teachers (statewide)corvallisspecial educationcorvallis2026-04-09#1"
"Special Education",2026-04-09,NA,"Malta, MT","https://apps.opi.mt.gov/mtjobsforteachers/frmJobListingPublic.aspx","Malta, MT","OPI Jobs for Teachers (statewide)",2026-09-01,"OPI fallback: title + raw location + posted date (not a stable OPI ID)","fallback:opi-fallbackopi jobs for teachers (statewide)malta, mtspecial educationmalta, mt2026-04-09#1"
"Special Education",2026-04-08,NA,"Shepherd MT","https://apps.opi.mt.gov/mtjobsforteachers/frmJobListingPublic.aspx","Shepherd MT","OPI Jobs for Teachers (statewide)",2026-09-01,"OPI fallback: title + raw location + posted date (not a stable OPI ID)","fallback:opi-fallbackopi jobs for teachers (statewide)shepherd mtspecial educationshepherd mt2026-04-08#1"
"English",2026-04-07,NA,"Big Sandy","https://apps.opi.mt.gov/mtjobsforteachers/frmJobListingPublic.aspx","Big Sandy","OPI Jobs for Teachers (statewide)",2026-09-01,"OPI fallback: title + raw location + posted date (not a stable OPI ID)","fallback:opi-fallbackopi jobs for teachers (statewide)big sandyenglishbig sandy2026-04-07#1"
"Elementary Curriculum",2026-04-07,NA,"Geraldine","https://apps.opi.mt.gov/mtjobsforteachers/frmJobListingPublic.aspx","Geraldine","OPI Jobs for Teachers (statewide)",2026-09-01,"OPI fallback: title + raw location + posted date (not a stable OPI ID)","fallback:opi-fallbackopi jobs for teachers (statewide)geraldineelementary curriculumgeraldine2026-04-07#1"
"Elementary Curriculum",2026-04-07,NA,"Loring Colony","https://apps.opi.mt.gov/mtjobsforteachers/frmJobListingPublic.aspx","Loring Colony","OPI Jobs for Teachers (statewide)",2026-09-01,"OPI fallback: title + raw location + posted date (not a stable OPI ID)","fallback:opi-fallbackopi jobs for teachers (statewide)loring colonyelementary curriculumloring colony2026-04-07#1"
"Elementary Curriculum",2026-04-06,NA,"Trout Creek","https://apps.opi.mt.gov/mtjobsforteachers/frmJobListingPublic.aspx","Trout Creek","OPI Jobs for Teachers (statewide)",2026-09-01,"OPI fallback: title + raw location + posted date (not a stable OPI ID)","fallback:opi-fallbackopi jobs for teachers (statewide)trout creekelementary curriculumtrout creek2026-04-06#1"
"Elementary Curriculum",2026-04-06,NA,"Trout Creek","https://apps.opi.mt.gov/mtjobsforteachers/frmJobListingPublic.aspx","Trout Creek","OPI Jobs for Teachers (statewide)",2026-09-01,"OPI fallback: title + raw location + posted date (not a stable OPI ID)","fallback:opi-fallbackopi jobs for teachers (statewide)trout creekelementary curriculumtrout creek2026-04-06#2"
"Music",2026-04-03,NA,"Lambert","https://apps.opi.mt.gov/mtjobsforteachers/frmJobListingPublic.aspx","Lambert","OPI Jobs for Teachers (statewide)",2026-09-01,"OPI fallback: title + raw location + posted date (not a stable OPI ID)","fallback:opi-fallbackopi jobs for teachers (statewide)lambertmusiclambert2026-04-03#1"
"Other",2026-04-02,NA,"Superior Montana","https://apps.opi.mt.gov/mtjobsforteachers/frmJobListingPublic.aspx","Superior Montana","OPI Jobs for Teachers (statewide)",2026-09-01,"OPI fallback: title + raw location + posted date (not a stable OPI ID)","fallback:opi-fallbackopi jobs for teachers (statewide)superior montanaothersuperior montana2026-04-02#1"
"Special Education",2026-04-02,NA,"Ronan","https://apps.opi.mt.gov/mtjobsforteachers/frmJobListingPublic.aspx","Ronan","OPI Jobs for Teachers (statewide)",2026-09-01,"OPI fallback: title + raw location + posted date (not a stable OPI ID)","fallback:opi-fallbackopi jobs for teachers (statewide)ronanspecial educationronan2026-04-02#1"
"Elementary Curriculum",2026-04-01,NA,"Geraldine","https://apps.opi.mt.gov/mtjobsforteachers/frmJobListingPublic.aspx","Geraldine","OPI Jobs for Teachers (statewide)",2026-09-01,"OPI fallback: title + raw location + posted date (not a stable OPI ID)","fallback:opi-fallbackopi jobs for teachers (statewide)geraldineelementary curriculumgeraldine2026-04-01#1"
"Mathematics",2026-04-01,NA,"Missoula","https://apps.opi.mt.gov/mtjobsforteachers/frmJobListingPublic.aspx","Missoula","OPI Jobs for Teachers (statewide)",2026-09-01,"OPI fallback: title + raw location + posted date (not a stable OPI ID)","fallback:opi-fallbackopi jobs for teachers (statewide)missoulamathematicsmissoula2026-04-01#1"
"Music",2026-04-01,NA,"Missoula","https://apps.opi.mt.gov/mtjobsforteachers/frmJobListingPublic.aspx","Missoula","OPI Jobs for Teachers (statewide)",2026-09-01,"OPI fallback: title + raw location + posted date (not a stable OPI ID)","fallback:opi-fallbackopi jobs for teachers (statewide)missoulamusicmissoula2026-04-01#1"
"Music",2026-03-31,NA,"Circle","https://apps.opi.mt.gov/mtjobsforteachers/frmJobListingPublic.aspx","Circle","OPI Jobs for Teachers (statewide)",2026-09-01,"OPI fallback: title + raw location + posted date (not a stable OPI ID)","fallback:opi-fallbackopi jobs for teachers (statewide)circlemusiccircle2026-03-31#1"
"Elementary Curriculum",2026-03-31,NA,"Circle","https://apps.opi.mt.gov/mtjobsforteachers/frmJobListingPublic.aspx","Circle","OPI Jobs for Teachers (statewide)",2026-09-01,"OPI fallback: title + raw location + posted date (not a stable OPI ID)","fallback:opi-fallbackopi jobs for teachers (statewide)circleelementary curriculumcircle2026-03-31#1"
"Music",2026-03-31,NA,"Belt","https://apps.opi.mt.gov/mtjobsforteachers/frmJobListingPublic.aspx","Belt","OPI Jobs for Teachers (statewide)",2026-09-01,"OPI fallback: title + raw location + posted date (not a stable OPI ID)","fallback:opi-fallbackopi jobs for teachers (statewide)beltmusicbelt2026-03-31#1"
"Library",2026-03-31,NA,"Thompson Falls","https://apps.opi.mt.gov/mtjobsforteachers/frmJobListingPublic.aspx","Thompson Falls","OPI Jobs for Teachers (statewide)",2026-09-01,"OPI fallback: title + raw location + posted date (not a stable OPI ID)","fallback:opi-fallbackopi jobs for teachers (statewide)thompson fallslibrarythompson falls2026-03-31#1"
"Elementary Curriculum",2026-03-30,NA,"Ramsay","https://apps.opi.mt.gov/mtjobsforteachers/frmJobListingPublic.aspx","Ramsay","OPI Jobs for Teachers (statewide)",2026-09-01,"OPI fallback: title + raw location + posted date (not a stable OPI ID)","fallback:opi-fallbackopi jobs for teachers (statewide)ramsayelementary curriculumramsay2026-03-30#1"
"Elementary Curriculum",2026-03-30,NA,"Geraldine","https://apps.opi.mt.gov/mtjobsforteachers/frmJobListingPublic.aspx","Geraldine","OPI Jobs for Teachers (statewide)",2026-09-01,"OPI fallback: title + raw location + posted date (not a stable OPI ID)","fallback:opi-fallbackopi jobs for teachers (statewide)geraldineelementary curriculumgeraldine2026-03-30#1"
"Special Education",2026-03-30,NA,"Three Forks","https://apps.opi.mt.gov/mtjobsforteachers/frmJobListingPublic.aspx","Three Forks","OPI Jobs for Teachers (statewide)",2026-09-01,"OPI fallback: title + raw location + posted date (not a stable OPI ID)","fallback:opi-fallbackopi jobs for teachers (statewide)three forksspecial educationthree forks2026-03-30#1"
"Science (Broadfield)",2026-03-27,NA,"Fairview","https://apps.opi.mt.gov/mtjobsforteachers/frmJobListingPublic.aspx","Fairview","OPI Jobs for Teachers (statewide)",2026-09-01,"OPI fallback: title + raw location + posted date (not a stable OPI ID)","fallback:opi-fallbackopi jobs for teachers (statewide)fairviewscience (broadfield)fairview2026-03-27#1"
"Elementary Curriculum",2026-03-27,NA,"Fairview","https://apps.opi.mt.gov/mtjobsforteachers/frmJobListingPublic.aspx","Fairview","OPI Jobs for Teachers (statewide)",2026-09-01,"OPI fallback: title + raw location + posted date (not a stable OPI ID)","fallback:opi-fallbackopi jobs for teachers (statewide)fairviewelementary curriculumfairview2026-03-27#1"
"Elementary Curriculum",2026-03-27,NA,"Belfry","https://apps.opi.mt.gov/mtjobsforteachers/frmJobListingPublic.aspx","Belfry","OPI Jobs for Teachers (statewide)",2026-09-01,"OPI fallback: title + raw location + posted date (not a stable OPI ID)","fallback:opi-fallbackopi jobs for teachers (statewide)belfryelementary curriculumbelfry2026-03-27#1"
"CTE – Agricultural Education",2026-03-27,NA,"Custer","https://apps.opi.mt.gov/mtjobsforteachers/frmJobListingPublic.aspx","Custer","OPI Jobs for Teachers (statewide)",2026-09-01,"OPI fallback: title + raw location + posted date (not a stable OPI ID)","fallback:opi-fallbackopi jobs for teachers (statewide)custercte – agricultural educationcuster2026-03-27#1"
"Computer Science",2026-03-26,NA,"Shepherd","https://apps.opi.mt.gov/mtjobsforteachers/frmJobListingPublic.aspx","Shepherd","OPI Jobs for Teachers (statewide)",2026-09-01,"OPI fallback: title + raw location + posted date (not a stable OPI ID)","fallback:opi-fallbackopi jobs for teachers (statewide)shepherdcomputer scienceshepherd2026-03-26#1"
"School Counseling",2026-03-26,NA,"Wibaux","https://apps.opi.mt.gov/mtjobsforteachers/frmJobListingPublic.aspx","Wibaux","OPI Jobs for Teachers (statewide)",2026-09-01,"OPI fallback: title + raw location + posted date (not a stable OPI ID)","fallback:opi-fallbackopi jobs for teachers (statewide)wibauxschool counselingwibaux2026-03-26#1"
"Elementary Curriculum",2026-03-26,NA,"Choteau","https://apps.opi.mt.gov/mtjobsforteachers/frmJobListingPublic.aspx","Choteau","OPI Jobs for Teachers (statewide)",2026-09-01,"OPI fallback: title + raw location + posted date (not a stable OPI ID)","fallback:opi-fallbackopi jobs for teachers (statewide)choteauelementary curriculumchoteau2026-03-26#1"
"Elementary Curriculum",2026-03-26,NA,"Ramsay","https://apps.opi.mt.gov/mtjobsforteachers/frmJobListingPublic.aspx","Ramsay","OPI Jobs for Teachers (statewide)",2026-09-01,"OPI fallback: title + raw location + posted date (not a stable OPI ID)","fallback:opi-fallbackopi jobs for teachers (statewide)ramsayelementary curriculumramsay2026-03-26#1"
"Elementary Curriculum",2026-03-26,NA,"St. Ignatius - 40 miles North of Missoula!","https://apps.opi.mt.gov/mtjobsforteachers/frmJobListingPublic.aspx","St. Ignatius - 40 miles North of Missoula!","OPI Jobs for Teachers (statewide)",2026-09-01,"OPI fallback: title + raw location + posted date (not a stable OPI ID)","fallback:opi-fallbackopi jobs for teachers (statewide)st. ignatius - 40 miles north of missoula!elementary curriculumst. ignatius - 40 miles north of missoula!2026-03-26#1"
"English",2026-03-25,NA,"Chinook","https://apps.opi.mt.gov/mtjobsforteachers/frmJobListingPublic.aspx","Chinook","OPI Jobs for Teachers (statewide)",2026-09-01,"OPI fallback: title + raw location + posted date (not a stable OPI ID)","fallback:opi-fallbackopi jobs for teachers (statewide)chinookenglishchinook2026-03-25#1"
"Elementary Curriculum",2026-03-24,NA,"Dodson","https://apps.opi.mt.gov/mtjobsforteachers/frmJobListingPublic.aspx","Dodson","OPI Jobs for Teachers (statewide)",2026-09-01,"OPI fallback: title + raw location + posted date (not a stable OPI ID)","fallback:opi-fallbackopi jobs for teachers (statewide)dodsonelementary curriculumdodson2026-03-24#1"
"Mathematics",2026-03-24,NA,"Hysham","https://apps.opi.mt.gov/mtjobsforteachers/frmJobListingPublic.aspx","Hysham","OPI Jobs for Teachers (statewide)",2026-09-01,"OPI fallback: title + raw location + posted date (not a stable OPI ID)","fallback:opi-fallbackopi jobs for teachers (statewide)hyshammathematicshysham2026-03-24#1"
"Elementary Curriculum",2026-03-24,NA,"Lambert","https://apps.opi.mt.gov/mtjobsforteachers/frmJobListingPublic.aspx","Lambert","OPI Jobs for Teachers (statewide)",2026-09-01,"OPI fallback: title + raw location + posted date (not a stable OPI ID)","fallback:opi-fallbackopi jobs for teachers (statewide)lambertelementary curriculumlambert2026-03-24#1"
"Special Education",2026-03-23,NA,"Opheim","https://apps.opi.mt.gov/mtjobsforteachers/frmJobListingPublic.aspx","Opheim","OPI Jobs for Teachers (statewide)",2026-09-01,"OPI fallback: title + raw location + posted date (not a stable OPI ID)","fallback:opi-fallbackopi jobs for teachers (statewide)opheimspecial educationopheim2026-03-23#1"
"Elementary Curriculum",2026-03-23,NA,"Geraldine","https://apps.opi.mt.gov/mtjobsforteachers/frmJobListingPublic.aspx","Geraldine","OPI Jobs for Teachers (statewide)",2026-09-01,"OPI fallback: title + raw location + posted date (not a stable OPI ID)","fallback:opi-fallbackopi jobs for teachers (statewide)geraldineelementary curriculumgeraldine2026-03-23#1"
"Physical Ed",2026-03-23,NA,"Moore","https://apps.opi.mt.gov/mtjobsforteachers/frmJobListingPublic.aspx","Moore","OPI Jobs for Teachers (statewide)",2026-09-01,"OPI fallback: title + raw location + posted date (not a stable OPI ID)","fallback:opi-fallbackopi jobs for teachers (statewide)moorephysical edmoore2026-03-23#1"
"Elementary Curriculum",2026-03-23,NA,"Moore","https://apps.opi.mt.gov/mtjobsforteachers/frmJobListingPublic.aspx","Moore","OPI Jobs for Teachers (statewide)",2026-09-01,"OPI fallback: title + raw location + posted date (not a stable OPI ID)","fallback:opi-fallbackopi jobs for teachers (statewide)mooreelementary curriculummoore2026-03-23#1"
"School Counseling",2026-03-19,NA,"Sunburst","https://apps.opi.mt.gov/mtjobsforteachers/frmJobListingPublic.aspx","Sunburst","OPI Jobs for Teachers (statewide)",2026-09-01,"OPI fallback: title + raw location + posted date (not a stable OPI ID)","fallback:opi-fallbackopi jobs for teachers (statewide)sunburstschool counselingsunburst2026-03-19#1"
"Elementary Curriculum",2026-03-19,NA,"Ramsay","https://apps.opi.mt.gov/mtjobsforteachers/frmJobListingPublic.aspx","Ramsay","OPI Jobs for Teachers (statewide)",2026-09-01,"OPI fallback: title + raw location + posted date (not a stable OPI ID)","fallback:opi-fallbackopi jobs for teachers (statewide)ramsayelementary curriculumramsay2026-03-19#1"
"Elementary Curriculum",2026-03-19,NA,"Geraldine","https://apps.opi.mt.gov/mtjobsforteachers/frmJobListingPublic.aspx","Geraldine","OPI Jobs for Teachers (statewide)",2026-09-01,"OPI fallback: title + raw location + posted date (not a stable OPI ID)","fallback:opi-fallbackopi jobs for teachers (statewide)geraldineelementary curriculumgeraldine2026-03-19#1"
"Instructional Coach",2026-03-19,NA,"Kalispell","https://apps.opi.mt.gov/mtjobsforteachers/frmJobListingPublic.aspx","Kalispell","OPI Jobs for Teachers (statewide)",2026-09-01,"OPI fallback: title + raw location + posted date (not a stable OPI ID)","fallback:opi-fallbackopi jobs for teachers (statewide)kalispellinstructional coachkalispell2026-03-19#1"
"School Counseling",2026-03-18,NA,"Conrad","https://apps.opi.mt.gov/mtjobsforteachers/frmJobListingPublic.aspx","Conrad","OPI Jobs for Teachers (statewide)",2026-09-01,"OPI fallback: title + raw location + posted date (not a stable OPI ID)","fallback:opi-fallbackopi jobs for teachers (statewide)conradschool counselingconrad2026-03-18#1"
"School Counseling",2026-03-18,NA,"Charlo","https://apps.opi.mt.gov/mtjobsforteachers/frmJobListingPublic.aspx","Charlo","OPI Jobs for Teachers (statewide)",2026-09-01,"OPI fallback: title + raw location + posted date (not a stable OPI ID)","fallback:opi-fallbackopi jobs for teachers (statewide)charloschool counselingcharlo2026-03-18#1"
"Elementary Curriculum",2026-03-18,NA,"Geraldine","https://apps.opi.mt.gov/mtjobsforteachers/frmJobListingPublic.aspx","Geraldine","OPI Jobs for Teachers (statewide)",2026-09-01,"OPI fallback: title + raw location + posted date (not a stable OPI ID)","fallback:opi-fallbackopi jobs for teachers (statewide)geraldineelementary curriculumgeraldine2026-03-18#1"
"Other",2026-03-17,NA,"Plentywood, MT","https://apps.opi.mt.gov/mtjobsforteachers/frmJobListingPublic.aspx","Plentywood, MT","OPI Jobs for Teachers (statewide)",2026-09-01,"OPI fallback: title + raw location + posted date (not a stable OPI ID)","fallback:opi-fallbackopi jobs for teachers (statewide)plentywood, mtotherplentywood, mt2026-03-17#1"
"English",2026-03-17,NA,"Plentywood, MT","https://apps.opi.mt.gov/mtjobsforteachers/frmJobListingPublic.aspx","Plentywood, MT","OPI Jobs for Teachers (statewide)",2026-09-01,"OPI fallback: title + raw location + posted date (not a stable OPI ID)","fallback:opi-fallbackopi jobs for teachers (statewide)plentywood, mtenglishplentywood, mt2026-03-17#1"
"Mathematics",2026-03-17,NA,"Plentywood, MT","https://apps.opi.mt.gov/mtjobsforteachers/frmJobListingPublic.aspx","Plentywood, MT","OPI Jobs for Teachers (statewide)",2026-09-01,"OPI fallback: title + raw location + posted date (not a stable OPI ID)","fallback:opi-fallbackopi jobs for teachers (statewide)plentywood, mtmathematicsplentywood, mt2026-03-17#1"
"Social Studies (Broadfield)",2026-03-17,NA,"Charlo","https://apps.opi.mt.gov/mtjobsforteachers/frmJobListingPublic.aspx","Charlo","OPI Jobs for Teachers (statewide)",2026-09-01,"OPI fallback: title + raw location + posted date (not a stable OPI ID)","fallback:opi-fallbackopi jobs for teachers (statewide)charlosocial studies (broadfield)charlo2026-03-17#1"
"English",2026-03-17,NA,"Plentywood, MT","https://apps.opi.mt.gov/mtjobsforteachers/frmJobListingPublic.aspx","Plentywood, MT","OPI Jobs for Teachers (statewide)",2026-09-01,"OPI fallback: title + raw location + posted date (not a stable OPI ID)","fallback:opi-fallbackopi jobs for teachers (statewide)plentywood, mtenglishplentywood, mt2026-03-17#2"
"Social Studies (Broadfield)",2026-03-16,NA,"Plevna, Montana","https://apps.opi.mt.gov/mtjobsforteachers/frmJobListingPublic.aspx","Plevna, Montana","OPI Jobs for Teachers (statewide)",2026-09-01,"OPI fallback: title + raw location + posted date (not a stable OPI ID)","fallback:opi-fallbackopi jobs for teachers (statewide)plevna, montanasocial studies (broadfield)plevna, montana2026-03-16#1"
"Art",2026-03-16,NA,"Sheridan, MT","https://apps.opi.mt.gov/mtjobsforteachers/frmJobListingPublic.aspx","Sheridan, MT","OPI Jobs for Teachers (statewide)",2026-09-01,"OPI fallback: title + raw location + posted date (not a stable OPI ID)","fallback:opi-fallbackopi jobs for teachers (statewide)sheridan, mtartsheridan, mt2026-03-16#1"
"CTE – Family and Consumer Sciences",2026-03-16,NA,"Sheridan, MT","https://apps.opi.mt.gov/mtjobsforteachers/frmJobListingPublic.aspx","Sheridan, MT","OPI Jobs for Teachers (statewide)",2026-09-01,"OPI fallback: title + raw location + posted date (not a stable OPI ID)","fallback:opi-fallbackopi jobs for teachers (statewide)sheridan, mtcte – family and consumer sciencessheridan, mt2026-03-16#1"
"Elementary Curriculum",2026-03-16,NA,"Bainville","https://apps.opi.mt.gov/mtjobsforteachers/frmJobListingPublic.aspx","Bainville","OPI Jobs for Teachers (statewide)",2026-09-01,"OPI fallback: title + raw location + posted date (not a stable OPI ID)","fallback:opi-fallbackopi jobs for teachers (statewide)bainvilleelementary curriculumbainville2026-03-16#1"
"Art",2026-03-16,NA,"Bainville","https://apps.opi.mt.gov/mtjobsforteachers/frmJobListingPublic.aspx","Bainville","OPI Jobs for Teachers (statewide)",2026-09-01,"OPI fallback: title + raw location + posted date (not a stable OPI ID)","fallback:opi-fallbackopi jobs for teachers (statewide)bainvilleartbainville2026-03-16#1"
"Elementary Curriculum",2026-03-16,NA,"St. Ignatius - 40 miles North of Missoula!","https://apps.opi.mt.gov/mtjobsforteachers/frmJobListingPublic.aspx","St. Ignatius - 40 miles North of Missoula!","OPI Jobs for Teachers (statewide)",2026-09-01,"OPI fallback: title + raw location + posted date (not a stable OPI ID)","fallback:opi-fallbackopi jobs for teachers (statewide)st. ignatius - 40 miles north of missoula!elementary curriculumst. ignatius - 40 miles north of missoula!2026-03-16#1"
"Art",2026-03-16,NA,"Belgrade","https://apps.opi.mt.gov/mtjobsforteachers/frmJobListingPublic.aspx","Belgrade","OPI Jobs for Teachers (statewide)",2026-09-01,"OPI fallback: title + raw location + posted date (not a stable OPI ID)","fallback:opi-fallbackopi jobs for teachers (statewide)belgradeartbelgrade2026-03-16#1"
"Music",2026-03-15,NA,"Fromberg","https://apps.opi.mt.gov/mtjobsforteachers/frmJobListingPublic.aspx","Fromberg","OPI Jobs for Teachers (statewide)",2026-09-01,"OPI fallback: title + raw location + posted date (not a stable OPI ID)","fallback:opi-fallbackopi jobs for teachers (statewide)frombergmusicfromberg2026-03-15#1"
"CTE – Family and Consumer Sciences",2026-03-15,NA,"Fromberg","https://apps.opi.mt.gov/mtjobsforteachers/frmJobListingPublic.aspx","Fromberg","OPI Jobs for Teachers (statewide)",2026-09-01,"OPI fallback: title + raw location + posted date (not a stable OPI ID)","fallback:opi-fallbackopi jobs for teachers (statewide)frombergcte – family and consumer sciencesfromberg2026-03-15#1"
"Elementary Curriculum",2026-03-15,NA,"Fromberg","https://apps.opi.mt.gov/mtjobsforteachers/frmJobListingPublic.aspx","Fromberg","OPI Jobs for Teachers (statewide)",2026-09-01,"OPI fallback: title + raw location + posted date (not a stable OPI ID)","fallback:opi-fallbackopi jobs for teachers (statewide)frombergelementary curriculumfromberg2026-03-15#1"
"Music",2026-03-15,NA,"Fromberg","https://apps.opi.mt.gov/mtjobsforteachers/frmJobListingPublic.aspx","Fromberg","OPI Jobs for Teachers (statewide)",2026-09-01,"OPI fallback: title + raw location + posted date (not a stable OPI ID)","fallback:opi-fallbackopi jobs for teachers (statewide)frombergmusicfromberg2026-03-15#2"
"English",2026-03-15,NA,"Fromberg","https://apps.opi.mt.gov/mtjobsforteachers/frmJobListingPublic.aspx","Fromberg","OPI Jobs for Teachers (statewide)",2026-09-01,"OPI fallback: title + raw location + posted date (not a stable OPI ID)","fallback:opi-fallbackopi jobs for teachers (statewide)frombergenglishfromberg2026-03-15#1"
"Speech-Language Pathologist",2026-03-13,NA,"Polson","https://apps.opi.mt.gov/mtjobsforteachers/frmJobListingPublic.aspx","Polson","OPI Jobs for Teachers (statewide)",2026-09-01,"OPI fallback: title + raw location + posted date (not a stable OPI ID)","fallback:opi-fallbackopi jobs for teachers (statewide)polsonspeech-language pathologistpolson2026-03-13#1"
"Music",2026-03-11,NA,"Great Falls","https://apps.opi.mt.gov/mtjobsforteachers/frmJobListingPublic.aspx","Great Falls","OPI Jobs for Teachers (statewide)",2026-09-01,"OPI fallback: title + raw location + posted date (not a stable OPI ID)","fallback:opi-fallbackopi jobs for teachers (statewide)great fallsmusicgreat falls2026-03-11#1"
"Elementary Curriculum",2026-03-11,NA,"RUDYARD","https://apps.opi.mt.gov/mtjobsforteachers/frmJobListingPublic.aspx","RUDYARD","OPI Jobs for Teachers (statewide)",2026-09-01,"OPI fallback: title + raw location + posted date (not a stable OPI ID)","fallback:opi-fallbackopi jobs for teachers (statewide)rudyardelementary curriculumrudyard2026-03-11#1"
"Music",2026-03-11,NA,"Sheridan, MT","https://apps.opi.mt.gov/mtjobsforteachers/frmJobListingPublic.aspx","Sheridan, MT","OPI Jobs for Teachers (statewide)",2026-09-01,"OPI fallback: title + raw location + posted date (not a stable OPI ID)","fallback:opi-fallbackopi jobs for teachers (statewide)sheridan, mtmusicsheridan, mt2026-03-11#1"
"Reading",2026-03-11,NA,"Lodge Grass","https://apps.opi.mt.gov/mtjobsforteachers/frmJobListingPublic.aspx","Lodge Grass","OPI Jobs for Teachers (statewide)",2026-09-01,"OPI fallback: title + raw location + posted date (not a stable OPI ID)","fallback:opi-fallbackopi jobs for teachers (statewide)lodge grassreadinglodge grass2026-03-11#1"
"Elementary Curriculum",2026-03-10,NA,"Big Sky","https://apps.opi.mt.gov/mtjobsforteachers/frmJobListingPublic.aspx","Big Sky","OPI Jobs for Teachers (statewide)",2026-09-01,"OPI fallback: title + raw location + posted date (not a stable OPI ID)","fallback:opi-fallbackopi jobs for teachers (statewide)big skyelementary curriculumbig sky2026-03-10#1"
"English",2026-03-06,NA,"MELSTONE","https://apps.opi.mt.gov/mtjobsforteachers/frmJobListingPublic.aspx","MELSTONE","OPI Jobs for Teachers (statewide)",2026-09-01,"OPI fallback: title + raw location + posted date (not a stable OPI ID)","fallback:opi-fallbackopi jobs for teachers (statewide)melstoneenglishmelstone2026-03-06#1"
"English",2026-03-06,NA,"MELSTONE","https://apps.opi.mt.gov/mtjobsforteachers/frmJobListingPublic.aspx","MELSTONE","OPI Jobs for Teachers (statewide)",2026-09-01,"OPI fallback: title + raw location + posted date (not a stable OPI ID)","fallback:opi-fallbackopi jobs for teachers (statewide)melstoneenglishmelstone2026-03-06#2"
